timestamp,symbol,option_type,strike,expiry,bid,ask,last,volume,open_interest,impliedVolatility,pchangeinOpenInterest,totalBuyQuantity,totalSellQuantity,underlyingValue,underlying,identifier,pChange
6/18/25 12:00,BANKNIFTY.NSE.OPT.26Jun2025.40500.CALL,CALL,40500,26-Jun-25,15198.151128500605,15620.366771817726,15149.69827987147,33,5,19.78589168849317,-7.483162299,1483,1728,,,,0.5961395680525068
6/18/25 12:00,BANKNIFTY.NSE.OPT.26Jun2025.42000.CALL,CALL,42000,26-Jun-25,13507.316195115778,13969.26590318265,14118.11133761373,39,0,22.50990942418031,7.730327925230384,9745,1222,,,,1.4019203868354078
6/18/25 12:00,BANKNIFTY.NSE.OPT.26Jun2025.42500.CALL,CALL,42500,26-Jun-25,12645.381649373856,13795.545499844553,11147.334236800456,99,1,15.717886093432544,0.20669511363900206,8834,6478,,,,1.1224515521654594
6/18/25 12:00,BANKNIFTY.NSE.OPT.26Jun2025.43000.CALL,CALL,43000,26-Jun-25,12546.015855431877,13151.825559488532,13129.042151172085,9,110,29.26761235520649,9.796851411924042,8510,4982,,,,1.7822308847260242
6/18/25 12:00,BANKNIFTY.NSE.OPT.26Jun2025.43500.CALL,CALL,43500,26-Jun-25,11678.17023100902,12499.037095830397,11394.564208388148,25,0,34.46903410038722,-7.572535287,7240,1557,,,,1.549951781066646
6/18/25 12:00,BANKNIFTY.NSE.OPT.26Jun2025.44000.CALL,CALL,44000,26-Jun-25,11649.855592487922,11798.229821366669,12272.707431192008,78,36,22.37163616864082,6.3951320131451865,1863,8191,,,,-1.220198055
6/18/25 12:00,BANKNIFTY.NSE.OPT.26Jun2025.44500.CALL,CALL,44500,26-Jun-25,10767.042118823454,11661.893656487491,11101.447132249294,7,3,26.048801100175623,3.213287844843677,2269,4254,,,,0.9387064839213819
6/18/25 12:00,BANKNIFTY.NSE.OPT.26Jun2025.44900.CALL,CALL,44900,26-Jun-25,10530.58421556523,10940.596686246574,9343.619715172068,95,1,31.773995252065173,-4.574696561,3590,8782,,,,-0.834471961
6/18/25 12:00,BANKNIFTY.NSE.OPT.26Jun2025.45000.CALL,CALL,45000,26-Jun-25,10766.850743858808,10705.186388023993,11176.010987049714,86,2020,34.81077535460538,7.846498368577819,3868,2659,,,,-1.890213985
6/18/25 12:00,BANKNIFTY.NSE.OPT.26Jun2025.45100.CALL,CALL,45100,26-Jun-25,10343.540872517833,11119.06700411934,9200.778571917652,95,2,32.189965498629455,-3.740452859,5479,3140,,,,-1.282833827
6/18/25 12:00,BANKNIFTY.NSE.OPT.26Jun2025.45200.CALL,CALL,45200,26-Jun-25,10059.46079303307,10800.584985665791,9070.328312312377,4,2,33.09103658,4.690562913580305,7424,7249,,,,-1.554786422
6/18/25 12:00,BANKNIFTY.NSE.OPT.26Jun2025.45300.CALL,CALL,45300,26-Jun-25,10000.142321682724,10889.842811896344,8521.376389378991,20,3,33.965982990175036,-4.984547117,8253,3582,,,,0.7257713361962637
6/18/25 12:00,BANKNIFTY.NSE.OPT.26Jun2025.45400.CALL,CALL,45400,26-Jun-25,9964.369274,10460.10980564621,8563.970121824703,0,3,24.595128437529766,-2.300017785,3373,2609,,,,1.1914393184000036
6/18/25 12:00,BANKNIFTY.NSE.OPT.26Jun2025.45500.CALL,CALL,45500,26-Jun-25,9888.002955,10476.60066,5282.7209932687265,69,1,16.366961709422995,-8.027410793,9564,4451,,,,1.0246528362171587
6/18/25 12:00,BANKNIFTY.NSE.OPT.26Jun2025.45600.CALL,CALL,45600,26-Jun-25,9945.601752613307,10454.58822345774,8549.249664202935,60,4,30.99689701367614,-0.688039579,2036,4416,,,,-1.243437205
6/18/25 12:00,BANKNIFTY.NSE.OPT.26Jun2025.45700.CALL,CALL,45700,26-Jun-25,9635.998401293835,10395.58292591129,8507.408580743268,15,3,30.393875650222085,-6.772441139,1552,9178,,,,1.711436800928793
6/18/25 12:00,BANKNIFTY.NSE.OPT.26Jun2025.45800.CALL,CALL,45800,26-Jun-25,9627.915770066338,10137.97213,8309.473150821757,79,4,26.109459765232256,9.346955699249538,1267,2674,,,,-0.390598136
6/18/25 12:00,BANKNIFTY.NSE.OPT.26Jun2025.45900.CALL,CALL,45900,26-Jun-25,9434.766287146844,10118.495398609575,8303.110793,0,4,15.434822282227994,-1.993376328,9943,5186,,,,-1.052313038
6/18/25 12:00,BANKNIFTY.NSE.OPT.26Jun2025.46000.CALL,CALL,46000,26-Jun-25,9623.335571,9870.574349014823,10018.116139473961,89,431,22.45826544601374,8.409445125997543,8265,9041,,,,1.5523637900119405
6/18/25 12:00,BANKNIFTY.NSE.OPT.26Jun2025.46100.CALL,CALL,46100,26-Jun-25,9203.088522388929,9858.004179842463,8237.515963426444,35,3,22.891320460994088,-5.585746364,7916,7576,,,,1.4785972345514473
6/18/25 12:00,BANKNIFTY.NSE.OPT.26Jun2025.46200.CALL,CALL,46200,26-Jun-25,9278.559769241534,10009.150005689498,7745.262525162501,14,4,32.247620881722995,-3.402558195,5912,8528,,,,-0.026146659
6/18/25 12:00,BANKNIFTY.NSE.OPT.26Jun2025.46300.CALL,CALL,46300,26-Jun-25,9280.618155,9791.535762237345,9412.343410935377,98,10,27.867857820301715,-5.78253379,5370,7511,,,,-1.143233136
6/18/25 12:00,BANKNIFTY.NSE.OPT.26Jun2025.46400.CALL,CALL,46400,26-Jun-25,8855.464262685155,9679.364254838141,7626.609611992348,73,3,28.257893419816824,9.167973277496372,7682,9154,,,,-1.498146609
6/18/25 12:00,BANKNIFTY.NSE.OPT.26Jun2025.46500.CALL,CALL,46500,26-Jun-25,9205.864052263818,9616.210496815198,8836.697905338924,0,9,16.690066957960674,-1.35045465,3751,6621,,,,-0.29045643
6/18/25 12:00,BANKNIFTY.NSE.OPT.26Jun2025.46600.CALL,CALL,46600,26-Jun-25,8713.879346,9672.256835652952,4316.453645847735,0,0,29.76720377883075,8.662712272108834,4286,7190,,,,-0.396335416
6/18/25 12:00,BANKNIFTY.NSE.OPT.26Jun2025.46700.CALL,CALL,46700,26-Jun-25,8983.946868,9714.061134,4230.509212315145,33,0,24.76754682146627,-9.60441799,9302,8424,,,,0.11727976768465354
6/18/25 12:00,BANKNIFTY.NSE.OPT.26Jun2025.46800.CALL,CALL,46800,26-Jun-25,8495.944488148953,9467.228372151612,4098.426447173208,68,0,26.860682244036855,2.6203469462885884,6076,3585,,,,-1.558541175
6/18/25 12:00,BANKNIFTY.NSE.OPT.26Jun2025.46900.CALL,CALL,46900,26-Jun-25,8514.306060521734,9224.524431517897,3995.634130033948,63,1,25.353340667683543,1.0804130502541494,8277,9118,,,,0.005039959
6/18/25 12:00,BANKNIFTY.NSE.OPT.26Jun2025.47000.CALL,CALL,47000,26-Jun-25,8570.302257838883,8952.058038030438,8938.598903430533,42,327,29.89365994567906,-1.783827778,7926,2470,,,,-0.914197875
6/18/25 12:00,BANKNIFTY.NSE.OPT.26Jun2025.47100.CALL,CALL,47100,26-Jun-25,8541.568676412682,9095.126092748562,3977.959495,46,5,25.808996375755292,8.130366829358039,2494,9866,,,,0.5312072094262885
6/18/25 12:00,BANKNIFTY.NSE.OPT.26Jun2025.47200.CALL,CALL,47200,26-Jun-25,8319.606719761285,8902.964949933516,8354.736826411116,80,2,28.081890536034646,-3.478893031,6290,1633,,,,0.9215932843911885
6/18/25 12:00,BANKNIFTY.NSE.OPT.26Jun2025.47300.CALL,CALL,47300,26-Jun-25,8433.934968830761,8798.469840129143,8764.67165,24,5,16.77816486836228,-3.376785949,7749,9434,,,,0.555729267
6/18/25 12:00,BANKNIFTY.NSE.OPT.26Jun2025.47400.CALL,CALL,47400,26-Jun-25,8253.979392515266,8637.653720638098,7155.487416041558,20,2,15.617729522660104,8.72149999,9836,1585,,,,-0.27410532
6/18/25 12:00,BANKNIFTY.NSE.OPT.26Jun2025.47500.CALL,CALL,47500,26-Jun-25,8042.745080197179,8619.111760049864,9609.325199454071,19,3,15.348313454516664,-4.233914793,2115,8949,,,,-0.662891198
6/18/25 12:00,BANKNIFTY.NSE.OPT.26Jun2025.47600.CALL,CALL,47600,26-Jun-25,7984.115165,8416.130212649483,4713.200641997015,23,1,17.65354920954672,-1.178379829,7055,8740,,,,0.8862277179374973
6/18/25 12:00,BANKNIFTY.NSE.OPT.26Jun2025.47700.CALL,CALL,47700,26-Jun-25,7817.084013408158,8337.448223650952,4552.143193004368,24,1,32.547747221200936,5.827622808345378,5458,1228,,,,1.8990037464797145
6/18/25 12:00,BANKNIFTY.NSE.OPT.26Jun2025.47800.CALL,CALL,47800,26-Jun-25,7556.960978059009,8253.679741631227,4694.638213679586,94,2,28.66030714076522,9.966750003751784,1103,5312,,,,1.813650857435634
6/18/25 12:00,BANKNIFTY.NSE.OPT.26Jun2025.47900.CALL,CALL,47900,26-Jun-25,7418.6668228026565,8089.763709675838,4474.772536009222,44,2,16.093136543162252,-9.00906733,1218,5646,,,,0.48897401973144206
6/18/25 12:00,BANKNIFTY.NSE.OPT.26Jun2025.48000.CALL,CALL,48000,26-Jun-25,7942.348777496252,7781.553632199679,7994.447953140932,78,860,25.43309430716782,6.316804390182146,5300,1607,,,,-0.790702592
6/18/25 12:00,BANKNIFTY.NSE.OPT.26Jun2025.48100.CALL,CALL,48100,26-Jun-25,7339.261721724927,7951.268815895425,4324.688109,25,2,29.03948598646635,6.990455803361847,2778,7240,,,,-0.254376505
6/18/25 12:00,BANKNIFTY.NSE.OPT.26Jun2025.48200.CALL,CALL,48200,26-Jun-25,7434.637143,7717.787031920486,4377.250222082932,49,2,25.973391477594987,-9.020175454,2777,4862,,,,-1.957132625
6/18/25 12:00,BANKNIFTY.NSE.OPT.26Jun2025.48300.CALL,CALL,48300,26-Jun-25,7317.536029559059,7657.9638118146695,7378.820067740601,12,2,23.528507741586555,6.592813110658284,3292,9456,,,,-0.103412925
6/18/25 12:00,BANKNIFTY.NSE.OPT.26Jun2025.48400.CALL,CALL,48400,26-Jun-25,7403.482421414132,7696.888701709756,7506.299855904829,48,3,20.130826501418934,5.145529348229562,5744,6217,,,,-1.28904168
6/18/25 12:00,BANKNIFTY.NSE.OPT.26Jun2025.48500.CALL,CALL,48500,26-Jun-25,7346.680307574034,7593.7093010862445,7162.0955076509235,52,41,16.88733423866904,-3.738170207,9439,4974,,,,1.9472106994256038
6/18/25 12:00,BANKNIFTY.NSE.OPT.26Jun2025.48600.CALL,CALL,48600,26-Jun-25,6837.566380033669,7295.660186472406,7143.331111133196,58,4,21.612700204964522,-2.737954946,5114,4791,,,,-1.377837277
6/18/25 12:00,BANKNIFTY.NSE.OPT.26Jun2025.48700.CALL,CALL,48700,26-Jun-25,6753.246593966048,7651.9458632425785,7197.355519810035,11,3,30.752014719334525,-6.280293936,5646,4909,,,,1.5721420483411133
6/18/25 12:00,BANKNIFTY.NSE.OPT.26Jun2025.48800.CALL,CALL,48800,26-Jun-25,6857.630354606071,7371.314622866707,6794.605960747388,11,4,15.962885251409132,-2.4617989,7349,5461,,,,1.263608422143899
6/18/25 12:00,BANKNIFTY.NSE.OPT.26Jun2025.48900.CALL,CALL,48900,26-Jun-25,6818.500500069362,7146.417147118371,6747.092547035578,82,1,25.65366631,-5.866746851,5875,8192,,,,0.4303317612226891
6/18/25 12:00,BANKNIFTY.NSE.OPT.26Jun2025.49000.CALL,CALL,49000,26-Jun-25,6757.368308645617,6850.187649396363,6937.431491927655,148,1644,15.414599943462921,7.195343262274893,1800,6185,,,,1.7137985100847124
6/18/25 12:00,BANKNIFTY.NSE.OPT.26Jun2025.49100.CALL,CALL,49100,26-Jun-25,6372.705094749039,7038.5155016886965,6473.643388096635,31,1,26.450722105221814,-0.883882164,9553,1434,,,,-0.316125527
6/18/25 12:00,BANKNIFTY.NSE.OPT.26Jun2025.49200.CALL,CALL,49200,26-Jun-25,6574.893855804939,6925.516474757474,6704.202127966692,14,15,31.357273912432824,-9.300628325,5523,4072,,,,1.347224230994419
6/18/25 12:00,BANKNIFTY.NSE.OPT.26Jun2025.49300.CALL,CALL,49300,26-Jun-25,5950.370512643988,6886.079961325003,6746.953053378201,86,34,21.125712704311848,4.072969474932586,4175,7021,,,,1.9113143560457178
6/18/25 12:00,BANKNIFTY.NSE.OPT.26Jun2025.49400.CALL,CALL,49400,26-Jun-25,6248.118423202709,6680.962252902067,6422.716656911013,47,1,27.488918625492317,8.581561587,3652,5368,,,,1.4811887709068552
6/18/25 12:00,BANKNIFTY.NSE.OPT.26Jun2025.49500.CALL,CALL,49500,26-Jun-25,6325.355344250244,6505.306809555838,6299.210723,75,433,32.40634725863548,-0.241739086,7234,7747,,,,1.1883984312993525
6/18/25 12:00,BANKNIFTY.NSE.OPT.26Jun2025.49600.CALL,CALL,49600,26-Jun-25,5961.9667500119385,6435.172785796522,6518.239707397277,41,2,27.304431697011207,5.324247405802041,4574,4248,,,,1.565146398381899
6/18/25 12:00,BANKNIFTY.NSE.OPT.26Jun2025.49700.CALL,CALL,49700,26-Jun-25,5789.173412792531,6541.516292570059,6149.025862938674,35,0,15.31609880125798,-2.961103339,2613,7255,,,,0.088180907
6/18/25 12:00,BANKNIFTY.NSE.OPT.26Jun2025.49800.CALL,CALL,49800,26-Jun-25,5704.235073958569,6151.200861128221,5861.5146754832795,91,58,25.87990731516018,8.967025462477238,8430,6464,,,,0.938825435
6/18/25 12:00,BANKNIFTY.NSE.OPT.26Jun2025.49900.CALL,CALL,49900,26-Jun-25,5628.736037881616,6174.192517,6049.174616504125,31,1,21.674654523806815,3.6539194971093423,2444,9504,,,,1.789187485489161
6/18/25 12:00,BANKNIFTY.NSE.OPT.26Jun2025.50000.CALL,CALL,50000,26-Jun-25,5780.377712787494,5933.300271113056,5738.958926,93,5103,21.54125249072922,9.587982350123418,4697,3413,,,,-1.217375785
6/18/25 12:00,BANKNIFTY.NSE.OPT.26Jun2025.50100.CALL,CALL,50100,26-Jun-25,5737.606218399556,5902.1643359747195,5869.529236361313,42,6,33.219657271178846,7.041851713137625,8759,4813,,,,-1.382611601
6/18/25 12:00,BANKNIFTY.NSE.OPT.26Jun2025.50200.CALL,CALL,50200,26-Jun-25,5539.943998910351,5850.014164184201,5368.112962216649,96,21,25.417379221766172,-2.680660934,3861,5205,,,,1.4389541120141551
6/18/25 12:00,BANKNIFTY.NSE.OPT.26Jun2025.50300.CALL,CALL,50300,26-Jun-25,5461.402758412838,5691.454114319546,5194.040262206795,38,12,21.485567962427268,9.959290007730267,1096,4574,,,,-1.009970619
6/18/25 12:00,BANKNIFTY.NSE.OPT.26Jun2025.50400.CALL,CALL,50400,26-Jun-25,5282.506547892795,5720.647393882734,5198.271599094642,59,41,33.77652299914419,-8.522084824,7550,8255,,,,-1.772246987
6/18/25 12:00,BANKNIFTY.NSE.OPT.26Jun2025.50500.CALL,CALL,50500,26-Jun-25,5316.969317801253,5494.906701447981,5497.4118340347695,95,288,18.82853986148422,3.0876551678210404,4317,7880,,,,-0.442635871
6/18/25 12:00,BANKNIFTY.NSE.OPT.26Jun2025.50600.CALL,CALL,50600,26-Jun-25,5124.801955903676,5502.798136,5089.572066730781,64,53,18.282579349040034,6.494013786722238,8989,9380,,,,-0.382673479
6/18/25 12:00,BANKNIFTY.NSE.OPT.26Jun2025.50700.CALL,CALL,50700,26-Jun-25,5105.510583968388,5221.188660378145,5044.041236604138,93,15,30.789761388229216,8.666391832,5963,5850,,,,-1.709318872
6/18/25 12:00,BANKNIFTY.NSE.OPT.26Jun2025.50800.CALL,CALL,50800,26-Jun-25,4867.286318011544,5125.245302006573,5082.4810170639375,90,16,18.79718559,2.1820029086478954,2372,7774,,,,-1.262403703
6/18/25 12:00,BANKNIFTY.NSE.OPT.26Jun2025.50900.CALL,CALL,50900,26-Jun-25,4814.681741079352,5078.379204743539,4721.645139491901,34,27,34.53348683825048,-9.993003699,2229,8416,,,,-1.952856959
6/18/25 12:00,BANKNIFTY.NSE.OPT.26Jun2025.51000.CALL,CALL,51000,26-Jun-25,4754.433012648334,4847.482486943944,5030.909398502138,70,2705,20.357945781642453,5.248352457403671,1255,6656,,,,0.7455081826643841
6/18/25 12:00,BANKNIFTY.NSE.OPT.26Jun2025.51100.CALL,CALL,51100,26-Jun-25,4726.666831248895,4851.479636,4782.874109177291,31,32,28.74760356036008,1.6730835258430936,2839,5658,,,,-0.295475693
6/18/25 12:00,BANKNIFTY.NSE.OPT.26Jun2025.51200.CALL,CALL,51200,26-Jun-25,4609.751822894553,4901.015556799798,3972.4672473263304,69,34,15.017089199921363,9.100210896413174,1527,1530,,,,1.5546395166509082
6/18/25 12:00,BANKNIFTY.NSE.OPT.26Jun2025.51300.CALL,CALL,51300,26-Jun-25,4538.948480881359,4779.204954195799,4617.4836739882885,44,20,32.13162897,-7.794613563,6343,2961,,,,-0.614241767
6/18/25 12:00,BANKNIFTY.NSE.OPT.26Jun2025.51400.CALL,CALL,51400,26-Jun-25,4389.312773441482,4573.640237210037,4406.610807287285,79,31,17.46413529423573,-4.405186249,9206,6952,,,,1.5309883890626024
6/18/25 12:00,BANKNIFTY.NSE.OPT.26Jun2025.51500.CALL,CALL,51500,26-Jun-25,4216.911303850128,4432.779733363929,4285.787878937364,97,611,34.13714989887964,-4.174170804,9409,3448,,,,0.8040273566439686
6/18/25 12:00,BANKNIFTY.NSE.OPT.26Jun2025.51600.CALL,CALL,51600,26-Jun-25,4189.357068422433,4476.261422036732,4120.466461912806,77,28,15.232321813842319,5.286653817210452,3276,1113,,,,-1.15465048
6/18/25 12:00,BANKNIFTY.NSE.OPT.26Jun2025.51700.CALL,CALL,51700,26-Jun-25,4135.822124442597,4266.408136304661,4146.549865670093,50,28,16.304778514964948,3.3057392824936507,3644,7108,,,,-1.726141257
6/18/25 12:00,BANKNIFTY.NSE.OPT.26Jun2025.51800.CALL,CALL,51800,26-Jun-25,3959.398624355918,4292.457886223296,3862.0456277812827,18,63,27.403418565114713,-6.607638197,7459,6685,,,,0.9169335788052813
6/18/25 12:00,BANKNIFTY.NSE.OPT.26Jun2025.51900.CALL,CALL,51900,26-Jun-25,3776.110984524593,4064.330167523632,4139.831053523103,89,39,20.98093072079884,3.096700588731915,7739,8063,,,,0.7240124122113758
6/18/25 12:00,BANKNIFTY.NSE.OPT.26Jun2025.52000.CALL,CALL,52000,26-Jun-25,3782.083280844615,3929.980822704821,3796.4431145966546,193,3757,25.71117306714608,-8.306571525,2532,8993,,,,-1.44265988
6/18/25 12:00,BANKNIFTY.NSE.OPT.26Jun2025.52100.CALL,CALL,52100,26-Jun-25,3700.805190723789,3862.0985278286894,4342.531963316217,75,9,20.769599861066155,-5.024961111,4516,2196,,,,0.9199692879274606
6/18/25 12:00,BANKNIFTY.NSE.OPT.26Jun2025.52200.CALL,CALL,52200,26-Jun-25,3528.6231675342783,3837.2411505519735,3348.1324639791965,13,86,31.55460519700128,-9.898325818,5939,7707,,,,0.24693983609685954
6/18/25 12:00,BANKNIFTY.NSE.OPT.26Jun2025.52300.CALL,CALL,52300,26-Jun-25,3432.994530676064,3687.753773155615,3478.1042103846876,12,18,30.390293714456597,-0.205252441,6636,5659,,,,-1.422647832
6/18/25 12:00,BANKNIFTY.NSE.OPT.26Jun2025.52400.CALL,CALL,52400,26-Jun-25,3433.953243427194,3638.828994573788,4437.593155012109,59,2,21.687117570356087,-7.6003236,6619,7248,,,,1.286747688761528
6/18/25 12:00,BANKNIFTY.NSE.OPT.26Jun2025.52500.CALL,CALL,52500,26-Jun-25,3391.258896687433,3473.757293815192,3384.8514221920086,145,2257,19.655177699600035,1.6321268129939348,1082,3718,,,,1.9723389040246415
6/18/25 12:00,BANKNIFTY.NSE.OPT.26Jun2025.52600.CALL,CALL,52600,26-Jun-25,3228.1786899307153,3414.752930002609,3109.028550603338,3,10,25.455388613714724,6.059072788585546,4510,9479,,,,1.5293631173145865
6/18/25 12:00,BANKNIFTY.NSE.OPT.26Jun2025.52700.CALL,CALL,52700,26-Jun-25,3067.1334209275146,3336.148617688262,3953.4670783755773,76,3,28.256418974173734,1.97491017,4445,5271,,,,-1.877194919
6/18/25 12:00,BANKNIFTY.NSE.OPT.26Jun2025.52800.CALL,CALL,52800,26-Jun-25,2937.197708964686,3199.522748412943,3105.4052428743335,94,80,16.1475902,0.078208482,7550,5635,,,,-1.782345747
6/18/25 12:00,BANKNIFTY.NSE.OPT.26Jun2025.52900.CALL,CALL,52900,26-Jun-25,2846.133054022718,3170.526993753244,2966.201275897361,31,11,26.299306067529816,-9.136961787,6353,8964,,,,-1.546022981
6/18/25 12:00,BANKNIFTY.NSE.OPT.26Jun2025.53000.CALL,CALL,53000,26-Jun-25,2952.8926659141175,2924.2190321387684,2953.4167188515116,1015,3954,19.112841344831203,-8.159187456,3728,2222,,,,-0.327781081
6/18/25 12:00,BANKNIFTY.NSE.OPT.26Jun2025.53100.CALL,CALL,53100,26-Jun-25,2743.415557554736,2990.544985080019,2751.9627780747933,82,97,17.52478606571344,-9.517662875,3129,8819,,,,-1.210558601
6/18/25 12:00,BANKNIFTY.NSE.OPT.26Jun2025.53200.CALL,CALL,53200,26-Jun-25,2592.122093611166,2817.7150527124427,2910.118352924447,43,19,29.29015873241849,1.9504689325639841,9689,7177,,,,-0.158603009
6/18/25 12:00,BANKNIFTY.NSE.OPT.26Jun2025.53300.CALL,CALL,53300,26-Jun-25,2499.3494612001527,2691.426109609677,2701.896168717121,7,71,17.43120389132607,-6.983520996,2735,1601,,,,-0.045220035
6/18/25 12:00,BANKNIFTY.NSE.OPT.26Jun2025.53400.CALL,CALL,53400,26-Jun-25,2461.2349281105235,2578.5676356397353,2599.1354091965995,69,30,23.270706363937897,2.543295154524561,1219,6181,,,,0.4693296749028164
6/18/25 12:00,BANKNIFTY.NSE.OPT.26Jun2025.53500.CALL,CALL,53500,26-Jun-25,2396.882922,2565.8184229457665,2336.3246756488693,104,1719,28.186857751184498,3.166275761065327,7976,4132,,,,-1.44082821
6/18/25 12:00,BANKNIFTY.NSE.OPT.26Jun2025.53600.CALL,CALL,53600,26-Jun-25,2239.2224795857187,2455.1326366615303,2259.684273176168,92,69,15.498890842498689,-5.575800784,1720,3800,,,,0.23160305826072802
6/18/25 12:00,BANKNIFTY.NSE.OPT.26Jun2025.53700.CALL,CALL,53700,26-Jun-25,2116.874071131107,2290.4505033897935,2237.609240769097,44,82,20.025519261731283,-9.229030659,8492,8391,,,,-1.878280895
6/18/25 12:00,BANKNIFTY.NSE.OPT.26Jun2025.53800.CALL,CALL,53800,26-Jun-25,2109.1911901414805,2286.6541432858653,2164.6895628262014,34,50,22.64471276433513,-7.843872083,1474,6177,,,,-1.620023463
6/18/25 12:00,BANKNIFTY.NSE.OPT.26Jun2025.53900.CALL,CALL,53900,26-Jun-25,1932.1133959781168,2209.9192663018866,1956.0982984366074,67,70,34.114101617051716,-4.733160424,2753,5489,,,,-0.948329042
6/18/25 12:00,BANKNIFTY.NSE.OPT.26Jun2025.54000.CALL,CALL,54000,26-Jun-25,1969.7433621839145,1947.0738413417364,1905.0552282693125,854,6725,34.63157824088378,1.0504290607052074,6898,8377,,,,-0.448320616
6/18/25 12:00,BANKNIFTY.NSE.OPT.26Jun2025.54100.CALL,CALL,54100,26-Jun-25,1789.719148813664,1931.0436024629448,1816.0285250315328,60,137,28.62083560653585,2.062538248186147,6259,3735,,,,-0.018344647
6/18/25 12:00,BANKNIFTY.NSE.OPT.26Jun2025.54200.CALL,CALL,54200,26-Jun-25,1759.9465323818317,1930.4200337805587,1677.068797631158,100,68,18.638735612491995,-0.828920088,1366,6833,,,,-0.404646703
6/18/25 12:00,BANKNIFTY.NSE.OPT.26Jun2025.54300.CALL,CALL,54300,26-Jun-25,1578.8350756430734,1823.5327319992673,1734.8350560446709,53,111,30.282349363999103,9.295024529857411,3715,8598,,,,0.026655099584814046
6/18/25 12:00,BANKNIFTY.NSE.OPT.26Jun2025.54400.CALL,CALL,54400,26-Jun-25,1594.088841130593,1668.5816785604575,1516.1359344399343,60,107,25.390551456824152,9.452708845889617,9952,8866,,,,-0.821107788
6/18/25 12:00,BANKNIFTY.NSE.OPT.26Jun2025.54500.CALL,CALL,54500,26-Jun-25,1508.3956092157327,1484.621820354077,1525.1291137809717,1268,2096,15.616661509631172,5.304543258582729,1000,6474,,,,-1.289508676
6/18/25 12:00,BANKNIFTY.NSE.OPT.26Jun2025.54600.CALL,CALL,54600,26-Jun-25,1392.9567629807982,1440.753302145207,1462.4698994811433,172,492,16.195670399312196,1.5890933345526452,5134,5170,,,,-1.458545282
6/18/25 12:00,BANKNIFTY.NSE.OPT.26Jun2025.54700.CALL,CALL,54700,26-Jun-25,1310.245774263785,1324.2651993604036,1327.9483421140008,142,259,28.53808895977598,-8.921530634,3732,7011,,,,0.2177654303448331
6/18/25 12:00,BANKNIFTY.NSE.OPT.26Jun2025.54800.CALL,CALL,54800,26-Jun-25,1229.086706,1234.8794475513869,1249.1069630174156,287,395,23.997924795861113,2.2941262561146285,6150,8397,,,,-0.423412853
6/18/25 12:00,BANKNIFTY.NSE.OPT.26Jun2025.54900.CALL,CALL,54900,26-Jun-25,1143.7903953167888,1148.300656976042,1125.7207265405132,402,432,28.493968938339975,-1.407975515,3923,3587,,,,-1.632935469
6/18/25 12:00,BANKNIFTY.NSE.OPT.26Jun2025.55000.CALL,CALL,55000,26-Jun-25,1088.6349357884628,1097.5597992479868,1068.7145335341029,18359,17339,29.2502844,8.816426232461772,4469,8710,,,,1.2382213879934367
6/18/25 12:00,BANKNIFTY.NSE.OPT.26Jun2025.55100.CALL,CALL,55100,26-Jun-25,1019.9238584751587,1014.8449417138056,1027.6608230695845,1434,563,18.862395469703436,-6.089012628,7100,8586,,,,-1.999250958
6/18/25 12:00,BANKNIFTY.NSE.OPT.26Jun2025.55200.CALL,CALL,55200,26-Jun-25,907.4515851717491,940.6862351784106,947.8791055851982,3964,1337,18.938394198371796,-5.564208205,7812,5285,,,,-1.581531846
6/18/25 12:00,BANKNIFTY.NSE.OPT.26Jun2025.55300.CALL,CALL,55300,26-Jun-25,865.9153343978038,856.6064151407408,852.4938397686333,7134,1550,28.735511712931014,-6.193506444,6675,8830,,,,-0.171575723
6/18/25 12:00,BANKNIFTY.NSE.OPT.26Jun2025.55400.CALL,CALL,55400,26-Jun-25,787.3798718,780.2135514216512,787.9172549,11601,2762,17.306369610638438,-2.991312827,8179,7729,,,,1.3609575086061536
6/18/25 12:00,BANKNIFTY.NSE.OPT.26Jun2025.55500.CALL,CALL,55500,26-Jun-25,718.8399609674941,716.4719777501908,725.2201035,100577,16695,17.434904277921625,5.326082784793604,4035,1231,,,,-0.39016927
6/18/25 12:00,BANKNIFTY.NSE.OPT.26Jun2025.55600.CALL,CALL,55600,26-Jun-25,647.2463866636944,640.6785645,643.5058608677468,72148,6204,27.321990279110643,8.678045784325384,6043,9933,,,,-0.034937912
6/18/25 12:00,BANKNIFTY.NSE.OPT.26Jun2025.55700.CALL,CALL,55700,26-Jun-25,578.3282578553409,596.2189974,593.9951911313834,152194,6893,27.09841385381121,-3.069137169,6809,7242,,,,1.223338482363625
6/18/25 12:00,BANKNIFTY.NSE.OPT.26Jun2025.55800.CALL,CALL,55800,26-Jun-25,533.0212198064029,521.7883638,534.7267823144907,191927,14955,15.88786162,2.4592756397603566,8488,5092,,,,1.612523252952088
6/18/25 12:00,BANKNIFTY.NSE.OPT.26Jun2025.55900.CALL,CALL,55900,26-Jun-25,483.9878282021532,482.9956375264234,471.9386708716295,134325,10578,30.16872758542243,3.982279294,6585,5478,,,,1.3690535736161467
6/18/25 12:00,BANKNIFTY.NSE.OPT.26Jun2025.56000.CALL,CALL,56000,26-Jun-25,420.67626962612496,426.62290952336565,431.2592068759748,278537,78790,34.46912545076273,-4.188897875,2159,7244,,,,1.3731857770217935
6/18/25 12:00,BANKNIFTY.NSE.OPT.26Jun2025.56100.CALL,CALL,56100,26-Jun-25,385.0199987182918,379.59242782778597,369.0500004695002,46636,6773,18.352647089935054,-4.130456165,6761,9679,,,,0.4273697361040889
6/18/25 12:00,BANKNIFTY.NSE.OPT.26Jun2025.56200.CALL,CALL,56200,26-Jun-25,332.06748474803237,336.2494525604718,339.3415683156981,47283,8271,26.25740689336643,-9.888001992,3857,2627,,,,0.3554523244229726
6/18/25 12:00,BANKNIFTY.NSE.OPT.26Jun2025.56300.CALL,CALL,56300,26-Jun-25,294.5756789,304.70886252962475,296.35781017095087,36260,7369,24.171855039854606,1.1716871585421949,1649,3123,,,,-0.937574179
6/18/25 12:00,BANKNIFTY.NSE.OPT.26Jun2025.56400.CALL,CALL,56400,26-Jun-25,262.6270886623086,259.7147062648851,269.4732284151908,32404,6239,20.89126662668101,-2.862728329,1400,3196,,,,-1.801818031
6/18/25 12:00,BANKNIFTY.NSE.OPT.26Jun2025.56500.CALL,CALL,56500,26-Jun-25,231.50010129589265,230.32482108275778,237.43390747655803,112169,39170,20.155518508202896,-2.555291233,1685,2483,,,,-0.532549069
6/18/25 12:00,BANKNIFTY.NSE.OPT.26Jun2025.56600.CALL,CALL,56600,26-Jun-25,203.70238815663822,205.06641365634925,198.9462982,32263,10867,30.683680191526804,7.141743239568125,2629,8816,,,,0.4180145330255627
6/18/25 12:00,BANKNIFTY.NSE.OPT.26Jun2025.56700.CALL,CALL,56700,26-Jun-25,178.80202619804277,179.95508620345828,181.43497520393754,30309,10141,27.989921577340304,-1.436980898,1455,8833,,,,0.1261480310935843
6/18/25 12:00,BANKNIFTY.NSE.OPT.26Jun2025.56800.CALL,CALL,56800,26-Jun-25,154.89043798401133,156.7969286702821,157.59412309752074,27748,12208,34.61927702768769,-6.995944262,6105,5503,,,,-1.29013724
6/18/25 12:00,BANKNIFTY.NSE.OPT.26Jun2025.56900.CALL,CALL,56900,26-Jun-25,135.07103883750074,136.65638325498082,136.63041857099518,20569,12107,27.94748339968911,8.889442099176033,8988,6258,,,,-0.731628579
6/18/25 12:00,BANKNIFTY.NSE.OPT.26Jun2025.57000.CALL,CALL,57000,26-Jun-25,118.2602135135184,120.46720870174786,120.83337510610478,114623,55642,24.294788068403154,6.283487236428925,7291,5467,,,,-0.053332769
6/18/25 12:00,BANKNIFTY.NSE.OPT.26Jun2025.57100.CALL,CALL,57100,26-Jun-25,102.73134527791994,104.98849727825429,106.18886384739814,15839,5902,31.04347219563895,0.8096232274649289,4013,4319,,,,-0.661905781
6/18/25 12:00,BANKNIFTY.NSE.OPT.26Jun2025.57200.CALL,CALL,57200,26-Jun-25,88.43888053102039,89.95758213584206,91.82441365171182,25181,5630,26.839377353996337,5.077689263543405,2997,3068,,,,-0.275625317
6/18/25 12:00,BANKNIFTY.NSE.OPT.26Jun2025.57300.CALL,CALL,57300,26-Jun-25,76.38868625109936,79.36658236238087,78.06046947188477,16651,5027,25.89122849326646,2.6340716219097793,8139,5776,,,,0.1913093160364978
6/18/25 12:00,BANKNIFTY.NSE.OPT.26Jun2025.57400.CALL,CALL,57400,26-Jun-25,66.55448666544665,70.99297654811275,66.59997120937413,17579,4615,25.648048763746132,5.925813481799139,7134,3849,,,,1.0984478184396704
6/18/25 12:00,BANKNIFTY.NSE.OPT.26Jun2025.57500.CALL,CALL,57500,26-Jun-25,59.03603884586956,60.589216095128535,57.812460456161666,92954,37982,30.590357495078923,2.3950183757654226,3458,4684,,,,1.1657568948290122
6/18/25 12:00,BANKNIFTY.NSE.OPT.26Jun2025.57600.CALL,CALL,57600,26-Jun-25,51.32393908905251,52.26375929490833,52.05739192435579,14626,4255,19.999673402024566,-1.164967812,1839,5297,,,,-0.098094921
6/18/25 12:00,BANKNIFTY.NSE.OPT.26Jun2025.57700.CALL,CALL,57700,26-Jun-25,44.70699124105659,47.630988941010834,45.566345430434126,12838,3907,26.988512121306066,6.863703013363313,4985,2486,,,,-1.07983474
6/18/25 12:00,BANKNIFTY.NSE.OPT.26Jun2025.57800.CALL,CALL,57800,26-Jun-25,39.73753639158354,41.60504280198581,41.591005804290134,20082,4920,16.58259979996656,-9.848466028,3530,1307,,,,0.9834794982111257
6/18/25 12:00,BANKNIFTY.NSE.OPT.26Jun2025.57900.CALL,CALL,57900,26-Jun-25,33.67007903439587,36.30889694592884,34.390967542058355,8616,2433,19.808562795011255,-5.799374685,2091,5023,,,,-0.787788103
6/18/25 12:00,BANKNIFTY.NSE.OPT.26Jun2025.58000.CALL,CALL,58000,26-Jun-25,29.960353336923262,30.69177841078522,29.522335942813037,85476,39228,26.080400549703192,2.136392277199066,6118,6422,,,,-1.607848815
6/18/25 12:00,BANKNIFTY.NSE.OPT.26Jun2025.58100.CALL,CALL,58100,26-Jun-25,25.78870087364536,27.245925380393274,28.148154761662997,9276,3027,26.73253530449912,0.085702827,5399,7050,,,,-1.890094361
6/18/25 12:00,BANKNIFTY.NSE.OPT.26Jun2025.58200.CALL,CALL,58200,26-Jun-25,23.776101641055284,24.803437138903114,24.281256363653643,14777,4728,16.737873081145064,-2.058713528,6140,3648,,,,0.003121341
6/18/25 12:00,BANKNIFTY.NSE.OPT.26Jun2025.58300.CALL,CALL,58300,26-Jun-25,20.570131305141633,22.282061627242825,21.040059125049265,10178,4203,33.708171833531665,7.087367915444169,8817,2772,,,,1.8498436326899137
6/18/25 12:00,BANKNIFTY.NSE.OPT.26Jun2025.58400.CALL,CALL,58400,26-Jun-25,18.98790233816788,19.732749097118926,19.308783037184124,10168,2396,16.76330689723316,2.179836657378404,7655,1031,,,,1.455883357801806
6/18/25 12:00,BANKNIFTY.NSE.OPT.26Jun2025.58500.CALL,CALL,58500,26-Jun-25,16.42129109894564,17.713244986437598,16.165250318844567,54281,30390,27.097359222092503,-7.355171112,6516,5285,,,,-1.51940793
6/18/25 12:00,BANKNIFTY.NSE.OPT.26Jun2025.58600.CALL,CALL,58600,26-Jun-25,14.28392347440037,15.88766798950147,15.877543904080476,6562,2790,32.134619161732154,-8.691154515,2919,1673,,,,-0.917510956
6/18/25 12:00,BANKNIFTY.NSE.OPT.26Jun2025.58700.CALL,CALL,58700,26-Jun-25,13.319334401884872,14.391499584141638,13.632912101765333,12694,1955,33.86700027028927,3.6192983741163154,4762,9000,,,,0.897917434
6/18/25 12:00,BANKNIFTY.NSE.OPT.26Jun2025.58800.CALL,CALL,58800,26-Jun-25,11.440149728507123,13.041058296381811,12.654599878506222,8398,3936,27.357378472358633,-9.413685595,3736,2696,,,,-0.898040178
6/18/25 12:00,BANKNIFTY.NSE.OPT.26Jun2025.58900.CALL,CALL,58900,26-Jun-25,11.142318043142174,11.769129635779178,11.28941443697405,8887,4015,19.56832829442713,-9.371568207,4580,2113,,,,0.2701779562521356
6/18/25 12:00,BANKNIFTY.NSE.OPT.26Jun2025.59000.CALL,CALL,59000,26-Jun-25,10.349973306972048,10.56090634701089,10.505659234757523,70983,49748,25.048616521500307,-1.440367858,5284,1262,,,,0.35775612019202185
6/18/25 12:00,BANKNIFTY.NSE.OPT.26Jun2025.59100.CALL,CALL,59100,26-Jun-25,9.857459072457702,9.929665552205266,9.888131139327553,5877,1925,33.23254365592231,3.6995323104439777,3982,4259,,,,-1.529274463
6/18/25 12:00,BANKNIFTY.NSE.OPT.26Jun2025.59200.CALL,CALL,59200,26-Jun-25,9.322088002805907,10.007896998582076,9.581778795,3220,1754,15.484862561367759,8.970269292667354,2987,9116,,,,0.7736662931553919
6/18/25 12:00,BANKNIFTY.NSE.OPT.26Jun2025.59300.CALL,CALL,59300,26-Jun-25,8.785181015132054,9.086897900396087,9.091175254741387,3496,1737,27.20860067900066,9.693273770537822,5585,5198,,,,-0.904188877
6/18/25 12:00,BANKNIFTY.NSE.OPT.26Jun2025.59400.CALL,CALL,59400,26-Jun-25,8.379860186,9.555378072323471,8.781178703300913,1419,1268,24.087276234155446,1.2908631576081202,5330,5356,,,,1.7272672766428787
6/18/25 12:00,BANKNIFTY.NSE.OPT.26Jun2025.59500.CALL,CALL,59500,26-Jun-25,7.742015361347423,7.987173015206719,8.011467280689638,35660,35589,22.62261451652459,-5.599458345,9181,8952,,,,-1.06685665
6/18/25 12:00,BANKNIFTY.NSE.OPT.26Jun2025.59600.CALL,CALL,59600,26-Jun-25,7.785972548,7.857881444020863,7.9691351662500365,1801,1616,19.36605675215816,9.662400303976327,9316,8419,,,,1.0141327785870482
6/18/25 12:00,BANKNIFTY.NSE.OPT.26Jun2025.59700.CALL,CALL,59700,26-Jun-25,7.162442867,7.598218626263915,7.518085919886586,3435,6219,23.7375751,9.414904661294777,2698,8426,,,,-0.088326102
6/18/25 12:00,BANKNIFTY.NSE.OPT.26Jun2025.59800.CALL,CALL,59800,26-Jun-25,6.913516528836545,7.903962828231989,7.113571784601761,1480,1824,19.101865491795152,-7.419163954,8219,6227,,,,-0.977617883
6/18/25 12:00,BANKNIFTY.NSE.OPT.26Jun2025.59900.CALL,CALL,59900,26-Jun-25,7.268347480165558,7.948745513864794,7.263884478388367,1997,1716,16.904988053619288,-1.086569886,9109,4031,,,,-0.72739278
6/18/25 12:00,BANKNIFTY.NSE.OPT.26Jun2025.60000.CALL,CALL,60000,26-Jun-25,6.702968587238156,6.840187276,6.838270852275979,40689,50774,18.12083279823264,5.862642275537128,5176,8832,,,,0.2320350598273344
6/18/25 12:00,BANKNIFTY.NSE.OPT.26Jun2025.60100.CALL,CALL,60100,26-Jun-25,6.632979776,7.136721046117817,6.607155252364489,1130,1318,21.370775602818348,1.415743630498591,9414,2985,,,,-0.406740536
6/18/25 12:00,BANKNIFTY.NSE.OPT.26Jun2025.60200.CALL,CALL,60200,26-Jun-25,5.527988626821463,6.455874129787713,6.325381649824973,2175,3210,21.787952557374368,4.969894360466206,8090,5168,,,,0.9296741132056421
6/18/25 12:00,BANKNIFTY.NSE.OPT.26Jun2025.60300.CALL,CALL,60300,26-Jun-25,6.298993190615338,6.909059489105161,6.516523030860004,1820,1774,34.424377745071276,-4.268683152,9279,8682,,,,0.7363728548339616
6/18/25 12:00,BANKNIFTY.NSE.OPT.26Jun2025.60400.CALL,CALL,60400,26-Jun-25,6.236453018,8.054831614922197,6.493206461399926,772,1063,22.699763081665573,-5.778483911,3454,3803,,,,1.7434627664040918
6/18/25 12:00,BANKNIFTY.NSE.OPT.26Jun2025.60500.CALL,CALL,60500,26-Jun-25,5.2925123062376835,5.953508649154246,6.102265564959153,14757,17139,31.99247576270028,-3.031183599,3556,5418,,,,1.8321489581324895
6/18/25 12:00,BANKNIFTY.NSE.OPT.26Jun2025.60600.CALL,CALL,60600,26-Jun-25,4.932945799344016,7.0647077321299605,7.027614434228681,1265,1318,27.597874772127774,3.0546267310305204,4700,6970,,,,1.150309929767387
6/18/25 12:00,BANKNIFTY.NSE.OPT.26Jun2025.60700.CALL,CALL,60700,26-Jun-25,5.895371174097141,7.103951093496485,6.020120947057787,872,839,17.69925046,4.519113744717089,5405,2856,,,,0.2778891775301089
6/18/25 12:00,BANKNIFTY.NSE.OPT.26Jun2025.60800.CALL,CALL,60800,26-Jun-25,4.992941051385835,6.320616259834784,5.711646559800365,580,842,18.514539558627728,9.120260122094301,4512,4521,,,,0.2334232057826675
6/18/25 12:00,BANKNIFTY.NSE.OPT.26Jun2025.60900.CALL,CALL,60900,26-Jun-25,5.493067671542868,5.936483543646601,5.957279449186447,1063,1023,21.01772627,9.498185564460755,6438,9248,,,,-1.627964801
6/18/25 12:00,BANKNIFTY.NSE.OPT.26Jun2025.61000.CALL,CALL,61000,26-Jun-25,5.261602746473536,5.3323625560623755,5.244620711179519,30178,26912,21.818397618717427,-4.456270068,3911,6028,,,,-0.638272685
6/18/25 12:00,BANKNIFTY.NSE.OPT.26Jun2025.61100.CALL,CALL,61100,26-Jun-25,4.280054675801627,7.4115485797183185,5.380223480211419,337,256,26.922967436691252,8.177093570166413,3266,6222,,,,-0.099367365
6/18/25 12:00,BANKNIFTY.NSE.OPT.26Jun2025.61200.CALL,CALL,61200,26-Jun-25,5.316936617056105,7.690737305334802,5.340685086346693,296,246,29.703435996552248,-4.948260143,3872,1657,,,,1.0267468691236243
6/18/25 12:00,BANKNIFTY.NSE.OPT.26Jun2025.61300.CALL,CALL,61300,26-Jun-25,4.038680843684973,6.789064821,5.439023789459862,313,148,21.82816719373773,-9.550651284,7686,8328,,,,-0.063149676
6/18/25 12:00,BANKNIFTY.NSE.OPT.26Jun2025.61400.CALL,CALL,61400,26-Jun-25,4.017836327743414,5.253086029995389,5.2004808251548695,925,514,20.474572887279407,0.7703211246493709,2151,3659,,,,0.9998919594875764
6/18/25 12:00,BANKNIFTY.NSE.OPT.26Jun2025.61500.CALL,CALL,61500,26-Jun-25,4.719050595414731,5.344285420710389,5.4430978,5669,7419,15.224004861809613,-2.056014878,3639,5128,,,,0.16676095634603616
6/18/25 12:00,BANKNIFTY.NSE.OPT.26Jun2025.61600.CALL,CALL,61600,26-Jun-25,4.977147098250542,6.048500593665857,5.192428511207035,1204,552,29.586042736421334,7.5787171248969045,9686,2805,,,,1.3420162520957213
6/18/25 12:00,BANKNIFTY.NSE.OPT.26Jun2025.61700.CALL,CALL,61700,26-Jun-25,4.0679004428453105,5.7584215195601445,5.811702293734315,179,159,24.89398550870964,-7.197048054,2662,9715,,,,0.32508452718641667
6/18/25 12:00,BANKNIFTY.NSE.OPT.26Jun2025.61800.CALL,CALL,61800,26-Jun-25,4.258129870447487,6.728967219333893,5.066228556342097,519,205,30.698666957991207,3.405859708528432,2697,7560,,,,1.2231334952992907
6/18/25 12:00,BANKNIFTY.NSE.OPT.26Jun2025.62000.CALL,CALL,62000,26-Jun-25,4.621143196048277,4.784675838480425,4.7134108500525205,10174,13922,20.59503775483001,4.447226729692687,9230,8461,,,,1.8250072887947208
6/18/25 12:00,BANKNIFTY.NSE.OPT.26Jun2025.62500.CALL,CALL,62500,26-Jun-25,4.697195787892317,4.746376623458151,4.750865159602225,6693,7636,19.954564939585914,-9.253211215,9004,7954,,,,-0.378300124
6/18/25 12:00,BANKNIFTY.NSE.OPT.26Jun2025.63000.CALL,CALL,63000,26-Jun-25,4.127547626606338,4.665716281495298,4.449065968004633,9841,31721,23.438941300037392,4.391974339673448,8901,8525,,,,-0.246069845
6/18/25 12:00,BANKNIFTY.NSE.OPT.26Jun2025.63500.CALL,CALL,63500,26-Jun-25,3.888349690718385,3.9521556635266917,3.7454386229137664,7381,10662,29.792967579188613,2.223407334,6439,9532,,,,-1.130663996
6/18/25 12:00,BANKNIFTY.NSE.OPT.26Jun2025.64000.CALL,CALL,64000,26-Jun-25,3.7652725567165635,3.962480805884016,3.986334724036909,7392,7837,17.149472863922167,-2.399507982,4295,6521,,,,0.9496572416202409
6/18/25 12:00,BANKNIFTY.NSE.OPT.26Jun2025.64500.CALL,CALL,64500,26-Jun-25,3.826884806336701,3.7967303214063324,3.8640558482617644,23244,26418,20.534855284455844,2.2418661853728867,7599,3836,,,,1.2507855176991254
6/18/25 12:15,BANKNIFTY.NSE.OPT.26Jun2025.40500.CALL,CALL,40500,26-Jun-25,15169.449446306115,15769.097756076808,15228.994301070623,10,5,33.47827824072775,4.466911919492727,3595,6877,,,,-0.053919396
6/18/25 12:15,BANKNIFTY.NSE.OPT.26Jun2025.42000.CALL,CALL,42000,26-Jun-25,13286.995821288345,13977.333038554814,14046.64973943795,5,1,22.844977196839064,-0.557289807,9185,7878,,,,-1.920070279
6/18/25 12:15,BANKNIFTY.NSE.OPT.26Jun2025.42500.CALL,CALL,42500,26-Jun-25,12604.86687362485,13641.866171689908,11101.392691269475,39,0,33.71656246263026,-1.031299568,8962,4517,,,,0.7534518717343146
6/18/25 12:15,BANKNIFTY.NSE.OPT.26Jun2025.43000.CALL,CALL,43000,26-Jun-25,12375.959113999159,13131.396254978972,12699.53152246221,95,104,26.718279528302023,4.083065345039696,7042,3283,,,,-0.531229375
6/18/25 12:15,BANKNIFTY.NSE.OPT.26Jun2025.43500.CALL,CALL,43500,26-Jun-25,11616.221152845583,12475.20270608279,11284.241760162864,62,0,25.601334125590512,1.3004627881696713,3443,7934,,,,-1.479473316
6/18/25 12:15,BANKNIFTY.NSE.OPT.26Jun2025.44000.CALL,CALL,44000,26-Jun-25,11810.958246692719,11932.543343357393,11777.669548232463,69,36,34.42967918875872,-8.005514898,4405,4058,,,,-0.461383998
6/18/25 12:15,BANKNIFTY.NSE.OPT.26Jun2025.44500.CALL,CALL,44500,26-Jun-25,10899.333519893698,11583.179621436964,11033.912915620627,34,3,24.119135680281584,9.020599564999134,6640,1979,,,,1.6107107128426215
6/18/25 12:15,BANKNIFTY.NSE.OPT.26Jun2025.44900.CALL,CALL,44900,26-Jun-25,10426.707478931165,11285.494217094865,9377.293590761186,73,2,24.592071244120888,5.359665858093317,8645,6501,,,,-1.564626253
6/18/25 12:15,BANKNIFTY.NSE.OPT.26Jun2025.45000.CALL,CALL,45000,26-Jun-25,10755.519759165834,11039.604005191559,10725.314128587443,84,1899,32.417115431314585,-0.502752849,6456,4756,,,,0.27246924
6/18/25 12:15,BANKNIFTY.NSE.OPT.26Jun2025.45100.CALL,CALL,45100,26-Jun-25,10088.97956478908,11005.114519073753,8820.424858612994,32,2,26.125506050291825,7.139775066995753,8276,3695,,,,1.1279997880348134
6/18/25 12:15,BANKNIFTY.NSE.OPT.26Jun2025.45200.CALL,CALL,45200,26-Jun-25,10188.086212708396,10894.348693196276,8813.172691177499,21,1,29.85939980793662,-4.172910205,4919,7399,,,,-1.753453914
6/18/25 12:15,BANKNIFTY.NSE.OPT.26Jun2025.45300.CALL,CALL,45300,26-Jun-25,10038.569443626675,10560.656326418462,8778.255191477394,22,2,15.74747215,-2.633124031,5132,1633,,,,-0.347263303
6/18/25 12:15,BANKNIFTY.NSE.OPT.26Jun2025.45400.CALL,CALL,45400,26-Jun-25,9791.806546,10478.07247927638,8575.830734416759,4,3,33.80012627114037,-1.710268198,5165,7106,,,,0.5030316653841829
6/18/25 12:15,BANKNIFTY.NSE.OPT.26Jun2025.45500.CALL,CALL,45500,26-Jun-25,10013.736777291298,10827.98326,5158.981101292448,96,0,21.700249508418057,-3.496366243,1652,1802,,,,-0.889788425
6/18/25 12:15,BANKNIFTY.NSE.OPT.26Jun2025.45600.CALL,CALL,45600,26-Jun-25,9771.881142979677,10228.375832883468,8421.598580692327,82,4,32.22555329433141,2.2936635112203607,5309,3281,,,,-0.415026296
6/18/25 12:15,BANKNIFTY.NSE.OPT.26Jun2025.45700.CALL,CALL,45700,26-Jun-25,9839.008078,10479.45025762523,8176.8034125359145,91,3,33.89728205,-9.661433143,2878,7093,,,,0.5447705800075529
6/18/25 12:15,BANKNIFTY.NSE.OPT.26Jun2025.45800.CALL,CALL,45800,26-Jun-25,9425.279122897922,10212.898272215474,8113.899335370207,8,4,19.296078169066455,8.736702980706813,8682,7828,,,,-0.995732334
6/18/25 12:15,BANKNIFTY.NSE.OPT.26Jun2025.45900.CALL,CALL,45900,26-Jun-25,9313.556685827054,10110.675262128036,8355.072695185518,19,3,15.191316614618831,9.962869880073388,5767,9192,,,,0.4787453678856348
6/18/25 12:15,BANKNIFTY.NSE.OPT.26Jun2025.46000.CALL,CALL,46000,26-Jun-25,9847.887307000532,10080.230870105945,10071.095377201304,97,444,22.767343503949956,-3.693818327,6379,5509,,,,1.3518467169170818
6/18/25 12:15,BANKNIFTY.NSE.OPT.26Jun2025.46100.CALL,CALL,46100,26-Jun-25,9349.627043067958,9842.236375499957,7906.702104822895,77,4,18.725563299355095,7.568337393478018,6609,4093,,,,1.5847904290771666
6/18/25 12:15,BANKNIFTY.NSE.OPT.26Jun2025.46200.CALL,CALL,46200,26-Jun-25,9366.030604773427,9696.576616909952,8108.516518631804,60,4,16.87748952139391,6.411223564891436,5058,4261,,,,0.39041060122716953
6/18/25 12:15,BANKNIFTY.NSE.OPT.26Jun2025.46300.CALL,CALL,46300,26-Jun-25,9585.159617859881,9818.334904,9238.099577774105,50,9,28.28131908130527,-1.86714016,8664,4131,,,,0.25664293351741874
6/18/25 12:15,BANKNIFTY.NSE.OPT.26Jun2025.46400.CALL,CALL,46400,26-Jun-25,8957.387926,9507.348645,7684.452309868383,30,2,32.38263083,7.958930799468753,7342,7283,,,,-0.639525376
6/18/25 12:15,BANKNIFTY.NSE.OPT.26Jun2025.46500.CALL,CALL,46500,26-Jun-25,9169.817707982204,9513.606321,8968.448257033511,62,9,32.965340458876895,-1.831985883,1037,1161,,,,0.2923834578227251
6/18/25 12:15,BANKNIFTY.NSE.OPT.26Jun2025.46600.CALL,CALL,46600,26-Jun-25,8685.511660481769,9706.816189755235,4332.576473483083,85,0,22.695360056289275,-5.704892023,3669,3463,,,,0.8677530456500175
6/18/25 12:15,BANKNIFTY.NSE.OPT.26Jun2025.46700.CALL,CALL,46700,26-Jun-25,9071.341252629942,9395.133166663452,4263.179680495807,9,0,28.36493736803479,-4.241332363,3229,8323,,,,-1.67004151
6/18/25 12:15,BANKNIFTY.NSE.OPT.26Jun2025.46800.CALL,CALL,46800,26-Jun-25,8466.591425801356,9360.250707316758,4127.462182973572,29,0,26.67518231183941,-6.92990416,9144,1676,,,,1.664783668111073
6/18/25 12:15,BANKNIFTY.NSE.OPT.26Jun2025.46900.CALL,CALL,46900,26-Jun-25,8500.376442830602,9212.391414352618,3984.7971043508946,46,2,20.58003299870282,-7.911516377,5454,5995,,,,-0.498323491
6/18/25 12:15,BANKNIFTY.NSE.OPT.26Jun2025.47000.CALL,CALL,47000,26-Jun-25,8807.452640240339,8788.611060705749,8778.967539,65,369,32.951757597761826,6.317082051616641,9793,1779,,,,1.7008273140483041
6/18/25 12:15,BANKNIFTY.NSE.OPT.26Jun2025.47100.CALL,CALL,47100,26-Jun-25,8423.211900854712,8862.280946913164,3960.0585280085716,51,5,18.97831988116864,6.173786558091393,7901,8018,,,,-1.504884495
6/18/25 12:15,BANKNIFTY.NSE.OPT.26Jun2025.47200.CALL,CALL,47200,26-Jun-25,8279.360685348915,8911.663198801914,7956.973311683949,4,2,27.855818921580887,-0.308950909,3546,6704,,,,-1.659926142
6/18/25 12:15,BANKNIFTY.NSE.OPT.26Jun2025.47300.CALL,CALL,47300,26-Jun-25,8368.728593611351,8735.622371624675,8833.759433831741,76,5,15.866437917843504,1.1834992808559424,4438,7108,,,,1.9461685210624933
6/18/25 12:15,BANKNIFTY.NSE.OPT.26Jun2025.47400.CALL,CALL,47400,26-Jun-25,8200.354568742174,8628.265036,7176.367060916739,96,1,26.170789535810112,8.621664947028947,4389,1314,,,,0.6345860387878979
6/18/25 12:15,BANKNIFTY.NSE.OPT.26Jun2025.47500.CALL,CALL,47500,26-Jun-25,8040.885479246433,8600.978029952836,9413.661078912055,16,3,33.06819827212355,0.5084307211065848,7371,9751,,,,-0.091598521
6/18/25 12:15,BANKNIFTY.NSE.OPT.26Jun2025.47600.CALL,CALL,47600,26-Jun-25,7849.734405345235,8578.763617342305,4766.391409529215,5,2,28.85518880473795,5.889498769520404,1436,2441,,,,0.007212526
6/18/25 12:15,BANKNIFTY.NSE.OPT.26Jun2025.47700.CALL,CALL,47700,26-Jun-25,7741.809524364508,8494.011168592408,4574.588267077164,82,2,22.231135819591092,-7.488308237,6572,8806,,,,-0.924531761
6/18/25 12:15,BANKNIFTY.NSE.OPT.26Jun2025.47800.CALL,CALL,47800,26-Jun-25,7714.054730299377,8348.846188096766,4465.833876606981,69,2,20.737044262383648,5.305838150461316,3358,5651,,,,-0.34573474
6/18/25 12:15,BANKNIFTY.NSE.OPT.26Jun2025.47900.CALL,CALL,47900,26-Jun-25,7479.019341461808,8253.017036564768,4565.218400023093,61,2,16.53491766310482,1.1865524883170018,4655,9687,,,,1.2682909707467647
6/18/25 12:15,BANKNIFTY.NSE.OPT.26Jun2025.48000.CALL,CALL,48000,26-Jun-25,7841.759687354597,7831.010706,7846.881361689457,30,787,34.15961059581132,-0.858049914,1229,2982,,,,1.9708109766928334
6/18/25 12:15,BANKNIFTY.NSE.OPT.26Jun2025.48100.CALL,CALL,48100,26-Jun-25,7232.879377015406,8133.864202567213,4291.222616435131,21,2,17.52063585,-3.255186965,8967,7723,,,,-1.304685346
6/18/25 12:15,BANKNIFTY.NSE.OPT.26Jun2025.48200.CALL,CALL,48200,26-Jun-25,7372.151178201399,7790.426917650311,4198.867430506842,5,1,16.166446777325405,-1.937553865,5569,7652,,,,1.1721300995463104
6/18/25 12:15,BANKNIFTY.NSE.OPT.26Jun2025.48300.CALL,CALL,48300,26-Jun-25,7260.239512234162,7769.4037717220435,7598.575415864105,18,2,34.79056084187907,-0.368926122,4808,7794,,,,0.6294200871408369
6/18/25 12:15,BANKNIFTY.NSE.OPT.26Jun2025.48400.CALL,CALL,48400,26-Jun-25,7465.385549068239,7753.067894168569,7502.031827247664,17,2,30.155400520151545,-3.418939337,3621,5056,,,,-1.877755357
6/18/25 12:15,BANKNIFTY.NSE.OPT.26Jun2025.48500.CALL,CALL,48500,26-Jun-25,7329.029126740629,7458.166969623684,7153.231593828001,76,39,29.290551303825215,6.798226341753434,3160,6013,,,,1.9505173926344672
6/18/25 12:15,BANKNIFTY.NSE.OPT.26Jun2025.48600.CALL,CALL,48600,26-Jun-25,6947.130908266316,7347.541197257239,7038.557390318758,63,4,34.03915238061178,-6.539940488,8514,3448,,,,-1.869452934
6/18/25 12:15,BANKNIFTY.NSE.OPT.26Jun2025.48700.CALL,CALL,48700,26-Jun-25,6930.967400645935,7445.332694045282,7056.2606111733385,24,3,32.26447328194904,2.4961339833803304,4977,5932,,,,-1.376227534
6/18/25 12:15,BANKNIFTY.NSE.OPT.26Jun2025.48800.CALL,CALL,48800,26-Jun-25,6722.934515708055,7224.644025223567,6686.199213590859,11,5,33.89076583,9.350973271783335,6758,6716,,,,0.9174013184190195
6/18/25 12:15,BANKNIFTY.NSE.OPT.26Jun2025.48900.CALL,CALL,48900,26-Jun-25,6648.371491415478,7119.747430087584,6889.4238102809095,12,1,18.307650697959005,-4.20926957,3008,1287,,,,1.3233410551847435
6/18/25 12:15,BANKNIFTY.NSE.OPT.26Jun2025.49000.CALL,CALL,49000,26-Jun-25,6851.887709641532,7027.479746317326,7058.078515501407,118,1610,26.48924399104517,-4.559523218,9637,6528,,,,0.7337519894362607
6/18/25 12:15,BANKNIFTY.NSE.OPT.26Jun2025.49100.CALL,CALL,49100,26-Jun-25,6364.729919605538,6886.005551757136,6482.086513290246,81,0,24.83382819808959,-5.977303265,5469,8077,,,,1.9778971554767102
6/18/25 12:15,BANKNIFTY.NSE.OPT.26Jun2025.49200.CALL,CALL,49200,26-Jun-25,6564.783156320008,6697.666866489945,6459.76153,81,15,29.24806577807307,-4.947695098,5799,2521,,,,0.26443201984692344
6/18/25 12:15,BANKNIFTY.NSE.OPT.26Jun2025.49300.CALL,CALL,49300,26-Jun-25,6141.015905861266,6901.860367390655,6468.241013,36,34,21.718156651111773,9.317564461471925,1968,2559,,,,1.5092762710728573
6/18/25 12:15,BANKNIFTY.NSE.OPT.26Jun2025.49400.CALL,CALL,49400,26-Jun-25,6158.121987115716,6525.7108937716375,6364.711926458608,37,1,22.061808742208562,-6.742306822,6010,3041,,,,0.3357818763161098
6/18/25 12:15,BANKNIFTY.NSE.OPT.26Jun2025.49500.CALL,CALL,49500,26-Jun-25,6230.349015061994,6375.754105119571,6297.754804658748,31,437,24.99328033611328,9.159155343762496,4240,3071,,,,-0.610258656
6/18/25 12:15,BANKNIFTY.NSE.OPT.26Jun2025.49600.CALL,CALL,49600,26-Jun-25,6033.322818580264,6427.839537033461,6620.826743035549,86,3,29.010933508795368,2.101996027041146,8193,3950,,,,0.7174527242277353
6/18/25 12:15,BANKNIFTY.NSE.OPT.26Jun2025.49700.CALL,CALL,49700,26-Jun-25,5760.029454499089,6379.481039948825,6223.462941130222,14,0,34.67734767,-9.848581344,4403,6646,,,,1.1794318981224783
6/18/25 12:15,BANKNIFTY.NSE.OPT.26Jun2025.49800.CALL,CALL,49800,26-Jun-25,5594.025152893361,6187.399123680223,5910.098785272561,33,58,26.847528967249346,0.36653841385219366,4630,9474,,,,0.6261516520829735
6/18/25 12:15,BANKNIFTY.NSE.OPT.26Jun2025.49900.CALL,CALL,49900,26-Jun-25,5654.480266599255,6181.567276108525,5930.493194,24,0,29.74968025526639,2.2022954013353946,7647,1191,,,,-1.411687582
6/18/25 12:15,BANKNIFTY.NSE.OPT.26Jun2025.50000.CALL,CALL,50000,26-Jun-25,5809.757174809627,5959.168664555738,5945.350769,97,5345,33.01559550833733,8.311367285,1238,2365,,,,-0.932895364
6/18/25 12:15,BANKNIFTY.NSE.OPT.26Jun2025.50100.CALL,CALL,50100,26-Jun-25,5583.124154958698,6037.686066704327,5735.931708,65,5,22.96933192489189,-2.461518944,6970,6196,,,,-1.647113254
6/18/25 12:15,BANKNIFTY.NSE.OPT.26Jun2025.50200.CALL,CALL,50200,26-Jun-25,5495.567843688449,5729.270212837997,5383.587865862468,94,21,21.60638045530987,-3.852636328,6282,9797,,,,-0.373424616
6/18/25 12:15,BANKNIFTY.NSE.OPT.26Jun2025.50300.CALL,CALL,50300,26-Jun-25,5514.934476,5647.363452624241,5244.458544679006,32,14,20.71711856425585,2.005452684186171,9508,2756,,,,-0.609027827
6/18/25 12:15,BANKNIFTY.NSE.OPT.26Jun2025.50400.CALL,CALL,50400,26-Jun-25,5373.118815968392,5615.502135060957,5216.451815619506,34,41,27.24789265478458,-5.087173051,1705,5181,,,,0.5545684566581697
6/18/25 12:15,BANKNIFTY.NSE.OPT.26Jun2025.50500.CALL,CALL,50500,26-Jun-25,5386.589223653524,5295.617342841091,5557.149058712768,24,299,22.713240872834273,-1.779806274,5119,3057,,,,-0.583956512
6/18/25 12:15,BANKNIFTY.NSE.OPT.26Jun2025.50600.CALL,CALL,50600,26-Jun-25,5217.126866319827,5395.886214704778,4949.527698206124,57,51,29.751588319114706,6.040908778,1894,2322,,,,-0.853062178
6/18/25 12:15,BANKNIFTY.NSE.OPT.26Jun2025.50700.CALL,CALL,50700,26-Jun-25,5084.901860066291,5393.3536514303605,5124.167822500796,88,14,24.837637748137066,2.609997784176624,4185,6838,,,,1.9486219827836764
6/18/25 12:15,BANKNIFTY.NSE.OPT.26Jun2025.50800.CALL,CALL,50800,26-Jun-25,4856.239972810792,5167.502310415001,5031.441454033203,36,16,20.730152125585768,6.723196876410938,7564,7134,,,,1.843553189871744
6/18/25 12:15,BANKNIFTY.NSE.OPT.26Jun2025.50900.CALL,CALL,50900,26-Jun-25,4820.7902,5188.8780459321315,4840.1197364766995,75,26,21.26393592,5.157399823747806,3213,7697,,,,1.249550495253294
6/18/25 12:15,BANKNIFTY.NSE.OPT.26Jun2025.51000.CALL,CALL,51000,26-Jun-25,4776.577498038704,4984.027287325833,4795.245046995343,65,2768,25.96524033950448,3.8082189362194807,4382,9704,,,,-1.030967591
6/18/25 12:15,BANKNIFTY.NSE.OPT.26Jun2025.51100.CALL,CALL,51100,26-Jun-25,4707.736948364882,4918.355660880965,4519.177926559221,93,32,29.87814946010102,0.090739599,8355,6381,,,,1.131952155876538
6/18/25 12:15,BANKNIFTY.NSE.OPT.26Jun2025.51200.CALL,CALL,51200,26-Jun-25,4521.485515340385,4780.680107790316,4017.597454888102,20,32,23.026270993979047,1.9321420149552253,4190,8807,,,,-0.164309751
6/18/25 12:15,BANKNIFTY.NSE.OPT.26Jun2025.51300.CALL,CALL,51300,26-Jun-25,4484.532361117471,4733.665923378541,4737.293382790683,3,22,19.897801027525585,0.8495479209394681,3713,4817,,,,1.7061408671353355
6/18/25 12:15,BANKNIFTY.NSE.OPT.26Jun2025.51400.CALL,CALL,51400,26-Jun-25,4314.480496766561,4705.494171,4425.309809379475,87,30,32.67495244584973,-2.587766425,1144,4517,,,,-1.765042014
6/18/25 12:15,BANKNIFTY.NSE.OPT.26Jun2025.51500.CALL,CALL,51500,26-Jun-25,4305.352540646361,4386.873635805693,4267.2430981534735,116,593,22.36791372010079,-5.145466912,7018,6903,,,,-0.255511145
6/18/25 12:15,BANKNIFTY.NSE.OPT.26Jun2025.51600.CALL,CALL,51600,26-Jun-25,4110.800078,4448.699970829587,4155.7494313062925,9,26,30.860423577629682,9.395820395,9391,4452,,,,0.005974706
6/18/25 12:15,BANKNIFTY.NSE.OPT.26Jun2025.51700.CALL,CALL,51700,26-Jun-25,4081.4257033340905,4315.667045507539,4198.053606,14,27,19.574428329052395,1.3326586785943881,9950,6461,,,,1.0573126778088158
6/18/25 12:15,BANKNIFTY.NSE.OPT.26Jun2025.51800.CALL,CALL,51800,26-Jun-25,3971.473424139053,4289.333807468238,3826.6659494291134,99,60,32.10979039897032,5.177247126456102,3749,5332,,,,-1.940043905
6/18/25 12:15,BANKNIFTY.NSE.OPT.26Jun2025.51900.CALL,CALL,51900,26-Jun-25,3762.7772599648733,4160.322061051259,4123.817443552605,33,40,32.86950335554826,-4.925341567,5229,8957,,,,-1.113835131
6/18/25 12:15,BANKNIFTY.NSE.OPT.26Jun2025.52000.CALL,CALL,52000,26-Jun-25,3894.628521093286,3921.6651125977196,3848.400375181531,134,3753,27.180263078573397,2.136980394,2059,3759,,,,1.1657009987140206
6/18/25 12:15,BANKNIFTY.NSE.OPT.26Jun2025.52100.CALL,CALL,52100,26-Jun-25,3633.9406592135183,3984.9958531221027,4359.564982264966,74,10,34.92156107768842,3.9970099876042973,4548,3566,,,,-0.604022095
6/18/25 12:15,BANKNIFTY.NSE.OPT.26Jun2025.52200.CALL,CALL,52200,26-Jun-25,3548.3017420007777,3855.426745667668,3522.5712265914854,0,85,34.24597107,-4.581111181,4799,2964,,,,0.2544495514274443
6/18/25 12:15,BANKNIFTY.NSE.OPT.26Jun2025.52300.CALL,CALL,52300,26-Jun-25,3441.0788565926487,3772.422840769246,3537.399147420434,13,17,24.61710083364707,0.015634941007840908,7514,5137,,,,-0.624405227
6/18/25 12:15,BANKNIFTY.NSE.OPT.26Jun2025.52400.CALL,CALL,52400,26-Jun-25,3391.5386043253984,3699.3644333134334,4291.357049535733,10,2,26.06329046101301,-4.575486086,7729,4300,,,,-0.213836373
6/18/25 12:15,BANKNIFTY.NSE.OPT.26Jun2025.52500.CALL,CALL,52500,26-Jun-25,3372.6863499622414,3487.525815994916,3456.800735102939,92,2004,23.66409957078698,9.976832232,8484,6650,,,,1.2108430273646413
6/18/25 12:15,BANKNIFTY.NSE.OPT.26Jun2025.52600.CALL,CALL,52600,26-Jun-25,3179.7533594955808,3482.869857319457,3068.761605792183,48,10,25.60412884270863,8.426559020427536,7364,6325,,,,0.3928068673887384
6/18/25 12:15,BANKNIFTY.NSE.OPT.26Jun2025.52700.CALL,CALL,52700,26-Jun-25,3127.0479355556627,3392.2883836392884,3769.215246291828,61,3,32.48878729030578,1.2655507569193567,7878,7010,,,,1.041891071770928
6/18/25 12:15,BANKNIFTY.NSE.OPT.26Jun2025.52800.CALL,CALL,52800,26-Jun-25,2996.932594151549,3240.4168152612024,3100.368887554966,53,74,15.035519851670253,-4.080865561,3977,5646,,,,1.9192865495228557
6/18/25 12:15,BANKNIFTY.NSE.OPT.26Jun2025.52900.CALL,CALL,52900,26-Jun-25,2910.1567626635083,3160.992404391992,2825.489210563026,3,10,15.603911584990719,-1.723233812,6812,2611,,,,1.553212128187901
6/18/25 12:15,BANKNIFTY.NSE.OPT.26Jun2025.53000.CALL,CALL,53000,26-Jun-25,2954.195033823477,2886.040101650821,2823.942374461835,1069,4189,27.63592777958535,3.8422650525641373,6364,4706,,,,-1.408249122
6/18/25 12:15,BANKNIFTY.NSE.OPT.26Jun2025.53100.CALL,CALL,53100,26-Jun-25,2745.2061444982905,2907.0669218066423,2730.1558124343755,39,101,32.26148436196513,6.330677584564889,3550,1486,,,,0.6513581981119936
6/18/25 12:15,BANKNIFTY.NSE.OPT.26Jun2025.53200.CALL,CALL,53200,26-Jun-25,2614.5353993320564,2807.25827,2819.026115738342,0,19,20.88637158924928,1.5773745494204867,6786,8076,,,,-1.621402108
6/18/25 12:15,BANKNIFTY.NSE.OPT.26Jun2025.53300.CALL,CALL,53300,26-Jun-25,2537.409336689864,2749.7698813384504,2821.4224586246955,13,79,30.452487400639477,9.051268232969974,6858,1509,,,,1.7880230768550232
6/18/25 12:15,BANKNIFTY.NSE.OPT.26Jun2025.53400.CALL,CALL,53400,26-Jun-25,2455.040850207852,2553.745227556129,2685.5464974097226,71,32,29.313537083938886,-7.359334649,4853,2432,,,,-0.315195563
6/18/25 12:15,BANKNIFTY.NSE.OPT.26Jun2025.53500.CALL,CALL,53500,26-Jun-25,2432.099566245069,2565.759359631514,2416.3606240356416,61,1681,32.16076053952328,0.15866063654336138,8515,6222,,,,-1.137800091
6/18/25 12:15,BANKNIFTY.NSE.OPT.26Jun2025.53600.CALL,CALL,53600,26-Jun-25,2292.1849865851323,2420.6994549518945,2210.533614018821,33,75,15.338684485067553,4.934342259839553,4031,6518,,,,0.4139055413516086
6/18/25 12:15,BANKNIFTY.NSE.OPT.26Jun2025.53700.CALL,CALL,53700,26-Jun-25,2117.522667892557,2283.638054199179,2316.701853666511,68,80,33.35731302620361,-0.78674559,1137,1152,,,,-0.832605394
6/18/25 12:15,BANKNIFTY.NSE.OPT.26Jun2025.53800.CALL,CALL,53800,26-Jun-25,2080.756868,2299.459517824586,2156.058333979237,83,52,34.016185159525605,1.1694857299920223,4435,7717,,,,1.7323660281808948
6/18/25 12:15,BANKNIFTY.NSE.OPT.26Jun2025.53900.CALL,CALL,53900,26-Jun-25,1966.1061165562653,2155.9878245279438,1948.4185288188842,89,78,16.993925194929908,9.585623914659887,1099,6632,,,,0.9037366796609008
6/18/25 12:15,BANKNIFTY.NSE.OPT.26Jun2025.54000.CALL,CALL,54000,26-Jun-25,1901.6034273376802,1954.4340866345874,1959.1351840741447,942,6179,22.670226383067863,-5.485756229,7418,2150,,,,0.5107212120930273
6/18/25 12:15,BANKNIFTY.NSE.OPT.26Jun2025.54100.CALL,CALL,54100,26-Jun-25,1777.467935420126,1961.9973106311706,1828.1998758891593,60,148,20.409761135960544,2.8889605078698857,7730,3876,,,,0.6622235565525538
6/18/25 12:15,BANKNIFTY.NSE.OPT.26Jun2025.54200.CALL,CALL,54200,26-Jun-25,1729.9541476260836,1881.6231927768404,1646.3255973445685,78,76,21.619148647551278,-6.082043991,8681,6455,,,,-0.250017677
6/18/25 12:15,BANKNIFTY.NSE.OPT.26Jun2025.54300.CALL,CALL,54300,26-Jun-25,1604.8559925825334,1774.540206811532,1703.9876732189787,108,97,18.637280178184664,-3.975039236,5214,2342,,,,0.23604287879517027
6/18/25 12:15,BANKNIFTY.NSE.OPT.26Jun2025.54400.CALL,CALL,54400,26-Jun-25,1558.3976520155838,1665.9097521830895,1584.7868851590222,74,110,24.602168463045338,-7.113091439,2032,6731,,,,1.0753383791133455
6/18/25 12:15,BANKNIFTY.NSE.OPT.26Jun2025.54500.CALL,CALL,54500,26-Jun-25,1468.7198787132818,1495.0003263704725,1498.700169139423,1294,2243,20.073588699395742,2.8597105741790934,7617,5232,,,,0.30224629389851376
6/18/25 12:15,BANKNIFTY.NSE.OPT.26Jun2025.54600.CALL,CALL,54600,26-Jun-25,1373.9146540946397,1461.4812060514087,1399.6014557533113,230,480,25.48149484092532,-7.586643592,6697,6063,,,,1.7278360749604542
6/18/25 12:15,BANKNIFTY.NSE.OPT.26Jun2025.54700.CALL,CALL,54700,26-Jun-25,1304.4237277496459,1326.1792264671478,1334.6698101304519,98,260,21.350696547460117,-0.797539627,8008,1796,,,,0.2728777196504919
6/18/25 12:15,BANKNIFTY.NSE.OPT.26Jun2025.54800.CALL,CALL,54800,26-Jun-25,1230.0510966862032,1240.4992988404763,1238.4465601891181,297,393,29.646214089801518,6.378682695863656,3204,3741,,,,-0.847133963
6/18/25 12:15,BANKNIFTY.NSE.OPT.26Jun2025.54900.CALL,CALL,54900,26-Jun-25,1149.335956131349,1175.4606344856097,1149.9815759358744,455,447,22.630746189714017,0.600438567,4733,9170,,,,-1.212369705
6/18/25 12:15,BANKNIFTY.NSE.OPT.26Jun2025.55000.CALL,CALL,55000,26-Jun-25,1065.072247431031,1104.4412706773808,1074.6071085800506,18426,18122,25.270646423917356,0.6871014435833374,5302,1397,,,,-0.745706317
6/18/25 12:15,BANKNIFTY.NSE.OPT.26Jun2025.55100.CALL,CALL,55100,26-Jun-25,991.8629739378911,1009.0060755129387,989.7090366,1429,598,34.98666080757319,-4.081403743,3225,2028,,,,1.9312956980424323
6/18/25 12:15,BANKNIFTY.NSE.OPT.26Jun2025.55200.CALL,CALL,55200,26-Jun-25,935.5986497551918,925.7534936560538,958.4596500275471,3920,1344,22.833839327478664,4.887392509966739,2437,9042,,,,0.13835401452654805
6/18/25 12:15,BANKNIFTY.NSE.OPT.26Jun2025.55300.CALL,CALL,55300,26-Jun-25,846.7222224829587,863.5564771480782,831.4019590863334,7193,1545,20.352895705074985,-9.762417711,9138,5071,,,,-0.434525815
6/18/25 12:15,BANKNIFTY.NSE.OPT.26Jun2025.55400.CALL,CALL,55400,26-Jun-25,786.2838776984468,784.0960178014368,783.2597858774076,11511,2455,34.23844659078028,0.3962576916013898,9224,4611,,,,-0.837264164
6/18/25 12:15,BANKNIFTY.NSE.OPT.26Jun2025.55500.CALL,CALL,55500,26-Jun-25,700.4828664397482,725.6474939121479,699.6474534685684,100634,17123,22.81708823998825,7.098117297445569,5697,6447,,,,1.7224823469927704
6/18/25 12:15,BANKNIFTY.NSE.OPT.26Jun2025.55600.CALL,CALL,55600,26-Jun-25,637.3918653282747,657.5132941577027,654.6380214974747,72162,6232,19.07857958998152,4.720036719972022,4985,5751,,,,0.16074742091526195
6/18/25 12:15,BANKNIFTY.NSE.OPT.26Jun2025.55700.CALL,CALL,55700,26-Jun-25,595.8486566965302,601.6020789,588.2823616684415,152114,6814,17.273017138083368,-8.117664313,3471,6265,,,,-1.660198044
6/18/25 12:15,BANKNIFTY.NSE.OPT.26Jun2025.55800.CALL,CALL,55800,26-Jun-25,539.0323525084405,523.6517013173017,525.2795622497757,191920,15425,20.091582904595093,7.333704958813517,6982,6748,,,,0.061508397
6/18/25 12:15,BANKNIFTY.NSE.OPT.26Jun2025.55900.CALL,CALL,55900,26-Jun-25,482.8377693242697,479.06402064088644,476.70415478443493,134397,10372,25.941287838205124,5.598495766301122,5390,1512,,,,0.9795352964846966
6/18/25 12:15,BANKNIFTY.NSE.OPT.26Jun2025.56000.CALL,CALL,56000,26-Jun-25,424.23676583427437,417.8196169220727,433.12842625084335,278554,84992,16.11357688530269,-1.808692763,4902,2896,,,,1.1842042735595668
6/18/25 12:15,BANKNIFTY.NSE.OPT.26Jun2025.56100.CALL,CALL,56100,26-Jun-25,373.1243106578613,375.85010145497904,382.3807941499196,46589,6823,26.849552267265388,-4.097799826,2316,8879,,,,0.014983811859199836
6/18/25 12:15,BANKNIFTY.NSE.OPT.26Jun2025.56200.CALL,CALL,56200,26-Jun-25,330.9757389915669,338.8025649984773,339.28313516019927,47308,8574,33.5836329,7.953796695,5891,2229,,,,-0.847584726
6/18/25 12:15,BANKNIFTY.NSE.OPT.26Jun2025.56300.CALL,CALL,56300,26-Jun-25,300.1122579037827,299.6303397360312,308.4647772001768,36291,7818,29.74804406342914,-3.204495743,4848,9321,,,,-1.316868796
6/18/25 12:15,BANKNIFTY.NSE.OPT.26Jun2025.56400.CALL,CALL,56400,26-Jun-25,261.8147877148611,269.40595135631156,263.79091590234003,32445,6716,31.836407197875083,-9.87412473,7193,3326,,,,1.1381740551323483
6/18/25 12:15,BANKNIFTY.NSE.OPT.26Jun2025.56500.CALL,CALL,56500,26-Jun-25,236.33621993998827,234.47680154488003,238.5553066,112153,41452,33.06104869150951,-8.89738798,3062,7259,,,,0.23584939820577544
6/18/25 12:15,BANKNIFTY.NSE.OPT.26Jun2025.56600.CALL,CALL,56600,26-Jun-25,204.02378851884268,202.06909918050474,199.10391746162685,32330,10797,15.979321645203049,2.370141942732534,2343,2706,,,,0.042076732
6/18/25 12:15,BANKNIFTY.NSE.OPT.26Jun2025.56700.CALL,CALL,56700,26-Jun-25,176.14150530031134,178.29955460641486,177.82479380446244,30347,9800,23.884802406977467,-5.703139825,6091,8079,,,,-1.127114423
6/18/25 12:15,BANKNIFTY.NSE.OPT.26Jun2025.56800.CALL,CALL,56800,26-Jun-25,156.76954979253273,157.57558996228707,155.5249607649911,27690,11383,17.116212429114213,7.033056053159033,1213,1368,,,,-0.070653505
6/18/25 12:15,BANKNIFTY.NSE.OPT.26Jun2025.56900.CALL,CALL,56900,26-Jun-25,135.79783569524864,135.65978156188746,139.85027906834014,20607,11366,33.16551195861009,-6.133874139,9916,4810,,,,0.4640829816321328
6/18/25 12:15,BANKNIFTY.NSE.OPT.26Jun2025.57000.CALL,CALL,57000,26-Jun-25,119.85247005375061,122.52845121278999,119.50555929002428,114651,51430,30.22115465922143,-5.74703316,8516,9276,,,,-1.965937067
6/18/25 12:15,BANKNIFTY.NSE.OPT.26Jun2025.57100.CALL,CALL,57100,26-Jun-25,101.46577252609889,103.71544221954095,103.86290669633348,15822,5780,33.32842825035818,-7.413885093,2654,8130,,,,1.814261081523402
6/18/25 12:15,BANKNIFTY.NSE.OPT.26Jun2025.57200.CALL,CALL,57200,26-Jun-25,87.40883862035082,91.15180136134464,91.17600869,25209,5914,26.693864191520454,-8.282168246,5758,3438,,,,1.225970725003629
6/18/25 12:15,BANKNIFTY.NSE.OPT.26Jun2025.57300.CALL,CALL,57300,26-Jun-25,76.57710759322985,81.00130197,81.56462333385164,16720,4671,19.600556524009477,-2.009492162,2238,1882,,,,1.4075585235054775
6/18/25 12:15,BANKNIFTY.NSE.OPT.26Jun2025.57400.CALL,CALL,57400,26-Jun-25,65.86945106643135,69.91416170813221,67.99093674234008,17567,4722,17.494050128730457,5.626613422467541,8788,7484,,,,-0.331229069
6/18/25 12:15,BANKNIFTY.NSE.OPT.26Jun2025.57500.CALL,CALL,57500,26-Jun-25,58.76426636573209,60.740633479450004,59.253978127418385,93026,36828,22.509577489933534,-8.561764904,1004,1389,,,,-0.591828398
6/18/25 12:15,BANKNIFTY.NSE.OPT.26Jun2025.57600.CALL,CALL,57600,26-Jun-25,50.431212124524166,53.64686555469334,51.62241322,14669,4363,23.082280130463094,-8.532029335,3692,4408,,,,-1.672195157
6/18/25 12:15,BANKNIFTY.NSE.OPT.26Jun2025.57700.CALL,CALL,57700,26-Jun-25,44.11138070415136,47.43545667,45.11568166561422,12866,3879,25.148383508301052,8.526789529585017,6461,6188,,,,0.8892401815767212
6/18/25 12:15,BANKNIFTY.NSE.OPT.26Jun2025.57800.CALL,CALL,57800,26-Jun-25,39.290171367183376,40.775761678525974,40.312559786250716,20150,4769,21.131097764170207,1.305717679303953,2889,9302,,,,-0.067003561
6/18/25 12:15,BANKNIFTY.NSE.OPT.26Jun2025.57900.CALL,CALL,57900,26-Jun-25,33.88454295074507,35.79968622349125,33.68820507564648,8572,2630,25.952821545487687,-2.288715592,9036,7827,,,,-1.218165357
6/18/25 12:15,BANKNIFTY.NSE.OPT.26Jun2025.58000.CALL,CALL,58000,26-Jun-25,29.44706258616998,30.59887993917445,30.436186652030496,85402,38224,17.696110015512453,-8.174146468,5127,3427,,,,-1.717286038
6/18/25 12:15,BANKNIFTY.NSE.OPT.26Jun2025.58100.CALL,CALL,58100,26-Jun-25,26.16981056487864,27.78647289417348,26.872462503390814,9253,3037,23.009404892862158,-3.712988283,3990,2127,,,,0.1718874820965981
6/18/25 12:15,BANKNIFTY.NSE.OPT.26Jun2025.58200.CALL,CALL,58200,26-Jun-25,24.56202738326842,24.609809583462898,24.273470027694444,14778,4361,18.305586029885163,-8.507943941,3085,1943,,,,-0.945376594
6/18/25 12:15,BANKNIFTY.NSE.OPT.26Jun2025.58300.CALL,CALL,58300,26-Jun-25,21.19695622451824,22.23508389891984,20.962988888201455,10176,3816,26.446955724917668,1.6883510980630252,5198,2941,,,,-0.800086877
6/18/25 12:15,BANKNIFTY.NSE.OPT.26Jun2025.58400.CALL,CALL,58400,26-Jun-25,19.18187294480228,19.673670058133332,19.89579883435355,10121,2177,18.95462141874682,1.4056404275969125,5256,9491,,,,-1.549828911
6/18/25 12:15,BANKNIFTY.NSE.OPT.26Jun2025.58500.CALL,CALL,58500,26-Jun-25,16.447411813097137,17.699668018391193,16.347465241195625,54319,28971,17.00436454382049,3.702405496803152,9777,2678,,,,-0.109312214
6/18/25 12:15,BANKNIFTY.NSE.OPT.26Jun2025.58600.CALL,CALL,58600,26-Jun-25,14.416023040749295,15.562475651681623,15.624067966889891,6571,2493,17.70951136230906,4.368106702,1303,8840,,,,-1.659177778
6/18/25 12:15,BANKNIFTY.NSE.OPT.26Jun2025.58700.CALL,CALL,58700,26-Jun-25,13.499683983712112,14.31035268180075,13.587606580329926,12695,2177,32.611280820701296,-8.210481818,8442,8193,,,,-0.858725899
6/18/25 12:15,BANKNIFTY.NSE.OPT.26Jun2025.58800.CALL,CALL,58800,26-Jun-25,11.763177099741313,12.768463864044428,12.79027944517687,8395,4260,26.170365942889482,0.39786249175644883,7119,2373,,,,-1.835413295
6/18/25 12:15,BANKNIFTY.NSE.OPT.26Jun2025.58900.CALL,CALL,58900,26-Jun-25,11.104842616138733,11.71332621361555,11.301391378972587,8852,4173,25.464155481138643,-1.406856584,8747,8919,,,,-1.272123993
6/18/25 12:15,BANKNIFTY.NSE.OPT.26Jun2025.59000.CALL,CALL,59000,26-Jun-25,10.466206025564889,10.607687327877725,10.521563956050098,70966,47303,30.30488669850631,-6.224424386,5124,8041,,,,1.33880211
6/18/25 12:15,BANKNIFTY.NSE.OPT.26Jun2025.59100.CALL,CALL,59100,26-Jun-25,9.852400808946397,10.15153574588342,9.707330087121054,5856,2074,21.560804137438353,4.835375645634755,9448,8240,,,,1.0971823990248972
6/18/25 12:15,BANKNIFTY.NSE.OPT.26Jun2025.59200.CALL,CALL,59200,26-Jun-25,9.379435369625673,9.806672277110032,9.886631813,3241,1806,33.00594260534937,6.272029956,9027,9247,,,,1.926094417011019
6/18/25 12:15,BANKNIFTY.NSE.OPT.26Jun2025.59300.CALL,CALL,59300,26-Jun-25,8.805270472787017,9.202287386731019,8.97583141,3482,1538,22.49434284747999,-1.625884138,7954,9987,,,,-1.990138604
6/18/25 12:15,BANKNIFTY.NSE.OPT.26Jun2025.59400.CALL,CALL,59400,26-Jun-25,8.633109082,9.475782989691172,8.434155668,1456,1336,26.325578188965757,-3.804341523,8319,8317,,,,-0.681733215
6/18/25 12:15,BANKNIFTY.NSE.OPT.26Jun2025.59500.CALL,CALL,59500,26-Jun-25,7.758796212024749,8.064149814846694,7.894345612304924,35701,31681,15.79868438992019,-2.018158724,9061,8148,,,,-0.287582051
6/18/25 12:15,BANKNIFTY.NSE.OPT.26Jun2025.59600.CALL,CALL,59600,26-Jun-25,7.599020673425688,7.847119544243605,7.931209132730585,1814,1723,16.16257170264754,4.555282155461837,3254,7675,,,,0.9579763971269477
6/18/25 12:15,BANKNIFTY.NSE.OPT.26Jun2025.59700.CALL,CALL,59700,26-Jun-25,6.953527535300487,7.655644227462854,7.584799752478577,3459,6549,23.865675440309882,-9.52451993,9950,7299,,,,-1.561216933
6/18/25 12:15,BANKNIFTY.NSE.OPT.26Jun2025.59800.CALL,CALL,59800,26-Jun-25,6.880758418167773,7.731014065,7.031767198900032,1492,1880,17.91876796,-6.53433762,6759,4143,,,,-0.764919316
6/18/25 12:15,BANKNIFTY.NSE.OPT.26Jun2025.59900.CALL,CALL,59900,26-Jun-25,7.203409804330867,7.9185322013517645,7.129087670635659,1987,1677,20.147358853665295,-7.081834614,4514,9802,,,,1.6650370576001992
6/18/25 12:15,BANKNIFTY.NSE.OPT.26Jun2025.60000.CALL,CALL,60000,26-Jun-25,6.862659574358333,6.751893115102409,6.827453439177169,40658,49112,32.67922057655545,-9.32771146,8686,9333,,,,-0.911918986
6/18/25 12:15,BANKNIFTY.NSE.OPT.26Jun2025.60100.CALL,CALL,60100,26-Jun-25,6.620377170932631,6.9403897525023215,6.915353225372941,1207,1363,28.038053048638332,-6.35365339,2360,7913,,,,0.8410305295544869
6/18/25 12:15,BANKNIFTY.NSE.OPT.26Jun2025.60200.CALL,CALL,60200,26-Jun-25,5.4080638727612085,6.381259270929082,6.465058086,2166,3613,31.07865319439425,3.2609840934542316,4750,5662,,,,-1.607204598
6/18/25 12:15,BANKNIFTY.NSE.OPT.26Jun2025.60300.CALL,CALL,60300,26-Jun-25,6.424511240092048,6.732931384,6.567857701258654,1839,1639,30.613575836622722,6.534452074197514,9461,9672,,,,-1.145640398
6/18/25 12:15,BANKNIFTY.NSE.OPT.26Jun2025.60400.CALL,CALL,60400,26-Jun-25,6.383394226845891,8.001907336228662,6.722034270170216,728,1129,16.401932034106174,7.964559086450766,8567,5835,,,,0.666858402
6/18/25 12:15,BANKNIFTY.NSE.OPT.26Jun2025.60500.CALL,CALL,60500,26-Jun-25,5.2769785988595155,6.100353786242867,6.172696903332664,14741,15736,34.49065691908058,7.995776575208012,2246,2570,,,,-0.379349156
6/18/25 12:15,BANKNIFTY.NSE.OPT.26Jun2025.60600.CALL,CALL,60600,26-Jun-25,4.926613626174806,7.089727372,7.076986471703998,1312,1401,27.121840261539862,-8.337742667,5894,5274,,,,-1.040674931
6/18/25 12:15,BANKNIFTY.NSE.OPT.26Jun2025.60700.CALL,CALL,60700,26-Jun-25,5.955087099923502,6.950539481109769,5.794151519724635,920,912,31.59177208596337,-4.376198182,1406,6605,,,,1.6293090521263438
6/18/25 12:15,BANKNIFTY.NSE.OPT.26Jun2025.60800.CALL,CALL,60800,26-Jun-25,4.988229520713855,6.410024765582389,5.676179242026314,551,849,18.48010233810578,-1.590762098,4068,3774,,,,0.060349052
6/18/25 12:15,BANKNIFTY.NSE.OPT.26Jun2025.60900.CALL,CALL,60900,26-Jun-25,5.487678011800811,5.986375100404551,5.645346523144299,1108,1014,32.96569760340957,-2.529642025,2222,7263,,,,1.8214534760914725
6/18/25 12:15,BANKNIFTY.NSE.OPT.26Jun2025.61000.CALL,CALL,61000,26-Jun-25,5.340878519869168,5.473180029205065,5.390681581832369,30175,28673,32.808957516942286,-5.361275668,9077,7148,,,,1.6407348921962974
6/18/25 12:15,BANKNIFTY.NSE.OPT.26Jun2025.61100.CALL,CALL,61100,26-Jun-25,4.30943619,7.472797835355804,5.3796748929309635,410,252,27.674421793321294,-1.628437166,8529,3476,,,,0.8343051235827605
6/18/25 12:15,BANKNIFTY.NSE.OPT.26Jun2025.61200.CALL,CALL,61200,26-Jun-25,5.336768934422452,7.461757424881943,5.327361068322968,342,240,21.621168721484068,-3.661195963,3540,5525,,,,1.388628708238424
6/18/25 12:15,BANKNIFTY.NSE.OPT.26Jun2025.61300.CALL,CALL,61300,26-Jun-25,4.0704742074193705,6.864704934701235,5.243457012160182,314,139,29.702037582223156,4.517557551741104,8284,1804,,,,-0.262693004
6/18/25 12:15,BANKNIFTY.NSE.OPT.26Jun2025.61400.CALL,CALL,61400,26-Jun-25,3.9918753984844804,5.322347483982796,5.370164003869051,994,515,33.67653890135383,9.774472407616017,4501,7087,,,,-1.212766066
6/18/25 12:15,BANKNIFTY.NSE.OPT.26Jun2025.61500.CALL,CALL,61500,26-Jun-25,4.692516532465929,5.374572621729976,5.325545251549403,5628,7572,18.07793147147575,3.2444462620392436,7040,8841,,,,0.12008561799392226
6/18/25 12:15,BANKNIFTY.NSE.OPT.26Jun2025.61600.CALL,CALL,61600,26-Jun-25,4.863261743343505,5.883230766955263,5.161633920303698,1174,605,20.00261247796988,4.263633056931834,9944,7077,,,,1.9056298200192896
6/18/25 12:15,BANKNIFTY.NSE.OPT.26Jun2025.61700.CALL,CALL,61700,26-Jun-25,4.1553431270926025,5.755670381556295,5.785053732776817,200,176,28.251969860597665,5.099384355,6094,8755,,,,-1.331123609
6/18/25 12:15,BANKNIFTY.NSE.OPT.26Jun2025.61800.CALL,CALL,61800,26-Jun-25,4.304920451648452,6.835540122599193,5.126705627,507,224,17.833187517416384,-6.55462184,6752,7731,,,,-1.999554173
6/18/25 12:15,BANKNIFTY.NSE.OPT.26Jun2025.62000.CALL,CALL,62000,26-Jun-25,4.648406154327891,4.908879907207007,4.6361348918036365,10198,12456,18.65942775739043,1.1498203271092748,7683,8489,,,,-1.914922814
6/18/25 12:15,BANKNIFTY.NSE.OPT.26Jun2025.62500.CALL,CALL,62500,26-Jun-25,4.708132191667649,4.708263793581645,4.9152809438134035,6654,6851,15.116987537054046,-8.96837226,7656,1701,,,,1.5887494728765774
6/18/25 12:15,BANKNIFTY.NSE.OPT.26Jun2025.63000.CALL,CALL,63000,26-Jun-25,4.225866388060829,4.640921752508654,4.357496551295549,9869,31577,23.640904099201137,4.279230837035925,9466,3768,,,,1.1315358880392985
6/18/25 12:15,BANKNIFTY.NSE.OPT.26Jun2025.63500.CALL,CALL,63500,26-Jun-25,3.7905827435121573,3.9887242500812783,3.8867514367312617,7386,10448,25.519458096101474,0.072404302,7768,1753,,,,1.0544778270737503
6/18/25 12:15,BANKNIFTY.NSE.OPT.26Jun2025.64000.CALL,CALL,64000,26-Jun-25,3.7843519441366458,4.078285737739704,3.944755417252309,7412,7829,32.04697231496329,5.105784364294665,4668,8177,,,,1.272401585
6/18/25 12:15,BANKNIFTY.NSE.OPT.26Jun2025.64500.CALL,CALL,64500,26-Jun-25,3.826732487309359,3.8973650213892252,3.8878747355405374,23191,26903,18.540564896567314,2.253279174205595,5373,8848,,,,-0.770838326
6/18/25 12:30,BANKNIFTY.NSE.OPT.26Jun2025.40500.CALL,CALL,40500,26-Jun-25,15186.119077205298,15594.927890563911,14690.068434536448,89,5,22.92839119955729,-8.431888499,6938,9976,,,,0.3605645722319899
6/18/25 12:30,BANKNIFTY.NSE.OPT.26Jun2025.42000.CALL,CALL,42000,26-Jun-25,13510.030184251582,13863.090951337812,13930.302742603712,25,1,24.37300928063552,-7.923489865,2464,2164,,,,1.6246686001822357
6/18/25 12:30,BANKNIFTY.NSE.OPT.26Jun2025.42500.CALL,CALL,42500,26-Jun-25,12522.613916109845,13405.865216002134,10691.349587647155,34,0,26.71116154723192,-8.171269162,2739,9270,,,,1.7609287165631913
6/18/25 12:30,BANKNIFTY.NSE.OPT.26Jun2025.43000.CALL,CALL,43000,26-Jun-25,12401.205370911091,13064.977204852374,12981.537185815374,41,102,31.87458026871965,3.479402428549701,5170,4441,,,,0.31996645358086306
6/18/25 12:30,BANKNIFTY.NSE.OPT.26Jun2025.43500.CALL,CALL,43500,26-Jun-25,11833.560809015313,12563.225919910617,11233.588798117884,35,1,28.67651488664297,5.542883198619016,2985,1656,,,,-1.187669558
6/18/25 12:30,BANKNIFTY.NSE.OPT.26Jun2025.44000.CALL,CALL,44000,26-Jun-25,11583.878287737334,12147.127865661258,11714.873436448155,96,36,20.618952843053506,-2.112345399,9568,8304,,,,-1.176586828
6/18/25 12:30,BANKNIFTY.NSE.OPT.26Jun2025.44500.CALL,CALL,44500,26-Jun-25,10713.929472843953,11654.168196125805,11179.207284753666,99,3,15.639919671072317,-8.927384002,6707,6387,,,,0.2078529334085184
6/18/25 12:30,BANKNIFTY.NSE.OPT.26Jun2025.44900.CALL,CALL,44900,26-Jun-25,10645.606242302762,11163.615283282772,9396.355186572668,5,2,19.87914046093345,8.487650534990525,6900,4947,,,,-1.642181968
6/18/25 12:30,BANKNIFTY.NSE.OPT.26Jun2025.45000.CALL,CALL,45000,26-Jun-25,10807.473062946447,11097.067648431626,11175.895643987986,76,2048,17.314409155750226,-4.047480635,5337,1045,,,,-1.563961873
6/18/25 12:30,BANKNIFTY.NSE.OPT.26Jun2025.45100.CALL,CALL,45100,26-Jun-25,10108.89342073725,11029.248935886795,8901.631727,51,1,23.39576536925341,-5.267019167,2738,3124,,,,-1.490973042
6/18/25 12:30,BANKNIFTY.NSE.OPT.26Jun2025.45200.CALL,CALL,45200,26-Jun-25,10023.23683684205,10749.915604438624,8712.894434158454,15,2,29.853289307321642,0.2781131347196997,8376,1117,,,,1.391594767555992
6/18/25 12:30,BANKNIFTY.NSE.OPT.26Jun2025.45300.CALL,CALL,45300,26-Jun-25,9885.389249728749,10547.691733925589,8606.398964643065,22,3,16.976323479328983,2.3315888575900257,1238,8572,,,,-1.45549628
6/18/25 12:30,BANKNIFTY.NSE.OPT.26Jun2025.45400.CALL,CALL,45400,26-Jun-25,9774.726656735786,10631.863297239704,8664.354551110227,74,3,19.462038116781443,8.168103245739651,1192,3506,,,,1.4410940541638597
6/18/25 12:30,BANKNIFTY.NSE.OPT.26Jun2025.45500.CALL,CALL,45500,26-Jun-25,9805.921683192608,10590.825755753287,5233.115686,77,1,29.881702095366983,-9.25172935,4642,7380,,,,0.9984446727061451
6/18/25 12:30,BANKNIFTY.NSE.OPT.26Jun2025.45600.CALL,CALL,45600,26-Jun-25,9892.793947222806,10624.843628100583,8673.060269,30,4,20.946450637448965,9.573258385542488,1115,4615,,,,-0.661260386
6/18/25 12:30,BANKNIFTY.NSE.OPT.26Jun2025.45700.CALL,CALL,45700,26-Jun-25,9759.322084793128,10160.868444292379,8545.596766,7,3,25.095668367183706,-8.357224878,8608,3336,,,,0.9788354481766759
6/18/25 12:30,BANKNIFTY.NSE.OPT.26Jun2025.45800.CALL,CALL,45800,26-Jun-25,9729.946436656248,10152.400778900668,8184.416846732029,74,4,30.172507537429215,3.4493222345027537,6889,5088,,,,-0.053751865
6/18/25 12:30,BANKNIFTY.NSE.OPT.26Jun2025.45900.CALL,CALL,45900,26-Jun-25,9340.350741,10021.250687369833,8133.088881566774,50,4,29.625885912552427,-5.381881687,7660,9774,,,,-0.066187588
6/18/25 12:30,BANKNIFTY.NSE.OPT.26Jun2025.46000.CALL,CALL,46000,26-Jun-25,9686.205658576997,9988.606902057454,9746.620339964527,32,396,26.052263708176582,-5.742546574,5781,1433,,,,-0.236534178
6/18/25 12:30,BANKNIFTY.NSE.OPT.26Jun2025.46100.CALL,CALL,46100,26-Jun-25,9117.932675024038,9756.498683263673,7983.135143542694,89,4,19.69985048122779,4.649912432,3635,6383,,,,1.4261929247569514
6/18/25 12:30,BANKNIFTY.NSE.OPT.26Jun2025.46200.CALL,CALL,46200,26-Jun-25,9409.086163609089,9769.248281550119,7706.940486434623,96,3,30.81731010745523,-4.579927246,8376,4073,,,,0.6535832217916284
6/18/25 12:30,BANKNIFTY.NSE.OPT.26Jun2025.46300.CALL,CALL,46300,26-Jun-25,9270.319554,9903.551684930582,9065.685444735365,21,10,20.38720177394346,-4.092311349,5249,3000,,,,-1.719138173
6/18/25 12:30,BANKNIFTY.NSE.OPT.26Jun2025.46400.CALL,CALL,46400,26-Jun-25,8844.657827,9455.408681386367,7547.434781349522,66,3,24.33453713399695,-2.239177694,2763,5461,,,,1.4651912616562757
6/18/25 12:30,BANKNIFTY.NSE.OPT.26Jun2025.46500.CALL,CALL,46500,26-Jun-25,9169.798512547388,9654.735605990063,8982.190983650593,42,9,21.59294570456881,-8.144704569,8919,2942,,,,-1.517376114
6/18/25 12:30,BANKNIFTY.NSE.OPT.26Jun2025.46600.CALL,CALL,46600,26-Jun-25,8780.644045,9538.656701,4365.374173926895,90,0,22.979668412064235,0.6485452813304029,2266,4355,,,,1.9293274233611486
6/18/25 12:30,BANKNIFTY.NSE.OPT.26Jun2025.46700.CALL,CALL,46700,26-Jun-25,8791.511544,9393.851517207355,4297.815692231602,27,0,30.021331413206156,1.0034550400265907,4846,9054,,,,-1.456341375
6/18/25 12:30,BANKNIFTY.NSE.OPT.26Jun2025.46800.CALL,CALL,46800,26-Jun-25,8691.520402344426,9335.612161163186,4055.361779363244,26,0,33.695410739051624,-3.224103688,8580,2521,,,,1.7296886849702404
6/18/25 12:30,BANKNIFTY.NSE.OPT.26Jun2025.46900.CALL,CALL,46900,26-Jun-25,8376.228649,9189.991792410541,4193.226175821476,67,2,27.675084138651496,-9.356044412,1651,9389,,,,-0.434320111
6/18/25 12:30,BANKNIFTY.NSE.OPT.26Jun2025.47000.CALL,CALL,47000,26-Jun-25,8599.383525829053,9022.714437786026,8809.571590380916,105,328,16.994422745182444,1.071342319241836,6963,7348,,,,-1.952730929
6/18/25 12:30,BANKNIFTY.NSE.OPT.26Jun2025.47100.CALL,CALL,47100,26-Jun-25,8751.709467033477,8986.379367793072,4001.134645473637,1,4,25.19000919561077,3.386960507067311,4208,3024,,,,-0.255112749
6/18/25 12:30,BANKNIFTY.NSE.OPT.26Jun2025.47200.CALL,CALL,47200,26-Jun-25,8194.138712392976,8822.944532104817,8023.802371613483,57,2,17.644846371643172,2.481336565422543,5889,6253,,,,1.072376551402567
6/18/25 12:30,BANKNIFTY.NSE.OPT.26Jun2025.47300.CALL,CALL,47300,26-Jun-25,8406.701965,8620.487074962677,8601.764916196875,22,5,27.218574305104237,-0.643106917,1103,9908,,,,0.9558712447900115
6/18/25 12:30,BANKNIFTY.NSE.OPT.26Jun2025.47400.CALL,CALL,47400,26-Jun-25,8063.006348074373,8664.521492762253,6972.329140778489,65,2,20.736104797076806,-2.510977751,1747,3134,,,,1.2604648087981132
6/18/25 12:30,BANKNIFTY.NSE.OPT.26Jun2025.47500.CALL,CALL,47500,26-Jun-25,7862.189582954943,8337.400041,9463.391833256916,40,4,28.03364068680516,2.401140883985933,2333,8525,,,,1.6799569612882306
6/18/25 12:30,BANKNIFTY.NSE.OPT.26Jun2025.47600.CALL,CALL,47600,26-Jun-25,7900.619091539987,8520.436125979186,4827.272682549673,59,2,28.84465924478224,-3.240887039,3583,1134,,,,-1.666456274
6/18/25 12:30,BANKNIFTY.NSE.OPT.26Jun2025.47700.CALL,CALL,47700,26-Jun-25,7681.303377209068,8359.840075940705,4800.107317315816,94,1,21.85205188488608,-5.126366866,5113,4104,,,,-0.002573803
6/18/25 12:30,BANKNIFTY.NSE.OPT.26Jun2025.47800.CALL,CALL,47800,26-Jun-25,7806.043236862949,8197.565497638478,4509.881133289779,20,1,28.795509312954472,-0.83373701,6073,9926,,,,1.607058598028401
6/18/25 12:30,BANKNIFTY.NSE.OPT.26Jun2025.47900.CALL,CALL,47900,26-Jun-25,7444.155404700203,8141.689346,4476.580606407263,92,2,30.40769637047592,5.0737009201370835,4689,2714,,,,1.5487999704099717
6/18/25 12:30,BANKNIFTY.NSE.OPT.26Jun2025.48000.CALL,CALL,48000,26-Jun-25,7845.0410306779495,7762.678801659896,7902.744146147533,46,786,18.52862167303512,6.187485822025462,8767,4030,,,,0.9467134266880897
6/18/25 12:30,BANKNIFTY.NSE.OPT.26Jun2025.48100.CALL,CALL,48100,26-Jun-25,7224.176252207965,8023.890339052772,4389.502154424168,80,1,32.36726831781191,6.009370945507683,8395,4583,,,,-1.384003229
6/18/25 12:30,BANKNIFTY.NSE.OPT.26Jun2025.48200.CALL,CALL,48200,26-Jun-25,7446.377039,7839.8191630995925,4149.067520597681,6,2,32.559500000198234,-9.675251145,7667,1647,,,,0.8874017528146703
6/18/25 12:30,BANKNIFTY.NSE.OPT.26Jun2025.48300.CALL,CALL,48300,26-Jun-25,7283.790105433934,7803.159925970509,7355.182212643713,79,1,34.39777565009158,3.461466536,6938,2038,,,,0.002311757
6/18/25 12:30,BANKNIFTY.NSE.OPT.26Jun2025.48400.CALL,CALL,48400,26-Jun-25,7450.810439360221,7563.326432388427,7394.558324675827,15,3,19.766665490840523,2.8805890188614907,8126,7914,,,,1.100177215097093
6/18/25 12:30,BANKNIFTY.NSE.OPT.26Jun2025.48500.CALL,CALL,48500,26-Jun-25,7179.019710959608,7370.545023351787,7188.752377373964,79,44,22.994573671055562,7.131866815826477,7577,4053,,,,0.6893998398242602
6/18/25 12:30,BANKNIFTY.NSE.OPT.26Jun2025.48600.CALL,CALL,48600,26-Jun-25,7034.496963967257,7326.004138491765,7339.220935898436,31,4,23.21739472331611,8.637380045900642,9989,7078,,,,1.255906980845808
6/18/25 12:30,BANKNIFTY.NSE.OPT.26Jun2025.48700.CALL,CALL,48700,26-Jun-25,6861.958006769494,7460.415156290117,7089.001951,14,3,19.987178861883287,4.546963480644591,3848,1560,,,,-1.509443059
6/18/25 12:30,BANKNIFTY.NSE.OPT.26Jun2025.48800.CALL,CALL,48800,26-Jun-25,6835.593582768955,7329.473295891922,6819.546992279975,39,5,18.971923578608095,1.2729581501043548,5282,8885,,,,0.519499452
6/18/25 12:30,BANKNIFTY.NSE.OPT.26Jun2025.48900.CALL,CALL,48900,26-Jun-25,6871.654904015859,7188.947016264249,6825.045661,95,1,34.207269026310584,-4.308408116,4709,9616,,,,1.5056791759367218
6/18/25 12:30,BANKNIFTY.NSE.OPT.26Jun2025.49000.CALL,CALL,49000,26-Jun-25,6656.442548464996,6968.515412675699,7046.099438713104,123,1639,17.54246416204943,2.7889641443293183,6419,1467,,,,1.3834142820748436
6/18/25 12:30,BANKNIFTY.NSE.OPT.26Jun2025.49100.CALL,CALL,49100,26-Jun-25,6568.834802600491,6850.081970756285,6443.492542691871,97,0,28.06319493655607,9.995053548462188,4676,2651,,,,-0.304304359
6/18/25 12:30,BANKNIFTY.NSE.OPT.26Jun2025.49200.CALL,CALL,49200,26-Jun-25,6558.144134,6825.429347058338,6803.033189414981,32,15,24.662711901262618,-9.188515303,8895,6092,,,,1.9665963209489519
6/18/25 12:30,BANKNIFTY.NSE.OPT.26Jun2025.49300.CALL,CALL,49300,26-Jun-25,6012.131897923684,6678.818038548274,6714.4592714624805,4,30,27.228350299014526,-1.53553586,6836,4059,,,,1.1658384633436696
6/18/25 12:30,BANKNIFTY.NSE.OPT.26Jun2025.49400.CALL,CALL,49400,26-Jun-25,6137.604398,6617.311319664714,6677.057422384784,86,1,19.30945456038031,-4.334391201,9941,7237,,,,1.7738976758286955
6/18/25 12:30,BANKNIFTY.NSE.OPT.26Jun2025.49500.CALL,CALL,49500,26-Jun-25,6431.364523029046,6509.124957320926,6487.901876680208,104,398,31.49333456200332,1.513957877415164,7047,7375,,,,-0.866361891
6/18/25 12:30,BANKNIFTY.NSE.OPT.26Jun2025.49600.CALL,CALL,49600,26-Jun-25,6070.240352088073,6464.830013880954,6606.401058762866,38,3,29.321995292201297,-4.328313238,9397,6306,,,,-1.191085385
6/18/25 12:30,BANKNIFTY.NSE.OPT.26Jun2025.49700.CALL,CALL,49700,26-Jun-25,5698.707987771857,6400.946450009756,6017.9617693792325,68,1,21.231331126185147,-1.677749158,3982,1655,,,,-0.580091169
6/18/25 12:30,BANKNIFTY.NSE.OPT.26Jun2025.49800.CALL,CALL,49800,26-Jun-25,5565.502651872337,6212.282963018691,5754.301139921703,54,66,29.60226571795455,-6.573935337,4557,8607,,,,-0.212640054
6/18/25 12:30,BANKNIFTY.NSE.OPT.26Jun2025.49900.CALL,CALL,49900,26-Jun-25,5600.666392486758,6298.844246397838,5848.022770572933,16,0,30.958859007972517,-1.728670853,4535,7008,,,,0.7550152315050842
6/18/25 12:30,BANKNIFTY.NSE.OPT.26Jun2025.50000.CALL,CALL,50000,26-Jun-25,5807.750587140762,5937.8465869506235,5890.732234965422,143,5356,24.683373595495812,-8.947729381,9019,7449,,,,0.4745511680285315
6/18/25 12:30,BANKNIFTY.NSE.OPT.26Jun2025.50100.CALL,CALL,50100,26-Jun-25,5616.157784301533,5918.6489310052175,5790.910921903492,0,5,24.808550409537546,0.5451893239852765,7261,3001,,,,1.7441054024961593
6/18/25 12:30,BANKNIFTY.NSE.OPT.26Jun2025.50200.CALL,CALL,50200,26-Jun-25,5444.392864774458,5802.278702,5327.722047934163,98,23,34.742158309298304,0.8788155831933366,7575,5929,,,,-1.43938908
6/18/25 12:30,BANKNIFTY.NSE.OPT.26Jun2025.50300.CALL,CALL,50300,26-Jun-25,5490.049010899714,5737.131418909749,5255.3457366457915,68,13,33.25361667994024,4.463245290746778,9226,3911,,,,1.473290098855125
6/18/25 12:30,BANKNIFTY.NSE.OPT.26Jun2025.50400.CALL,CALL,50400,26-Jun-25,5258.791809715476,5515.9241593797515,5074.131355309002,2,42,34.33751244293447,-7.256723033,8729,1114,,,,-1.56257013
6/18/25 12:30,BANKNIFTY.NSE.OPT.26Jun2025.50500.CALL,CALL,50500,26-Jun-25,5323.495755997186,5383.067201114018,5405.181318190557,69,285,22.414357275905115,2.542002511475083,8202,5776,,,,-0.824815865
6/18/25 12:30,BANKNIFTY.NSE.OPT.26Jun2025.50600.CALL,CALL,50600,26-Jun-25,5223.723090345755,5439.455920787224,4981.8778400428155,39,51,28.706316154384886,-0.744972898,3116,5960,,,,1.6766569792859207
6/18/25 12:30,BANKNIFTY.NSE.OPT.26Jun2025.50700.CALL,CALL,50700,26-Jun-25,5124.171887986101,5239.764914518326,5101.276324529274,16,14,28.468284867693338,-2.245160071,9879,6137,,,,0.11934260632450666
6/18/25 12:30,BANKNIFTY.NSE.OPT.26Jun2025.50800.CALL,CALL,50800,26-Jun-25,4983.557883,5314.526158871813,5019.583740980672,33,18,18.422688707759885,2.7505329124227895,9540,9496,,,,-1.148948897
6/18/25 12:30,BANKNIFTY.NSE.OPT.26Jun2025.50900.CALL,CALL,50900,26-Jun-25,4891.3640176944755,5026.841062574044,4614.040991428912,39,28,26.949236079463255,-8.563460468,5924,2174,,,,0.002514126
6/18/25 12:30,BANKNIFTY.NSE.OPT.26Jun2025.51000.CALL,CALL,51000,26-Jun-25,4861.017322652686,4815.060802235569,4744.853103873695,61,2656,27.661395244508284,1.9877517950961572,6941,9814,,,,0.7189582401490839
6/18/25 12:30,BANKNIFTY.NSE.OPT.26Jun2025.51100.CALL,CALL,51100,26-Jun-25,4574.927412336821,4966.833593,4547.604546385991,53,36,15.920889240611222,6.149829008770304,7401,1260,,,,-0.009625802
6/18/25 12:30,BANKNIFTY.NSE.OPT.26Jun2025.51200.CALL,CALL,51200,26-Jun-25,4494.722182210253,4915.256420114804,3901.0319308191574,30,32,31.274883630376966,-1.521162421,4766,5346,,,,-0.083103421
6/18/25 12:30,BANKNIFTY.NSE.OPT.26Jun2025.51300.CALL,CALL,51300,26-Jun-25,4406.676346137682,4808.854418050388,4571.547284077224,39,20,29.22520968279489,3.4028306409016693,9138,4566,,,,-0.218994822
6/18/25 12:30,BANKNIFTY.NSE.OPT.26Jun2025.51400.CALL,CALL,51400,26-Jun-25,4336.401604890662,4543.043250891885,4533.291299748645,70,32,25.068471520392198,2.927821222547342,2703,2352,,,,-0.001344974
6/18/25 12:30,BANKNIFTY.NSE.OPT.26Jun2025.51500.CALL,CALL,51500,26-Jun-25,4281.885301223568,4358.161757729842,4360.407951835623,45,561,21.928820252119312,-3.68326447,5467,8006,,,,0.7840334292712661
6/18/25 12:30,BANKNIFTY.NSE.OPT.26Jun2025.51600.CALL,CALL,51600,26-Jun-25,4078.043742296054,4477.005067415465,4202.628345447552,90,28,19.85582226085743,-6.677505728,4268,5657,,,,-1.736631004
6/18/25 12:30,BANKNIFTY.NSE.OPT.26Jun2025.51700.CALL,CALL,51700,26-Jun-25,4022.6841030807245,4389.110426292724,4201.004035515289,84,25,33.57296267659822,7.372572213320122,8748,7600,,,,-0.883082984
6/18/25 12:30,BANKNIFTY.NSE.OPT.26Jun2025.51800.CALL,CALL,51800,26-Jun-25,3896.298726152055,4134.821185806538,3881.9021690437658,27,65,23.73479519223413,7.528297647541621,3330,6732,,,,-0.79233334
6/18/25 12:30,BANKNIFTY.NSE.OPT.26Jun2025.51900.CALL,CALL,51900,26-Jun-25,3812.5677259387544,4106.356283,3985.365621981373,75,43,32.99478457317551,-7.082545853,8354,5944,,,,0.2999054228822562
6/18/25 12:30,BANKNIFTY.NSE.OPT.26Jun2025.52000.CALL,CALL,52000,26-Jun-25,3855.9986790203243,3838.5834757014322,3988.189962720836,126,4010,15.908559403569784,-9.603647603,9706,9538,,,,1.0302982386530863
6/18/25 12:30,BANKNIFTY.NSE.OPT.26Jun2025.52100.CALL,CALL,52100,26-Jun-25,3718.082605487997,3919.0638942171204,4464.567576503876,97,10,34.53703906,2.8335171777124337,3284,9769,,,,-0.271092362
6/18/25 12:30,BANKNIFTY.NSE.OPT.26Jun2025.52200.CALL,CALL,52200,26-Jun-25,3532.535623975144,3793.3054923935015,3431.8650630897478,87,88,18.860974750787264,4.562044117973292,1323,1174,,,,1.658723232291897
6/18/25 12:30,BANKNIFTY.NSE.OPT.26Jun2025.52300.CALL,CALL,52300,26-Jun-25,3447.142538842583,3798.425391,3355.3321469438665,3,17,33.88727611375524,-1.97307543,7943,9714,,,,-1.986620246
6/18/25 12:30,BANKNIFTY.NSE.OPT.26Jun2025.52400.CALL,CALL,52400,26-Jun-25,3371.578798182344,3583.6589135532286,4424.8885092983055,31,2,34.13947203816517,7.584645319134733,5153,9488,,,,1.3045189451846655
6/18/25 12:30,BANKNIFTY.NSE.OPT.26Jun2025.52500.CALL,CALL,52500,26-Jun-25,3349.005998,3506.683294639064,3298.2140482477257,158,2043,16.353099046445518,9.382737703,5845,9553,,,,-0.266326307
6/18/25 12:30,BANKNIFTY.NSE.OPT.26Jun2025.52600.CALL,CALL,52600,26-Jun-25,3162.880486812677,3420.1518119681114,3178.629818186101,32,11,31.483176848633462,9.410124350433652,3616,2082,,,,-1.73433038
6/18/25 12:30,BANKNIFTY.NSE.OPT.26Jun2025.52700.CALL,CALL,52700,26-Jun-25,3121.819482238852,3400.4245158424524,3831.1323285925914,46,4,15.12225164658788,-4.175414233,5087,5526,,,,-1.272211923
6/18/25 12:30,BANKNIFTY.NSE.OPT.26Jun2025.52800.CALL,CALL,52800,26-Jun-25,2913.9121839599575,3164.5333029963904,3131.8452561712147,74,80,33.08013620328419,5.416846922540767,3433,5734,,,,-1.16526929
6/18/25 12:30,BANKNIFTY.NSE.OPT.26Jun2025.52900.CALL,CALL,52900,26-Jun-25,2848.101223776555,3168.8324223137806,2932.790296515922,4,11,33.84601309601392,-3.123477927,1289,3586,,,,1.9856085580531344
6/18/25 12:30,BANKNIFTY.NSE.OPT.26Jun2025.53000.CALL,CALL,53000,26-Jun-25,2955.1789335073777,2944.2680521676402,2993.6086262671397,1089,4270,34.92930015105817,-7.208423697,5317,1347,,,,-0.981110096
6/18/25 12:30,BANKNIFTY.NSE.OPT.26Jun2025.53100.CALL,CALL,53100,26-Jun-25,2706.6084568024257,2895.867284,2704.2930556390847,3,95,25.35578291681225,-2.336786195,9633,5482,,,,-1.396606946
6/18/25 12:30,BANKNIFTY.NSE.OPT.26Jun2025.53200.CALL,CALL,53200,26-Jun-25,2618.501178964958,2744.9642748997794,2846.2232896630157,83,18,19.49420274,2.2801468042380986,2684,8144,,,,0.20723321234901038
6/18/25 12:30,BANKNIFTY.NSE.OPT.26Jun2025.53300.CALL,CALL,53300,26-Jun-25,2538.660721975994,2720.4530004912012,2732.564171224046,1,72,21.484080932981758,5.540794199324278,8868,1776,,,,1.3896560080465603
6/18/25 12:30,BANKNIFTY.NSE.OPT.26Jun2025.53400.CALL,CALL,53400,26-Jun-25,2413.4005407649047,2620.7347622519337,2627.0044595293984,7,31,33.05229260737157,-7.116695376,6239,3036,,,,0.6598166751595524
6/18/25 12:30,BANKNIFTY.NSE.OPT.26Jun2025.53500.CALL,CALL,53500,26-Jun-25,2401.194259056955,2555.2769237115835,2429.400229013496,65,1587,33.89791543899086,1.7239055459861579,8876,8130,,,,0.7312858743968365
6/18/25 12:30,BANKNIFTY.NSE.OPT.26Jun2025.53600.CALL,CALL,53600,26-Jun-25,2289.428141766779,2429.084913,2223.125236074764,28,80,33.75990504738451,-2.691035844,1420,5288,,,,-0.419816542
6/18/25 12:30,BANKNIFTY.NSE.OPT.26Jun2025.53700.CALL,CALL,53700,26-Jun-25,2089.836584763279,2313.1209259860216,2315.166230960606,84,90,18.60824320179158,-3.55824489,2666,6126,,,,-1.531398035
6/18/25 12:30,BANKNIFTY.NSE.OPT.26Jun2025.53800.CALL,CALL,53800,26-Jun-25,2123.705678320316,2294.7447638315407,2106.990591187677,88,50,29.129688750939025,7.644124038757816,2099,6856,,,,-0.455250031
6/18/25 12:30,BANKNIFTY.NSE.OPT.26Jun2025.53900.CALL,CALL,53900,26-Jun-25,1904.8477409975008,2174.0175014779616,2050.886657458227,23,69,29.418034037511973,-7.380028205,9709,6755,,,,-1.671964811
6/18/25 12:30,BANKNIFTY.NSE.OPT.26Jun2025.54000.CALL,CALL,54000,26-Jun-25,1978.488520607572,1978.6273631962804,1997.136998963425,874,6452,18.824060802368287,-1.256584063,8031,5466,,,,-1.75529901
6/18/25 12:30,BANKNIFTY.NSE.OPT.26Jun2025.54100.CALL,CALL,54100,26-Jun-25,1779.6743344822137,1911.4425072957738,1906.7727194562456,26,140,16.69658633104254,-4.367376442,7295,5192,,,,1.654494558932003
6/18/25 12:30,BANKNIFTY.NSE.OPT.26Jun2025.54200.CALL,CALL,54200,26-Jun-25,1748.2444589694503,1896.6666528480566,1674.0342380798693,80,76,27.892334012645733,-8.738251861,5881,1680,,,,-1.312363295
6/18/25 12:30,BANKNIFTY.NSE.OPT.26Jun2025.54300.CALL,CALL,54300,26-Jun-25,1547.2404033540104,1802.3629867404227,1647.4501526447293,18,107,27.418723639937358,9.319582871568489,6647,7612,,,,1.2634502813309343
6/18/25 12:30,BANKNIFTY.NSE.OPT.26Jun2025.54400.CALL,CALL,54400,26-Jun-25,1551.7396735024383,1681.5623247023032,1564.2095508586513,34,120,29.565415893213974,-9.433239271,3485,1814,,,,1.9599537045925493
6/18/25 12:30,BANKNIFTY.NSE.OPT.26Jun2025.54500.CALL,CALL,54500,26-Jun-25,1476.0566763830025,1540.8334018717842,1506.9717531636568,1273,2058,26.766546391018874,2.3847354744025786,9659,9184,,,,0.5204299202180689
6/18/25 12:30,BANKNIFTY.NSE.OPT.26Jun2025.54600.CALL,CALL,54600,26-Jun-25,1421.5871306407544,1450.1338087931504,1456.104653,232,482,26.408003252999873,-3.587982464,4203,3157,,,,1.901299261337492
6/18/25 12:30,BANKNIFTY.NSE.OPT.26Jun2025.54700.CALL,CALL,54700,26-Jun-25,1327.8627137958913,1350.6345424851763,1318.454581659307,83,283,28.675436971540414,3.5173715545080793,9741,9980,,,,-0.180973866
6/18/25 12:30,BANKNIFTY.NSE.OPT.26Jun2025.54800.CALL,CALL,54800,26-Jun-25,1218.8679865313222,1237.4331833275298,1246.4596560130838,270,394,19.54743262610495,-1.16504895,2795,4989,,,,-0.19991824
6/18/25 12:30,BANKNIFTY.NSE.OPT.26Jun2025.54900.CALL,CALL,54900,26-Jun-25,1160.7750676638254,1159.7434010927348,1132.0941019079069,410,485,31.58591069718422,6.783397236500093,2851,2886,,,,-0.925635183
6/18/25 12:30,BANKNIFTY.NSE.OPT.26Jun2025.55000.CALL,CALL,55000,26-Jun-25,1084.4783261646867,1090.3993642098558,1109.5202756739552,18385,17916,28.62922201981103,9.758867974520072,6388,5732,,,,-0.747544726
6/18/25 12:30,BANKNIFTY.NSE.OPT.26Jun2025.55100.CALL,CALL,55100,26-Jun-25,1002.4627796541536,1001.506480085865,981.6934393056716,1467,581,27.989171874501977,-4.629239061,7818,9709,,,,-0.590190877
6/18/25 12:30,BANKNIFTY.NSE.OPT.26Jun2025.55200.CALL,CALL,55200,26-Jun-25,928.2937626772098,919.8563797740558,922.5642044915097,3966,1290,16.037848822205344,0.4650325625911993,7541,1425,,,,-1.431381383
6/18/25 12:30,BANKNIFTY.NSE.OPT.26Jun2025.55300.CALL,CALL,55300,26-Jun-25,850.4196955539547,878.1019293317095,868.3360338304384,7141,1518,22.19391019466117,4.045594859019467,4389,8937,,,,0.5678434217088659
6/18/25 12:30,BANKNIFTY.NSE.OPT.26Jun2025.55400.CALL,CALL,55400,26-Jun-25,781.5722963012477,783.5772854572206,791.4919502959552,11577,2750,17.677522406894106,9.244361997922908,6186,1516,,,,-0.965505025
6/18/25 12:30,BANKNIFTY.NSE.OPT.26Jun2025.55500.CALL,CALL,55500,26-Jun-25,713.5930656507746,713.7646243420849,699.8048143194625,100581,18982,26.415116416402434,-9.390751294,4003,7871,,,,1.4515945300663744
6/18/25 12:30,BANKNIFTY.NSE.OPT.26Jun2025.55600.CALL,CALL,55600,26-Jun-25,644.2252539797837,645.8055794319258,658.1268158847516,72142,5954,28.290339553720827,-8.108446032,9109,4892,,,,1.2076697204952866
6/18/25 12:30,BANKNIFTY.NSE.OPT.26Jun2025.55700.CALL,CALL,55700,26-Jun-25,573.5023467813551,585.8552597212491,601.4805781239482,152178,6596,23.937550600350697,5.157378163690966,6238,9434,,,,0.3987932209330465
6/18/25 12:30,BANKNIFTY.NSE.OPT.26Jun2025.55800.CALL,CALL,55800,26-Jun-25,519.8892461860308,526.3058717808987,514.1721139276112,191936,15723,34.56527837081514,6.297052857520473,4377,9705,,,,0.9133401411101718
6/18/25 12:30,BANKNIFTY.NSE.OPT.26Jun2025.55900.CALL,CALL,55900,26-Jun-25,472.6229965630225,480.58979134344236,480.6430178056279,134394,10695,21.80860693131121,1.8748142540020396,5517,4575,,,,1.2003349888468242
6/18/25 12:30,BANKNIFTY.NSE.OPT.26Jun2025.56000.CALL,CALL,56000,26-Jun-25,431.2172542308873,427.21107414872915,414.0050449153608,278530,87086,22.764984359342026,4.317577194499304,7348,8103,,,,-0.654132097
6/18/25 12:30,BANKNIFTY.NSE.OPT.26Jun2025.56100.CALL,CALL,56100,26-Jun-25,383.3818604487681,386.8789666616699,368.9772842268485,46657,6718,23.06133314579762,-0.429173308,2858,2622,,,,0.865743292
6/18/25 12:30,BANKNIFTY.NSE.OPT.26Jun2025.56200.CALL,CALL,56200,26-Jun-25,339.58951801357045,337.57007910253316,333.56375189803947,47254,7854,34.07088225440334,8.855846234405135,4038,6609,,,,1.0882866767955615
6/18/25 12:30,BANKNIFTY.NSE.OPT.26Jun2025.56300.CALL,CALL,56300,26-Jun-25,300.5677850890682,302.22778827495284,295.4393103814519,36235,6866,29.59160870727996,-8.263218002,2446,3946,,,,-1.207794008
6/18/25 12:30,BANKNIFTY.NSE.OPT.26Jun2025.56400.CALL,CALL,56400,26-Jun-25,267.0663042,263.6137809,266.81399835191877,32481,6292,18.35142190452705,-5.756943085,6425,4383,,,,-1.867318208
6/18/25 12:30,BANKNIFTY.NSE.OPT.26Jun2025.56500.CALL,CALL,56500,26-Jun-25,232.5075098331289,229.54548716667554,227.7126654035332,112147,38818,26.481846405631774,-2.515305407,4383,5753,,,,-0.821854713
6/18/25 12:30,BANKNIFTY.NSE.OPT.26Jun2025.56600.CALL,CALL,56600,26-Jun-25,203.08248254198267,207.1070025254449,209.3577700932075,32256,10696,30.45767912123922,-7.723378141,6444,2622,,,,-0.178034809
6/18/25 12:30,BANKNIFTY.NSE.OPT.26Jun2025.56700.CALL,CALL,56700,26-Jun-25,174.92970194364136,181.92684308507222,177.10963729642404,30282,9635,25.805429982601922,3.843068176642703,4682,7434,,,,-0.147943826
6/18/25 12:30,BANKNIFTY.NSE.OPT.26Jun2025.56800.CALL,CALL,56800,26-Jun-25,154.93629128276393,159.22885555729243,155.59674540747014,27682,11158,21.71277321181837,-6.262437371,4382,4682,,,,-0.48159069
6/18/25 12:30,BANKNIFTY.NSE.OPT.26Jun2025.56900.CALL,CALL,56900,26-Jun-25,136.13992845711556,135.45748091946575,137.11814854673906,20630,11170,27.359370840777018,0.6180366003567137,3639,3080,,,,-1.992495473
6/18/25 12:30,BANKNIFTY.NSE.OPT.26Jun2025.57000.CALL,CALL,57000,26-Jun-25,117.76522714095765,119.05937983632414,117.75246104847389,114639,59106,34.176545757730935,-8.387408504,7302,5801,,,,1.5211881882806408
6/18/25 12:30,BANKNIFTY.NSE.OPT.26Jun2025.57100.CALL,CALL,57100,26-Jun-25,103.32534449318761,105.07414041411008,104.86643664219436,15840,5362,32.96623394850344,8.511183034071902,2402,8051,,,,1.7753854534507263
6/18/25 12:30,BANKNIFTY.NSE.OPT.26Jun2025.57200.CALL,CALL,57200,26-Jun-25,88.69877261599233,91.47591951389056,89.19357312021302,25197,6015,26.743842299070685,-3.20021498,4116,1957,,,,-1.911529514
6/18/25 12:30,BANKNIFTY.NSE.OPT.26Jun2025.57300.CALL,CALL,57300,26-Jun-25,76.86222737657359,78.29661762,80.87806899,16672,4949,23.65505731614772,-7.950972,2749,1132,,,,-1.562422596
6/18/25 12:30,BANKNIFTY.NSE.OPT.26Jun2025.57400.CALL,CALL,57400,26-Jun-25,66.76417039871039,69.04852851955472,65.19506847828201,17542,4775,33.81106764109755,-4.188132834,7496,6594,,,,-0.495911859
6/18/25 12:30,BANKNIFTY.NSE.OPT.26Jun2025.57500.CALL,CALL,57500,26-Jun-25,59.08409599634443,61.13072547988195,59.615205386005655,93025,37026,16.791625638180747,0.15153806805190229,7177,6532,,,,0.32798737025193336
6/18/25 12:30,BANKNIFTY.NSE.OPT.26Jun2025.57600.CALL,CALL,57600,26-Jun-25,50.75517665,52.23083308564277,52.853490328293795,14630,4029,23.444063653288232,-9.83179945,7695,4844,,,,0.19426694778139497
6/18/25 12:30,BANKNIFTY.NSE.OPT.26Jun2025.57700.CALL,CALL,57700,26-Jun-25,45.56586508226422,47.45653964449487,47.227773726334256,12913,3848,33.680768210420936,-6.734956259,2173,4561,,,,-0.131467241
6/18/25 12:30,BANKNIFTY.NSE.OPT.26Jun2025.57800.CALL,CALL,57800,26-Jun-25,39.94633623341655,41.28690660585817,41.20029275959877,20086,4724,33.00781838216227,-0.933257752,8733,8443,,,,-0.452159665
6/18/25 12:30,BANKNIFTY.NSE.OPT.26Jun2025.57900.CALL,CALL,57900,26-Jun-25,33.765125920625195,36.16255418918106,34.75182568681993,8664,2603,19.760729873332885,-4.314543713,5425,7861,,,,-0.53150216
6/18/25 12:30,BANKNIFTY.NSE.OPT.26Jun2025.58000.CALL,CALL,58000,26-Jun-25,29.579886807041838,30.81851837607425,30.16186719213286,85476,40087,18.562100601096926,9.037649479158269,6957,4124,,,,0.6969067347881945
6/18/25 12:30,BANKNIFTY.NSE.OPT.26Jun2025.58100.CALL,CALL,58100,26-Jun-25,26.378980788335454,27.552624772923835,26.994388178964684,9254,2882,20.010925729867107,0.9087128496497812,7099,4693,,,,1.9013725917596473
6/18/25 12:30,BANKNIFTY.NSE.OPT.26Jun2025.58200.CALL,CALL,58200,26-Jun-25,24.477853226692304,25.383552926253678,24.17571839449977,14822,4603,33.07874628900329,3.4069905249649786,9036,2898,,,,1.6094901686651353
6/18/25 12:30,BANKNIFTY.NSE.OPT.26Jun2025.58300.CALL,CALL,58300,26-Jun-25,21.112044359302764,21.610229641894964,20.907082093028873,10196,4150,31.069142991915413,9.412976314359764,3495,7070,,,,-1.704911687
6/18/25 12:30,BANKNIFTY.NSE.OPT.26Jun2025.58400.CALL,CALL,58400,26-Jun-25,18.917806831975792,19.57030110445949,19.04059908613489,10120,2137,27.487583971230794,5.930255240561726,2126,8645,,,,0.3977356694559697
6/18/25 12:30,BANKNIFTY.NSE.OPT.26Jun2025.58500.CALL,CALL,58500,26-Jun-25,16.405786337889435,17.550418709895805,16.038213043877832,54272,33273,34.17428680371076,3.2189355315226553,8130,9199,,,,0.093531733
6/18/25 12:30,BANKNIFTY.NSE.OPT.26Jun2025.58600.CALL,CALL,58600,26-Jun-25,14.65304318894603,15.987834997128392,15.858427534178615,6600,2567,16.13352249629413,9.212647246328881,8082,5595,,,,1.5676525567707733
6/18/25 12:30,BANKNIFTY.NSE.OPT.26Jun2025.58700.CALL,CALL,58700,26-Jun-25,13.692803886982212,14.400771567372761,14.000759591517205,12665,1999,24.63843223460639,-8.879241507,9845,1600,,,,-0.299085705
6/18/25 12:30,BANKNIFTY.NSE.OPT.26Jun2025.58800.CALL,CALL,58800,26-Jun-25,11.53612371705224,12.98635697520163,12.990216547020653,8437,4113,34.35613139160182,-2.816676502,9949,6379,,,,-1.485906982
6/18/25 12:30,BANKNIFTY.NSE.OPT.26Jun2025.58900.CALL,CALL,58900,26-Jun-25,11.304707019018945,11.80550440368673,11.375401450901421,8900,4113,34.30129513548779,-1.91268512,9920,2745,,,,1.2398094524099816
6/18/25 12:30,BANKNIFTY.NSE.OPT.26Jun2025.59000.CALL,CALL,59000,26-Jun-25,10.447242311812458,10.964122079584918,10.531221410692684,70948,49488,31.638185121827703,6.1653955825431765,8727,3682,,,,1.2752579890471467
6/18/25 12:30,BANKNIFTY.NSE.OPT.26Jun2025.59100.CALL,CALL,59100,26-Jun-25,9.934168655996446,10.130875070285247,9.872082429193114,5824,1816,26.686058057055266,-8.130913468,1494,5273,,,,-0.159917877
6/18/25 12:30,BANKNIFTY.NSE.OPT.26Jun2025.59200.CALL,CALL,59200,26-Jun-25,9.526492844953951,9.707693210700153,10.058968855703739,3277,1682,26.911238470597638,-2.585865117,2450,9837,,,,1.567005388468667
6/18/25 12:30,BANKNIFTY.NSE.OPT.26Jun2025.59300.CALL,CALL,59300,26-Jun-25,8.781973258856159,9.370082113153988,8.733330708462407,3474,1566,22.586975348377887,6.215294706181222,2667,3239,,,,1.7751104026664204
6/18/25 12:30,BANKNIFTY.NSE.OPT.26Jun2025.59400.CALL,CALL,59400,26-Jun-25,8.471944444485175,9.552900593967054,8.803410627036444,1473,1266,27.629627261612843,6.124982184011603,6693,2000,,,,1.9188374923350349
6/18/25 12:30,BANKNIFTY.NSE.OPT.26Jun2025.59500.CALL,CALL,59500,26-Jun-25,7.939094054482001,8.131733905278058,7.908130203438995,35670,32758,33.35230026404636,-2.656895234,3840,4105,,,,1.204476734963984
6/18/25 12:30,BANKNIFTY.NSE.OPT.26Jun2025.59600.CALL,CALL,59600,26-Jun-25,7.612007487790932,8.012739528235038,7.839343959076256,1746,1789,26.82315540485913,4.919707243403126,9217,9316,,,,-1.778944873
6/18/25 12:30,BANKNIFTY.NSE.OPT.26Jun2025.59700.CALL,CALL,59700,26-Jun-25,6.9294701003152905,7.506019174258354,7.568231633827301,3489,6596,28.32891432323602,-0.023267889,4383,2823,,,,0.9981165229258688
6/18/25 12:30,BANKNIFTY.NSE.OPT.26Jun2025.59800.CALL,CALL,59800,26-Jun-25,6.959803998778171,7.7870080248022004,7.141362735553034,1424,1754,23.02771681607074,-2.195492258,8622,5965,,,,0.1598089234677098
6/18/25 12:30,BANKNIFTY.NSE.OPT.26Jun2025.59900.CALL,CALL,59900,26-Jun-25,7.069993535633645,7.711297442928626,7.511997815938138,1943,1694,24.967407449125922,8.692264429,8851,7083,,,,1.7679687985091785
6/18/25 12:30,BANKNIFTY.NSE.OPT.26Jun2025.60000.CALL,CALL,60000,26-Jun-25,6.787984342697556,6.686150890928297,6.790256063253803,40677,48114,32.227182197733555,1.2696125764573019,4229,2655,,,,-0.302207831
6/18/25 12:30,BANKNIFTY.NSE.OPT.26Jun2025.60100.CALL,CALL,60100,26-Jun-25,6.678595125,7.027310945869737,6.923253231424021,1186,1421,21.556987716476506,-1.900602066,3474,6242,,,,-0.837487127
6/18/25 12:30,BANKNIFTY.NSE.OPT.26Jun2025.60200.CALL,CALL,60200,26-Jun-25,5.364933768757356,6.334943896965374,6.330008913040154,2230,3323,15.548328470332258,5.136392555005733,3186,8025,,,,0.6653446238999856
6/18/25 12:30,BANKNIFTY.NSE.OPT.26Jun2025.60300.CALL,CALL,60300,26-Jun-25,6.410585820722563,6.711986205617144,6.612439466612249,1873,1634,20.859600982229118,2.6741865635987416,8311,7419,,,,-1.977060145
6/18/25 12:30,BANKNIFTY.NSE.OPT.26Jun2025.60400.CALL,CALL,60400,26-Jun-25,6.351605514250699,8.029605979,6.492709481943337,819,1137,27.624308571355453,9.934888619716386,4759,4391,,,,-0.274587137
6/18/25 12:30,BANKNIFTY.NSE.OPT.26Jun2025.60500.CALL,CALL,60500,26-Jun-25,5.3565125247766465,6.070103045,5.987640967112157,14762,15839,17.097997009672785,-5.857098355,2191,4398,,,,-1.342891791
6/18/25 12:30,BANKNIFTY.NSE.OPT.26Jun2025.60600.CALL,CALL,60600,26-Jun-25,4.9142781524703425,7.091730073844966,6.8068766433141095,1285,1351,27.678332000097257,3.889108305348314,6634,1131,,,,1.2847487289122652
6/18/25 12:30,BANKNIFTY.NSE.OPT.26Jun2025.60700.CALL,CALL,60700,26-Jun-25,5.976014158,6.909266050601067,6.072630313808757,904,824,26.581145774575916,4.965747715133803,6387,7765,,,,-0.852177268
6/18/25 12:30,BANKNIFTY.NSE.OPT.26Jun2025.60800.CALL,CALL,60800,26-Jun-25,5.004761246212878,6.450051260295432,5.856283766361755,536,877,16.349845620377927,6.038245068385621,8990,2329,,,,0.083970656
6/18/25 12:30,BANKNIFTY.NSE.OPT.26Jun2025.60900.CALL,CALL,60900,26-Jun-25,5.505983690679507,6.088064488412117,5.633066831421153,1086,920,24.08062795611919,-6.902738775,9381,1617,,,,-1.682470975
6/18/25 12:30,BANKNIFTY.NSE.OPT.26Jun2025.61000.CALL,CALL,61000,26-Jun-25,5.302202628097454,5.3426226040895255,5.4876385693350915,30245,27017,19.849238022043764,-0.277761548,4900,3716,,,,0.6470070808601114
6/18/25 12:30,BANKNIFTY.NSE.OPT.26Jun2025.61100.CALL,CALL,61100,26-Jun-25,4.304090062510953,7.312053686366072,5.263144105753908,334,231,15.808006263608444,1.4153909001804532,8870,2871,,,,1.9200669037585567
6/18/25 12:30,BANKNIFTY.NSE.OPT.26Jun2025.61200.CALL,CALL,61200,26-Jun-25,5.332585080624187,7.495851215854517,5.5040536499747486,299,248,16.220049743536823,-6.502932915,4949,4591,,,,-1.189696709
6/18/25 12:30,BANKNIFTY.NSE.OPT.26Jun2025.61300.CALL,CALL,61300,26-Jun-25,4.086451054506835,6.857956233096784,5.488450390624039,338,148,16.01174059057222,2.616682594376716,8822,7151,,,,-0.504771123
6/18/25 12:30,BANKNIFTY.NSE.OPT.26Jun2025.61400.CALL,CALL,61400,26-Jun-25,4.030705181435148,5.258228363050275,5.281104460372865,918,483,22.551792545516925,0.020896414402633567,7022,4929,,,,1.1798366928507744
6/18/25 12:30,BANKNIFTY.NSE.OPT.26Jun2025.61500.CALL,CALL,61500,26-Jun-25,4.679902934525988,5.494216915,5.469698609027666,5612,7960,16.31736442989641,-8.451034893,8861,4810,,,,1.5612014542954578
6/18/25 12:30,BANKNIFTY.NSE.OPT.26Jun2025.61600.CALL,CALL,61600,26-Jun-25,4.874534879499351,5.885556669981497,4.992598149835265,1192,561,23.451559044994845,-8.477650667,2166,1678,,,,-1.044803995
6/18/25 12:30,BANKNIFTY.NSE.OPT.26Jun2025.61700.CALL,CALL,61700,26-Jun-25,4.203964359448798,5.662491924836387,5.623865243087532,189,153,31.50392321,-0.628968357,5699,6282,,,,1.8977523957192108
6/18/25 12:30,BANKNIFTY.NSE.OPT.26Jun2025.61800.CALL,CALL,61800,26-Jun-25,4.305198807521371,6.7529724418295265,5.031470143512334,557,224,32.31878812254706,9.765752535202779,5799,3978,,,,-0.46121721
6/18/25 12:30,BANKNIFTY.NSE.OPT.26Jun2025.62000.CALL,CALL,62000,26-Jun-25,4.511717585,4.913072463096812,4.639769782059113,10182,13731,32.69221392453957,5.438238361500961,2604,7287,,,,1.6365258400187663
6/18/25 12:30,BANKNIFTY.NSE.OPT.26Jun2025.62500.CALL,CALL,62500,26-Jun-25,4.7014130902134115,4.790779789572116,4.845693645565797,6634,7048,28.100973105621037,2.642349306121222,6370,3275,,,,0.6044133399973202
6/18/25 12:30,BANKNIFTY.NSE.OPT.26Jun2025.63000.CALL,CALL,63000,26-Jun-25,4.254260170704143,4.553023551630996,4.282681275248803,9806,30009,19.84707386925826,0.22616112695094515,8141,5454,,,,0.4099969624188895
6/18/25 12:30,BANKNIFTY.NSE.OPT.26Jun2025.63500.CALL,CALL,63500,26-Jun-25,3.8562489301442797,4.065937021429841,3.799573469285554,7297,10937,22.31759009880439,-7.828057061,9092,2205,,,,0.4472346863703689
6/18/25 12:30,BANKNIFTY.NSE.OPT.26Jun2025.64000.CALL,CALL,64000,26-Jun-25,3.8206512007940514,3.926507496312175,3.962308095943396,7431,8264,28.22770331976882,9.603362555105821,8946,7971,,,,-0.311587979
6/18/25 12:30,BANKNIFTY.NSE.OPT.26Jun2025.64500.CALL,CALL,64500,26-Jun-25,3.8279987405632077,3.896614982609175,3.925650784,23246,26525,30.209911802384283,-9.079713412,4874,2065,,,,-1.010014651
6/18/25 12:45,BANKNIFTY.NSE.OPT.26Jun2025.40500.CALL,CALL,40500,26-Jun-25,14834.82561059453,15258.631992689161,14694.671763872928,56,5,28.793991997047137,4.880006630616569,5186,9223,,,,1.0433433587098353
6/18/25 12:45,BANKNIFTY.NSE.OPT.26Jun2025.42000.CALL,CALL,42000,26-Jun-25,13297.501965005442,13972.580419736514,13896.503194939709,21,1,33.59297548572589,-9.681809659,2500,8446,,,,-0.067426465
6/18/25 12:45,BANKNIFTY.NSE.OPT.26Jun2025.42500.CALL,CALL,42500,26-Jun-25,12821.275900820227,13525.951615916472,10725.17629,75,1,21.629304234062236,2.1659383053679253,7847,9327,,,,0.5746381220775674
6/18/25 12:45,BANKNIFTY.NSE.OPT.26Jun2025.43000.CALL,CALL,43000,26-Jun-25,12731.47927840652,12778.320329608332,12623.627370283537,5,105,31.79362183454908,-0.107535509,2041,8640,,,,-0.175367725
6/18/25 12:45,BANKNIFTY.NSE.OPT.26Jun2025.43500.CALL,CALL,43500,26-Jun-25,11643.882338403486,12759.252215802822,11673.78461416708,93,0,20.944097324481994,3.9935758130755072,4643,1286,,,,-0.966696076
6/18/25 12:45,BANKNIFTY.NSE.OPT.26Jun2025.44000.CALL,CALL,44000,26-Jun-25,11666.423028981264,11908.584297085445,12246.53298579124,16,39,27.259323058383526,9.832074715944085,7883,3805,,,,-0.526343067
6/18/25 12:45,BANKNIFTY.NSE.OPT.26Jun2025.44500.CALL,CALL,44500,26-Jun-25,10846.90994371073,11607.714738583578,11465.122097163652,24,2,17.580374845313646,4.668686826,3654,7183,,,,-0.989634829
6/18/25 12:45,BANKNIFTY.NSE.OPT.26Jun2025.44900.CALL,CALL,44900,26-Jun-25,10362.023829460191,11122.794263764443,9000.206077278675,81,1,21.009504507576484,9.905363899490162,4896,9859,,,,1.5067267229731622
6/18/25 12:45,BANKNIFTY.NSE.OPT.26Jun2025.45000.CALL,CALL,45000,26-Jun-25,10997.76866299905,10805.645414955425,10842.170370020389,53,2063,18.956443989368765,-8.329497114,3210,2454,,,,-1.325265076
6/18/25 12:45,BANKNIFTY.NSE.OPT.26Jun2025.45100.CALL,CALL,45100,26-Jun-25,10225.62028513882,10801.679235439595,9039.98622,28,1,33.60561731592847,7.598264039196177,1938,2065,,,,-0.967561745
6/18/25 12:45,BANKNIFTY.NSE.OPT.26Jun2025.45200.CALL,CALL,45200,26-Jun-25,10119.910301850587,10793.279523515115,8957.046353707821,2,1,22.122305060720727,5.090898651498376,4369,5904,,,,0.592782281
6/18/25 12:45,BANKNIFTY.NSE.OPT.26Jun2025.45300.CALL,CALL,45300,26-Jun-25,9961.706318978235,10833.63242733175,8696.812331589894,32,3,31.54165088986294,2.3841322948296177,9950,9531,,,,0.10901362957625427
6/18/25 12:45,BANKNIFTY.NSE.OPT.26Jun2025.45400.CALL,CALL,45400,26-Jun-25,9881.193054039964,10425.426622149793,8911.244320316247,8,3,33.58418627809181,-5.406742986,8860,6349,,,,0.4767773397278079
6/18/25 12:45,BANKNIFTY.NSE.OPT.26Jun2025.45500.CALL,CALL,45500,26-Jun-25,10047.47285793834,10416.887631518191,5222.528091844246,10,1,30.38458172304501,6.740216732,6874,9668,,,,0.2672009748106188
6/18/25 12:45,BANKNIFTY.NSE.OPT.26Jun2025.45600.CALL,CALL,45600,26-Jun-25,9693.505176,10617.711573463563,8408.063266433337,93,4,20.901544274616974,-2.043048012,1847,6348,,,,1.1367373064602635
6/18/25 12:45,BANKNIFTY.NSE.OPT.26Jun2025.45700.CALL,CALL,45700,26-Jun-25,9592.009972,10482.631097005218,8134.1116788155305,49,3,22.954106693943427,-3.870949135,1642,1165,,,,0.5264578139742211
6/18/25 12:45,BANKNIFTY.NSE.OPT.26Jun2025.45800.CALL,CALL,45800,26-Jun-25,9723.630139425288,10360.608408071292,8371.042717,7,4,22.395601520159982,9.586293469,1919,2535,,,,-0.103309082
6/18/25 12:45,BANKNIFTY.NSE.OPT.26Jun2025.45900.CALL,CALL,45900,26-Jun-25,9551.921719816992,9947.580630634488,8038.330336066136,72,3,16.96990471418264,2.988692876165821,7147,9115,,,,0.46418485542659704
6/18/25 12:45,BANKNIFTY.NSE.OPT.26Jun2025.46000.CALL,CALL,46000,26-Jun-25,9759.581769000943,10179.167883210846,9583.037768782628,54,428,33.30837171944635,0.14773678502855603,3723,2272,,,,0.4672586536556591
6/18/25 12:45,BANKNIFTY.NSE.OPT.26Jun2025.46100.CALL,CALL,46100,26-Jun-25,9138.138722093941,10025.92435111385,8107.860431616451,90,4,30.93427505937049,-6.271542977,7151,7782,,,,1.8693200782028425
6/18/25 12:45,BANKNIFTY.NSE.OPT.26Jun2025.46200.CALL,CALL,46200,26-Jun-25,9415.186235893152,9680.833091271119,7814.819089902097,34,3,18.73080479845723,-2.079217439,3810,9562,,,,-1.771278078
6/18/25 12:45,BANKNIFTY.NSE.OPT.26Jun2025.46300.CALL,CALL,46300,26-Jun-25,9490.574014893231,9734.462235,9000.424891159222,11,9,32.49189685468642,0.3672816987363916,3841,4351,,,,0.8065174913212321
6/18/25 12:45,BANKNIFTY.NSE.OPT.26Jun2025.46400.CALL,CALL,46400,26-Jun-25,9028.980959190345,9733.898773280323,7667.251670477988,52,2,25.597275363464107,6.475088260583789,2651,8351,,,,0.4267032572826799
6/18/25 12:45,BANKNIFTY.NSE.OPT.26Jun2025.46500.CALL,CALL,46500,26-Jun-25,9031.320091,9551.9394,9197.483513737623,85,9,21.91711828127488,3.3094219940335883,4878,1305,,,,-0.962690072
6/18/25 12:45,BANKNIFTY.NSE.OPT.26Jun2025.46600.CALL,CALL,46600,26-Jun-25,8714.912034,9699.002466756718,4380.016764673847,47,0,25.283408477401785,4.783235879431931,7967,7972,,,,-1.441482614
6/18/25 12:45,BANKNIFTY.NSE.OPT.26Jun2025.46700.CALL,CALL,46700,26-Jun-25,8804.599403018645,9679.359475788578,4262.575232213474,54,0,27.760587514893416,2.523049442295841,3606,3353,,,,-0.679418333
6/18/25 12:45,BANKNIFTY.NSE.OPT.26Jun2025.46800.CALL,CALL,46800,26-Jun-25,8485.397572396578,9508.227436,4197.224819227537,0,0,20.995471060130445,-1.235285899,1759,8751,,,,-0.693361083
6/18/25 12:45,BANKNIFTY.NSE.OPT.26Jun2025.46900.CALL,CALL,46900,26-Jun-25,8491.000135261136,9134.879884506798,4167.760870724253,80,1,25.05270973973662,3.1687394107279747,6369,8616,,,,-1.432349732
6/18/25 12:45,BANKNIFTY.NSE.OPT.26Jun2025.47000.CALL,CALL,47000,26-Jun-25,8686.103324014444,8892.022209,8753.524316147268,16,324,16.853863698477948,-3.631131827,1257,4877,,,,-0.477119521
6/18/25 12:45,BANKNIFTY.NSE.OPT.26Jun2025.47100.CALL,CALL,47100,26-Jun-25,8418.133271,9054.190816385084,3860.4099181105025,75,4,16.03580027967747,-5.765414543,3213,4126,,,,0.063890984
6/18/25 12:45,BANKNIFTY.NSE.OPT.26Jun2025.47200.CALL,CALL,47200,26-Jun-25,8160.587769938296,8806.111102533565,8230.592505949344,4,2,19.6619386,-4.630122434,2246,2569,,,,-1.527635616
6/18/25 12:45,BANKNIFTY.NSE.OPT.26Jun2025.47300.CALL,CALL,47300,26-Jun-25,8376.941500196757,8871.715739692934,8506.739444621726,8,5,17.24248341613722,-6.899219805,8248,4646,,,,-0.608437398
6/18/25 12:45,BANKNIFTY.NSE.OPT.26Jun2025.47400.CALL,CALL,47400,26-Jun-25,8222.008527492579,8836.569793091128,7012.6358843146045,50,1,17.181423670911816,8.193020819733743,1216,8198,,,,-0.848530478
6/18/25 12:45,BANKNIFTY.NSE.OPT.26Jun2025.47500.CALL,CALL,47500,26-Jun-25,8122.426437496691,8579.978476083563,9178.552304334957,86,4,18.208349193979075,4.061945567064322,9264,4618,,,,-1.71593688
6/18/25 12:45,BANKNIFTY.NSE.OPT.26Jun2025.47600.CALL,CALL,47600,26-Jun-25,7862.410653950287,8559.605641523583,4744.8661855369055,2,2,18.470029245134267,-7.119540489,1265,8289,,,,-0.455342075
6/18/25 12:45,BANKNIFTY.NSE.OPT.26Jun2025.47700.CALL,CALL,47700,26-Jun-25,7613.329645395038,8570.325686890123,4778.754780609469,5,2,32.891793203667746,9.154553551321168,4072,4454,,,,1.2850679049584657
6/18/25 12:45,BANKNIFTY.NSE.OPT.26Jun2025.47800.CALL,CALL,47800,26-Jun-25,7775.527567490684,8385.595774317437,4561.719083746873,95,1,20.24712612040786,-7.878404562,7916,8765,,,,-1.508428811
6/18/25 12:45,BANKNIFTY.NSE.OPT.26Jun2025.47900.CALL,CALL,47900,26-Jun-25,7537.640232864931,8065.6200435508335,4433.425478970485,82,1,20.70031735112373,5.5703538497591225,1227,4739,,,,1.0597324278358462
6/18/25 12:45,BANKNIFTY.NSE.OPT.26Jun2025.48000.CALL,CALL,48000,26-Jun-25,7694.995942600276,7809.718333404904,8045.523103055058,98,792,33.82288236936179,-6.469985255,5093,5105,,,,-0.6974719
6/18/25 12:45,BANKNIFTY.NSE.OPT.26Jun2025.48100.CALL,CALL,48100,26-Jun-25,7332.5408785734235,7917.938345951168,4257.6574805241335,49,1,26.367943251592113,-9.018309077,6997,1759,,,,-0.911992623
6/18/25 12:45,BANKNIFTY.NSE.OPT.26Jun2025.48200.CALL,CALL,48200,26-Jun-25,7271.071135907789,7915.211329566783,4133.129802,61,1,32.17469715,4.551406929403253,7265,5969,,,,0.22938593202198287
6/18/25 12:45,BANKNIFTY.NSE.OPT.26Jun2025.48300.CALL,CALL,48300,26-Jun-25,7258.400489,7728.290886606663,7436.284453600272,47,2,21.78613874191959,4.528735192503055,3363,6151,,,,1.653630474375693
6/18/25 12:45,BANKNIFTY.NSE.OPT.26Jun2025.48400.CALL,CALL,48400,26-Jun-25,7458.068575309752,7616.788099272313,7508.316057291281,28,3,34.63846917,7.897159270346634,7588,9030,,,,-1.421648803
6/18/25 12:45,BANKNIFTY.NSE.OPT.26Jun2025.48500.CALL,CALL,48500,26-Jun-25,7269.183141177255,7445.333543391039,7378.768010197486,73,44,16.74270637363126,0.8404393955765794,7077,8543,,,,1.5621643382450383
6/18/25 12:45,BANKNIFTY.NSE.OPT.26Jun2025.48600.CALL,CALL,48600,26-Jun-25,7061.981281549948,7300.993565517339,7388.318139616348,21,4,27.02253323389425,-3.358031101,8383,2258,,,,-1.886303147
6/18/25 12:45,BANKNIFTY.NSE.OPT.26Jun2025.48700.CALL,CALL,48700,26-Jun-25,6956.3496194522695,7466.613699,7292.258452187138,62,4,24.67527850170101,7.902492400336413,4424,4907,,,,-0.398974709
6/18/25 12:45,BANKNIFTY.NSE.OPT.26Jun2025.48800.CALL,CALL,48800,26-Jun-25,6844.075051756242,7146.940835,6951.402043886941,88,4,29.437742672372263,-6.069052373,5601,3425,,,,0.1256385789353507
6/18/25 12:45,BANKNIFTY.NSE.OPT.26Jun2025.48900.CALL,CALL,48900,26-Jun-25,6652.625322,7045.494962,7075.949682701579,76,0,25.73519514324449,-4.899427203,3417,3222,,,,-0.048955183
6/18/25 12:45,BANKNIFTY.NSE.OPT.26Jun2025.49000.CALL,CALL,49000,26-Jun-25,6727.769374574215,6947.655105696913,6844.764020392615,143,1647,24.773888251818217,8.969246912,9372,2037,,,,1.8616815233586514
6/18/25 12:45,BANKNIFTY.NSE.OPT.26Jun2025.49100.CALL,CALL,49100,26-Jun-25,6577.411364205714,6964.721121053481,6690.091475000423,66,0,21.080029689370814,2.4082266505334466,7503,1470,,,,1.7889171209361416
6/18/25 12:45,BANKNIFTY.NSE.OPT.26Jun2025.49200.CALL,CALL,49200,26-Jun-25,6633.885432202054,6695.166429285074,6517.515256519468,20,16,27.226171557444292,-0.261086926,8502,9210,,,,0.6016934980335509
6/18/25 12:45,BANKNIFTY.NSE.OPT.26Jun2025.49300.CALL,CALL,49300,26-Jun-25,5986.07743,6801.513593821212,6486.671305875076,2,30,25.60809464600095,9.440518574714744,7052,7446,,,,1.8161048282294563
6/18/25 12:45,BANKNIFTY.NSE.OPT.26Jun2025.49400.CALL,CALL,49400,26-Jun-25,6152.754359365902,6599.342749288443,6706.866620559483,7,1,18.955545131715606,-9.048864683,6877,5701,,,,1.355902664328326
6/18/25 12:45,BANKNIFTY.NSE.OPT.26Jun2025.49500.CALL,CALL,49500,26-Jun-25,6429.407388515406,6401.115417504151,6226.040472317718,48,419,20.378848444494935,-2.594079323,1730,3325,,,,-1.325678066
6/18/25 12:45,BANKNIFTY.NSE.OPT.26Jun2025.49600.CALL,CALL,49600,26-Jun-25,6068.745189014233,6345.215227641102,6822.040608,59,3,33.843951861089835,6.3686073895163915,8870,7623,,,,-1.236940837
6/18/25 12:45,BANKNIFTY.NSE.OPT.26Jun2025.49700.CALL,CALL,49700,26-Jun-25,5780.967663426085,6358.800012038901,6263.102107193043,36,1,30.954573052506184,5.805130996545174,1622,2284,,,,-0.689064049
6/18/25 12:45,BANKNIFTY.NSE.OPT.26Jun2025.49800.CALL,CALL,49800,26-Jun-25,5599.304641171862,6334.493160610153,5972.1339392887185,3,62,20.079040980251445,-9.046069726,7771,4491,,,,1.2153694266203736
6/18/25 12:45,BANKNIFTY.NSE.OPT.26Jun2025.49900.CALL,CALL,49900,26-Jun-25,5738.914661645656,6054.838397572923,5815.219256867004,72,1,32.37071681488812,5.124648123882054,8746,9174,,,,1.674617407032731
6/18/25 12:45,BANKNIFTY.NSE.OPT.26Jun2025.50000.CALL,CALL,50000,26-Jun-25,5807.3208094129695,5869.750591479895,5799.766747613275,82,5229,20.540888488679137,-6.847047829,3534,9381,,,,-1.974055876
6/18/25 12:45,BANKNIFTY.NSE.OPT.26Jun2025.50100.CALL,CALL,50100,26-Jun-25,5590.226415212594,5944.392867486864,5861.657496157478,44,6,29.530159797476298,8.548860434090415,4936,9291,,,,-0.518335837
6/18/25 12:45,BANKNIFTY.NSE.OPT.26Jun2025.50200.CALL,CALL,50200,26-Jun-25,5544.004680114889,5758.115875707522,5396.859425208002,92,20,26.841924912748482,-7.406875391,9882,1169,,,,1.969325514509383
6/18/25 12:45,BANKNIFTY.NSE.OPT.26Jun2025.50300.CALL,CALL,50300,26-Jun-25,5505.239489611121,5684.943901716903,5404.641995,38,13,19.698429448991114,1.3695691453703809,4148,6877,,,,1.385557656833381
6/18/25 12:45,BANKNIFTY.NSE.OPT.26Jun2025.50400.CALL,CALL,50400,26-Jun-25,5244.951142860409,5549.923553782795,5322.002143991676,19,40,33.34139568512097,6.0266669181950725,6322,4308,,,,1.1703988102057732
6/18/25 12:45,BANKNIFTY.NSE.OPT.26Jun2025.50500.CALL,CALL,50500,26-Jun-25,5382.672572753909,5485.730302293545,5481.289902890324,72,279,17.910645510991554,1.585383353,6254,8964,,,,-0.09484914
6/18/25 12:45,BANKNIFTY.NSE.OPT.26Jun2025.50600.CALL,CALL,50600,26-Jun-25,5158.696676182073,5515.026633814378,5051.690204,70,52,22.232769398799533,-7.180442245,4298,9782,,,,0.5984936072873102
6/18/25 12:45,BANKNIFTY.NSE.OPT.26Jun2025.50700.CALL,CALL,50700,26-Jun-25,4936.020557578916,5424.678108710386,5015.032283772188,96,14,23.41889084778127,9.003244292,1474,7530,,,,1.8897988171448672
6/18/25 12:45,BANKNIFTY.NSE.OPT.26Jun2025.50800.CALL,CALL,50800,26-Jun-25,5019.530988779929,5204.330089180747,5000.983358041174,36,18,19.092859729799276,5.2724507878908415,9089,2051,,,,-0.972230568
6/18/25 12:45,BANKNIFTY.NSE.OPT.26Jun2025.50900.CALL,CALL,50900,26-Jun-25,4864.802372488094,5085.639554410817,4631.673210448715,22,26,31.18505146510139,5.294615904642653,3400,8117,,,,-1.339304384
6/18/25 12:45,BANKNIFTY.NSE.OPT.26Jun2025.51000.CALL,CALL,51000,26-Jun-25,4840.541006135387,4948.4745956418665,5006.865575170367,88,2701,20.98027088958169,0.779713544,1757,2103,,,,1.4468681332802187
6/18/25 12:45,BANKNIFTY.NSE.OPT.26Jun2025.51100.CALL,CALL,51100,26-Jun-25,4736.017156242156,4933.374423372299,4590.973938428926,79,35,31.292407465746933,-2.207550189,7232,3375,,,,0.523934857
6/18/25 12:45,BANKNIFTY.NSE.OPT.26Jun2025.51200.CALL,CALL,51200,26-Jun-25,4475.8443384005095,4779.861985879775,4131.076960491608,15,34,31.693420740678945,-0.897546592,7661,1510,,,,-0.07223436
6/18/25 12:45,BANKNIFTY.NSE.OPT.26Jun2025.51300.CALL,CALL,51300,26-Jun-25,4392.1205980699315,4741.838764,4586.7064149234075,9,20,29.405892560535747,9.952643217,1558,2404,,,,1.423061934170208
6/18/25 12:45,BANKNIFTY.NSE.OPT.26Jun2025.51400.CALL,CALL,51400,26-Jun-25,4361.350368300293,4584.699140172098,4323.239951062067,75,32,20.940778139835373,1.1885228254457303,5323,8131,,,,1.4749818744792136
6/18/25 12:45,BANKNIFTY.NSE.OPT.26Jun2025.51500.CALL,CALL,51500,26-Jun-25,4282.033808110227,4313.994788790274,4385.764787,80,579,16.91164219041108,-0.788762489,6232,8877,,,,1.6949841632192695
6/18/25 12:45,BANKNIFTY.NSE.OPT.26Jun2025.51600.CALL,CALL,51600,26-Jun-25,4156.483876716555,4385.611893522907,4193.577654044031,70,28,32.32209940656344,5.652964959573154,4738,4010,,,,0.8987732911407424
6/18/25 12:45,BANKNIFTY.NSE.OPT.26Jun2025.51700.CALL,CALL,51700,26-Jun-25,3996.703097775577,4407.760560068914,4273.583516571323,40,26,19.448017799699304,-2.559939548,9685,4907,,,,0.6706608443679918
6/18/25 12:45,BANKNIFTY.NSE.OPT.26Jun2025.51800.CALL,CALL,51800,26-Jun-25,3900.4389626153225,4152.587216066683,3846.2435058726946,26,59,18.870798416277296,2.925845958800327,9909,9154,,,,1.339138708668767
6/18/25 12:45,BANKNIFTY.NSE.OPT.26Jun2025.51900.CALL,CALL,51900,26-Jun-25,3860.5408647622407,4126.358307317899,3923.1239966143708,21,42,29.081237183326216,-8.390752711,7409,1147,,,,1.5945874038321146
6/18/25 12:45,BANKNIFTY.NSE.OPT.26Jun2025.52000.CALL,CALL,52000,26-Jun-25,3880.9587580231296,3925.4770398446963,3847.368836063656,99,3647,32.037000951403975,0.6836618461181416,1456,7385,,,,-0.929181848
6/18/25 12:45,BANKNIFTY.NSE.OPT.26Jun2025.52100.CALL,CALL,52100,26-Jun-25,3616.072585516269,4000.7020302156493,4475.639131884836,91,9,15.19947770302118,-2.71455287,4240,2695,,,,-0.975805009
6/18/25 12:45,BANKNIFTY.NSE.OPT.26Jun2025.52200.CALL,CALL,52200,26-Jun-25,3588.9276904505523,3775.1202988424757,3484.7737700758057,89,85,29.205695786317385,2.0554126953553613,1641,5817,,,,1.4436018839924363
6/18/25 12:45,BANKNIFTY.NSE.OPT.26Jun2025.52300.CALL,CALL,52300,26-Jun-25,3468.403551484301,3738.5405260418174,3376.387880391656,94,16,34.100120837137766,-0.687804554,3904,6786,,,,1.1345131860850293
6/18/25 12:45,BANKNIFTY.NSE.OPT.26Jun2025.52400.CALL,CALL,52400,26-Jun-25,3343.4198599757838,3624.021196208699,4480.841129344572,11,1,20.732729102640626,-5.20876296,6808,1858,,,,-1.072722421
6/18/25 12:45,BANKNIFTY.NSE.OPT.26Jun2025.52500.CALL,CALL,52500,26-Jun-25,3435.7235034401233,3421.633181281066,3367.251333686615,86,2221,20.386253837169196,-6.193275404,1940,5834,,,,1.0463257555572056
6/18/25 12:45,BANKNIFTY.NSE.OPT.26Jun2025.52600.CALL,CALL,52600,26-Jun-25,3129.2046039188704,3417.2540758959353,3172.314365381723,48,11,32.32875259557562,-4.275076096,3973,5205,,,,-1.011027866
6/18/25 12:45,BANKNIFTY.NSE.OPT.26Jun2025.52700.CALL,CALL,52700,26-Jun-25,3043.263001651909,3303.6342135687787,3773.546639758146,20,4,18.002280117876683,1.5106082588706258,4472,4548,,,,-1.206445393
6/18/25 12:45,BANKNIFTY.NSE.OPT.26Jun2025.52800.CALL,CALL,52800,26-Jun-25,2928.3763980715053,3276.246141510976,3139.5993480768684,22,76,25.654653604795556,0.4628267235368799,3498,3488,,,,0.34734401062007203
6/18/25 12:45,BANKNIFTY.NSE.OPT.26Jun2025.52900.CALL,CALL,52900,26-Jun-25,2901.335509090493,3094.790780575476,2839.089479197236,8,11,27.540863867980995,-4.001185737,8686,4678,,,,1.7316442494164397
6/18/25 12:45,BANKNIFTY.NSE.OPT.26Jun2025.53000.CALL,CALL,53000,26-Jun-25,2860.1380236138148,2915.352140208634,2910.9540140408435,1011,3871,27.808799422834625,5.9101331495373834,4688,2453,,,,-1.016085283
6/18/25 12:45,BANKNIFTY.NSE.OPT.26Jun2025.53100.CALL,CALL,53100,26-Jun-25,2721.272083009354,2883.584885,2686.6946260305062,26,98,21.918844907525237,-9.122220201,7265,4054,,,,-0.333873153
6/18/25 12:45,BANKNIFTY.NSE.OPT.26Jun2025.53200.CALL,CALL,53200,26-Jun-25,2658.9518935906244,2776.359801816254,2940.322195575006,79,18,27.036152664449144,-5.642318107,8385,2694,,,,1.7242887936682956
6/18/25 12:45,BANKNIFTY.NSE.OPT.26Jun2025.53300.CALL,CALL,53300,26-Jun-25,2558.7343889244185,2791.4730294593855,2697.501221047452,75,71,30.787604028192824,-2.175748574,9886,4161,,,,-1.127713714
6/18/25 12:45,BANKNIFTY.NSE.OPT.26Jun2025.53400.CALL,CALL,53400,26-Jun-25,2488.282976090169,2640.1523799402717,2615.2657286377625,74,30,22.929692591576003,5.5013410513016066,3456,3172,,,,-1.046855716
6/18/25 12:45,BANKNIFTY.NSE.OPT.26Jun2025.53500.CALL,CALL,53500,26-Jun-25,2348.9018638476623,2481.824515969415,2340.1238887806653,132,1673,32.834917120933966,3.861545045435296,4782,9845,,,,-1.503661456
6/18/25 12:45,BANKNIFTY.NSE.OPT.26Jun2025.53600.CALL,CALL,53600,26-Jun-25,2241.7003939929255,2427.0408120156394,2215.5421625974022,97,72,24.274982982325078,-7.927483742,5349,4201,,,,-0.531833445
6/18/25 12:45,BANKNIFTY.NSE.OPT.26Jun2025.53700.CALL,CALL,53700,26-Jun-25,2135.182638811521,2286.731824991795,2307.457517533394,10,89,24.30210390341076,4.4401064167272715,4988,5628,,,,0.9242657409314368
6/18/25 12:45,BANKNIFTY.NSE.OPT.26Jun2025.53800.CALL,CALL,53800,26-Jun-25,2114.2614015877652,2264.1040574339854,2060.4363724743152,52,52,19.533925568651988,-4.663145181,3940,6183,,,,-1.066529416
6/18/25 12:45,BANKNIFTY.NSE.OPT.26Jun2025.53900.CALL,CALL,53900,26-Jun-25,1908.7902617052223,2181.095514741625,2055.1493934930336,26,78,28.076560229953664,5.069319899760398,1698,4130,,,,-0.747361422
6/18/25 12:45,BANKNIFTY.NSE.OPT.26Jun2025.54000.CALL,CALL,54000,26-Jun-25,1939.3884790437119,1968.154898472136,1955.962586417195,869,6164,24.12464939059462,-0.003533068,1222,9660,,,,-1.60102135
6/18/25 12:45,BANKNIFTY.NSE.OPT.26Jun2025.54100.CALL,CALL,54100,26-Jun-25,1743.3538215828778,1958.5745334174067,1852.6142472373158,108,131,34.12421501154543,-1.841761801,1158,5725,,,,0.5434435470074783
6/18/25 12:45,BANKNIFTY.NSE.OPT.26Jun2025.54200.CALL,CALL,54200,26-Jun-25,1733.973346116874,1878.9030364396149,1654.7098809861743,93,70,34.67804911629691,8.395446253903252,9569,4371,,,,-0.191035249
6/18/25 12:45,BANKNIFTY.NSE.OPT.26Jun2025.54300.CALL,CALL,54300,26-Jun-25,1554.663390901066,1786.0050439360086,1637.8014627137575,112,100,23.63208998758407,-2.611841682,9793,7811,,,,-1.226470957
6/18/25 12:45,BANKNIFTY.NSE.OPT.26Jun2025.54400.CALL,CALL,54400,26-Jun-25,1551.2358736776657,1661.0927307128466,1511.916360939223,93,106,18.380793409199676,7.8044062714528835,2567,2917,,,,-1.828139275
6/18/25 12:45,BANKNIFTY.NSE.OPT.26Jun2025.54500.CALL,CALL,54500,26-Jun-25,1483.3216253378769,1492.7305463431464,1456.3504201193825,1310,2271,19.840649156513713,-7.698714301,9100,5019,,,,0.035608148
6/18/25 12:45,BANKNIFTY.NSE.OPT.26Jun2025.54600.CALL,CALL,54600,26-Jun-25,1369.4995985745543,1423.541065140915,1467.7832052949293,201,479,24.161183196489972,-0.598165724,4931,3412,,,,0.5282597003790341
6/18/25 12:45,BANKNIFTY.NSE.OPT.26Jun2025.54700.CALL,CALL,54700,26-Jun-25,1326.731464154231,1337.1079365451733,1338.3456649113768,121,277,24.034368134568147,-3.802741753,5646,4270,,,,-1.236785232
6/18/25 12:45,BANKNIFTY.NSE.OPT.26Jun2025.54800.CALL,CALL,54800,26-Jun-25,1233.871338,1247.9179156282732,1225.2217885680357,264,413,24.061332558502087,-8.672750516,4645,1896,,,,-1.211625591
6/18/25 12:45,BANKNIFTY.NSE.OPT.26Jun2025.54900.CALL,CALL,54900,26-Jun-25,1180.5307135467824,1187.839195208232,1148.549278626728,444,472,17.99059902015263,-9.591960853,1188,7397,,,,-0.977940407
6/18/25 12:45,BANKNIFTY.NSE.OPT.26Jun2025.55000.CALL,CALL,55000,26-Jun-25,1083.7162392322953,1103.0049468919615,1093.7995719703956,18330,17645,19.91772592449157,6.944645841088043,9057,2745,,,,-0.394345088
6/18/25 12:45,BANKNIFTY.NSE.OPT.26Jun2025.55100.CALL,CALL,55100,26-Jun-25,993.2798501113562,1007.6392704282539,1028.417298451726,1425,578,26.15181871790968,9.213075990220513,3249,6772,,,,-1.549969846
6/18/25 12:45,BANKNIFTY.NSE.OPT.26Jun2025.55200.CALL,CALL,55200,26-Jun-25,914.5778578102064,943.5286547991782,929.1304754742979,3901,1387,27.10044204490613,-3.059946546,7440,6407,,,,-1.229065988
6/18/25 12:45,BANKNIFTY.NSE.OPT.26Jun2025.55300.CALL,CALL,55300,26-Jun-25,858.7228996791899,866.5902268543113,877.5590779789125,7102,1500,28.715604128324657,5.3352764802812125,3775,6411,,,,1.877907377073988
6/18/25 12:45,BANKNIFTY.NSE.OPT.26Jun2025.55400.CALL,CALL,55400,26-Jun-25,777.7696675812075,798.6830207356774,763.1920886934464,11568,2758,24.134843484748426,-6.859363066,5157,8121,,,,1.6828403567305794
6/18/25 12:45,BANKNIFTY.NSE.OPT.26Jun2025.55500.CALL,CALL,55500,26-Jun-25,708.5589791,704.4769516647258,715.0708080005712,100618,18153,19.259069371395782,-9.561542968,5710,7643,,,,0.12791488132476792
6/18/25 12:45,BANKNIFTY.NSE.OPT.26Jun2025.55600.CALL,CALL,55600,26-Jun-25,645.5248852956777,663.6092340767995,646.5252372608606,72207,5975,27.205805372820652,-6.289925094,5201,2847,,,,0.23829452462623202
6/18/25 12:45,BANKNIFTY.NSE.OPT.26Jun2025.55700.CALL,CALL,55700,26-Jun-25,595.1610239254321,589.1062804,598.9352400245093,152176,6971,24.37981311596344,-0.758474783,5697,3640,,,,0.30495992669383254
6/18/25 12:45,BANKNIFTY.NSE.OPT.26Jun2025.55800.CALL,CALL,55800,26-Jun-25,523.9722355,529.9288383092355,545.7683613518636,191964,16128,23.488840304439968,-6.054428726,2657,9385,,,,-1.786810763
6/18/25 12:45,BANKNIFTY.NSE.OPT.26Jun2025.55900.CALL,CALL,55900,26-Jun-25,478.96443875719444,478.2540696508214,489.7744788,134361,11233,18.042393468240135,-3.545838418,4269,1850,,,,0.9308835725609885
6/18/25 12:45,BANKNIFTY.NSE.OPT.26Jun2025.56000.CALL,CALL,56000,26-Jun-25,431.0822947050397,428.4378327,422.04165570571274,278530,78809,30.66895526909139,6.648551807140681,5684,4079,,,,-0.908569489
6/18/25 12:45,BANKNIFTY.NSE.OPT.26Jun2025.56100.CALL,CALL,56100,26-Jun-25,382.57250900990095,390.25236849909913,380.31465941793493,46567,7242,24.441910501989266,-2.733223044,6627,2706,,,,1.6591631480976772
6/18/25 12:45,BANKNIFTY.NSE.OPT.26Jun2025.56200.CALL,CALL,56200,26-Jun-25,335.2166847526674,342.94461881429714,342.82058514412626,47245,8926,16.573867652006374,-0.151280197,9849,9480,,,,-1.961455815
6/18/25 12:45,BANKNIFTY.NSE.OPT.26Jun2025.56300.CALL,CALL,56300,26-Jun-25,292.20703635963326,302.0524428937734,301.6449573274433,36276,7446,20.735755885647954,-9.847428489,7927,6698,,,,0.5964108723064849
6/18/25 12:45,BANKNIFTY.NSE.OPT.26Jun2025.56400.CALL,CALL,56400,26-Jun-25,261.36855333614716,261.60563084747247,268.00916266003765,32428,5974,17.15129112747733,-1.075985849,7824,4952,,,,0.7982425271902045
6/18/25 12:45,BANKNIFTY.NSE.OPT.26Jun2025.56500.CALL,CALL,56500,26-Jun-25,234.4479748991588,235.66960699286471,236.88699771902913,112149,39753,21.27866143659393,-0.342784151,5667,5774,,,,-1.332239604
6/18/25 12:45,BANKNIFTY.NSE.OPT.26Jun2025.56600.CALL,CALL,56600,26-Jun-25,206.6273449578612,201.7910462207485,207.01717749347932,32326,11626,23.17103970804883,0.6224540866697268,1337,7115,,,,-1.94205951
6/18/25 12:45,BANKNIFTY.NSE.OPT.26Jun2025.56700.CALL,CALL,56700,26-Jun-25,178.16063880913214,177.29566752068106,184.75320661438093,30287,10492,23.153647835269304,-5.968693565,4467,5743,,,,1.4746137980986473
6/18/25 12:45,BANKNIFTY.NSE.OPT.26Jun2025.56800.CALL,CALL,56800,26-Jun-25,153.1649519538679,157.61017333844515,157.80017934588466,27766,12719,28.55446938188683,-1.449436636,3675,2788,,,,-1.984174627
6/18/25 12:45,BANKNIFTY.NSE.OPT.26Jun2025.56900.CALL,CALL,56900,26-Jun-25,137.8419196032664,139.93910540388927,141.19044848111795,20580,12139,17.352118535288582,2.1282851529862885,8447,4479,,,,-0.796904338
6/18/25 12:45,BANKNIFTY.NSE.OPT.26Jun2025.57000.CALL,CALL,57000,26-Jun-25,118.6181715581601,119.0105968,116.69443614403932,114670,57450,18.132085324273667,4.668243793371431,2299,1195,,,,-1.807290014
6/18/25 12:45,BANKNIFTY.NSE.OPT.26Jun2025.57100.CALL,CALL,57100,26-Jun-25,99.88397861929127,104.99900943205412,101.34633547507089,15864,5772,18.350523389120834,8.928902219560054,9167,7128,,,,-0.286282678
6/18/25 12:45,BANKNIFTY.NSE.OPT.26Jun2025.57200.CALL,CALL,57200,26-Jun-25,88.04310059594128,92.93170364105497,90.82287102675977,25217,6151,32.06921297833685,8.969720719855914,8250,5685,,,,0.069900513
6/18/25 12:45,BANKNIFTY.NSE.OPT.26Jun2025.57300.CALL,CALL,57300,26-Jun-25,77.76427737022665,80.95181080643728,79.48856401338992,16682,4457,23.855041529256148,5.611035272,3462,9030,,,,-0.290542289
6/18/25 12:45,BANKNIFTY.NSE.OPT.26Jun2025.57400.CALL,CALL,57400,26-Jun-25,67.20443571032315,68.39130578579048,67.37849435055762,17602,4455,22.336478204116105,4.099863668651571,1627,1441,,,,-1.144500295
6/18/25 12:45,BANKNIFTY.NSE.OPT.26Jun2025.57500.CALL,CALL,57500,26-Jun-25,58.53489189102136,59.31028649908655,58.55517658459437,92967,39693,20.632873078482838,9.181550009651765,7630,5427,,,,-1.133539451
6/18/25 12:45,BANKNIFTY.NSE.OPT.26Jun2025.57600.CALL,CALL,57600,26-Jun-25,50.49502162,54.21898037736465,50.36705092803185,14690,4359,26.964236854916475,4.740326709251271,7282,7546,,,,-1.822627574
6/18/25 12:45,BANKNIFTY.NSE.OPT.26Jun2025.57700.CALL,CALL,57700,26-Jun-25,44.120991084409276,47.66643813471043,46.831574591419944,12893,4146,24.027675072621197,1.8665024392881424,3714,3872,,,,0.9679152776970543
6/18/25 12:45,BANKNIFTY.NSE.OPT.26Jun2025.57800.CALL,CALL,57800,26-Jun-25,38.43995626403601,41.388244278786175,41.261048076235156,20073,4682,17.286890731113548,9.627522241532215,4472,2685,,,,1.4747452339621816
6/18/25 12:45,BANKNIFTY.NSE.OPT.26Jun2025.57900.CALL,CALL,57900,26-Jun-25,34.236112769635476,35.410334267039275,34.52838429756581,8593,2443,20.037635970984034,-2.247007817,1753,9025,,,,1.170361040981946
6/18/25 12:45,BANKNIFTY.NSE.OPT.26Jun2025.58000.CALL,CALL,58000,26-Jun-25,29.894643279883848,31.454881553620968,29.137263985147207,85392,38182,28.66940360335198,7.0426129367439145,9254,4842,,,,-1.037620542
6/18/25 12:45,BANKNIFTY.NSE.OPT.26Jun2025.58100.CALL,CALL,58100,26-Jun-25,26.661194085485718,27.495505975778258,26.81119492341012,9249,3022,34.08163313378227,9.001809602218685,9840,4508,,,,0.9675518700167984
6/18/25 12:45,BANKNIFTY.NSE.OPT.26Jun2025.58200.CALL,CALL,58200,26-Jun-25,24.027612494616385,24.96401622779102,24.570266953600957,14800,4594,17.614618912765824,2.7254153333698294,9821,4133,,,,-1.100205474
6/18/25 12:45,BANKNIFTY.NSE.OPT.26Jun2025.58300.CALL,CALL,58300,26-Jun-25,20.999250623539005,22.214101845308335,21.628545185403496,10150,3879,34.03306405,-2.160386196,2017,3609,,,,0.9083497886058822
6/18/25 12:45,BANKNIFTY.NSE.OPT.26Jun2025.58400.CALL,CALL,58400,26-Jun-25,18.86835867959608,19.763465430279112,19.95611475028921,10099,2394,28.92956349530703,-4.735970328,2318,2271,,,,-1.344397327
6/18/25 12:45,BANKNIFTY.NSE.OPT.26Jun2025.58500.CALL,CALL,58500,26-Jun-25,16.185105022980263,17.321072474183755,16.150641603115098,54303,31706,20.00310441172654,-7.047824462,3948,2341,,,,0.2270479447657987
6/18/25 12:45,BANKNIFTY.NSE.OPT.26Jun2025.58600.CALL,CALL,58600,26-Jun-25,14.697631957964859,16.107997639495167,16.149090488274453,6595,2566,25.441028187477208,2.838928024377756,2061,3350,,,,1.9504205632968463
6/18/25 12:45,BANKNIFTY.NSE.OPT.26Jun2025.58700.CALL,CALL,58700,26-Jun-25,13.38017268900536,14.742622492445195,13.810570444379065,12700,1972,22.173650689584665,6.363414940415343,6228,3572,,,,1.3857153417887953
6/18/25 12:45,BANKNIFTY.NSE.OPT.26Jun2025.58800.CALL,CALL,58800,26-Jun-25,11.328786601961118,12.882589215512656,12.844486329067971,8402,4070,24.290233505772107,-8.316448005,8134,2611,,,,0.9501673190994233
6/18/25 12:45,BANKNIFTY.NSE.OPT.26Jun2025.58900.CALL,CALL,58900,26-Jun-25,11.281838720869109,11.59849223245499,11.36648988644689,8893,4179,17.429691505987417,6.157201104413794,2693,7900,,,,0.6579597761187608
6/18/25 12:45,BANKNIFTY.NSE.OPT.26Jun2025.59000.CALL,CALL,59000,26-Jun-25,10.758906644137554,10.778424769263479,10.483356441744405,70981,47701,17.901093478089276,8.598333936906833,9685,2049,,,,1.6860749376890323
6/18/25 12:45,BANKNIFTY.NSE.OPT.26Jun2025.59100.CALL,CALL,59100,26-Jun-25,9.71472091,10.011801518457753,9.972699861360951,5823,2018,18.320760305835538,-1.064002913,3210,1445,,,,-0.51609612
6/18/25 12:45,BANKNIFTY.NSE.OPT.26Jun2025.59200.CALL,CALL,59200,26-Jun-25,9.422158412588495,10.002228976776752,10.051415088123465,3212,1636,23.31963060189849,-7.855796406,7194,5858,,,,0.6995787816785564
6/18/25 12:45,BANKNIFTY.NSE.OPT.26Jun2025.59300.CALL,CALL,59300,26-Jun-25,8.842081516324487,9.179704825197065,8.770383323547039,3424,1579,29.661925779201184,7.260136576977143,4201,1212,,,,0.8459696811566539
6/18/25 12:45,BANKNIFTY.NSE.OPT.26Jun2025.59400.CALL,CALL,59400,26-Jun-25,8.703857155833093,9.595424512,8.650238129764217,1488,1280,34.40174792101446,-1.32392807,9811,5530,,,,0.036857494
6/18/25 12:45,BANKNIFTY.NSE.OPT.26Jun2025.59500.CALL,CALL,59500,26-Jun-25,7.727907610745072,7.976674391385391,8.249741834503462,35680,35718,20.51603772,-0.147012393,6471,4626,,,,-1.841392509
6/18/25 12:45,BANKNIFTY.NSE.OPT.26Jun2025.59600.CALL,CALL,59600,26-Jun-25,7.644086471053276,7.882183783110646,7.7704823880805804,1804,1715,15.674956219644544,7.402880313836267,1958,5881,,,,-0.330809921
6/18/25 12:45,BANKNIFTY.NSE.OPT.26Jun2025.59700.CALL,CALL,59700,26-Jun-25,7.141288917392804,7.7847178132276165,7.535868796581704,3427,6616,18.192988098208524,7.847367413220038,5634,1131,,,,0.071837149
6/18/25 12:45,BANKNIFTY.NSE.OPT.26Jun2025.59800.CALL,CALL,59800,26-Jun-25,6.901392711,7.852362259205237,7.147497495293595,1413,1790,20.486397178055988,2.9676694708876727,8543,6369,,,,1.091905493888016
6/18/25 12:45,BANKNIFTY.NSE.OPT.26Jun2025.59900.CALL,CALL,59900,26-Jun-25,7.048105365,7.660749181276539,7.144492693873621,1938,1681,24.64024269551758,-0.299196045,2372,4643,,,,0.15989082835404256
6/18/25 12:45,BANKNIFTY.NSE.OPT.26Jun2025.60000.CALL,CALL,60000,26-Jun-25,6.6555815855986475,6.764627078,6.721244399408349,40706,53320,22.45675534412382,8.340788669,3881,1411,,,,0.3798172314648771
6/18/25 12:45,BANKNIFTY.NSE.OPT.26Jun2025.60100.CALL,CALL,60100,26-Jun-25,6.733007192183681,6.885704521285232,6.8019398333377294,1206,1329,26.949336309423046,4.103727155121163,4269,4338,,,,-0.361428244
6/18/25 12:45,BANKNIFTY.NSE.OPT.26Jun2025.60200.CALL,CALL,60200,26-Jun-25,5.385449833837148,6.333323919981849,6.405596118,2161,3397,24.471923037842515,-0.860535337,2015,8258,,,,1.276931821934984
6/18/25 12:45,BANKNIFTY.NSE.OPT.26Jun2025.60300.CALL,CALL,60300,26-Jun-25,6.284175794278281,6.852367442446597,6.5521292482343965,1837,1760,25.80581485438657,4.084509775938303,5855,3122,,,,1.436888605992999
6/18/25 12:45,BANKNIFTY.NSE.OPT.26Jun2025.60400.CALL,CALL,60400,26-Jun-25,6.2583474629487785,8.041536361596522,6.668336302641174,805,1137,25.514923750290095,9.596464134,2511,5188,,,,1.1483658301633217
6/18/25 12:45,BANKNIFTY.NSE.OPT.26Jun2025.60500.CALL,CALL,60500,26-Jun-25,5.405709584552417,6.036330977143452,5.990735693182162,14706,17047,26.14123583354545,-1.310058218,6678,8348,,,,-1.800450457
6/18/25 12:45,BANKNIFTY.NSE.OPT.26Jun2025.60600.CALL,CALL,60600,26-Jun-25,4.947499741779685,7.109254956630818,7.082165779097352,1333,1281,30.645032012044087,3.4400707950167746,9735,7960,,,,1.6016684044591245
6/18/25 12:45,BANKNIFTY.NSE.OPT.26Jun2025.60700.CALL,CALL,60700,26-Jun-25,5.958205960043849,6.991988630509656,6.060942643255756,925,826,26.518201678914313,-1.192767966,8832,4719,,,,-0.495551291
6/18/25 12:45,BANKNIFTY.NSE.OPT.26Jun2025.60800.CALL,CALL,60800,26-Jun-25,4.960435054170176,6.495594598076477,5.688088308,552,850,28.392458720187392,9.194414526674947,4821,6434,,,,-0.429041963
6/18/25 12:45,BANKNIFTY.NSE.OPT.26Jun2025.60900.CALL,CALL,60900,26-Jun-25,5.523385604,6.104459419745918,5.7306155666902105,1106,959,30.12197800118155,5.538135721723771,3332,9673,,,,0.5142216819563266
6/18/25 12:45,BANKNIFTY.NSE.OPT.26Jun2025.61000.CALL,CALL,61000,26-Jun-25,5.377023287137383,5.427269374985964,5.259302539247426,30245,28861,33.53622332493589,2.7276683004198574,7270,3352,,,,-1.380726909
6/18/25 12:45,BANKNIFTY.NSE.OPT.26Jun2025.61100.CALL,CALL,61100,26-Jun-25,4.375474582066594,7.366798999730801,5.484607736318376,413,243,22.430722105503175,9.402654735777688,6430,7604,,,,-1.481174926
6/18/25 12:45,BANKNIFTY.NSE.OPT.26Jun2025.61200.CALL,CALL,61200,26-Jun-25,5.3171350476549755,7.512736342517306,5.278529749,328,232,29.005121553345834,-2.300831889,8658,6623,,,,0.47997935094257915
6/18/25 12:45,BANKNIFTY.NSE.OPT.26Jun2025.61300.CALL,CALL,61300,26-Jun-25,3.9845900317378753,6.806697643545578,5.334009743959411,344,134,34.32646895040499,8.95550582,7343,3301,,,,-0.337813523
6/18/25 12:45,BANKNIFTY.NSE.OPT.26Jun2025.61400.CALL,CALL,61400,26-Jun-25,4.101430383842005,5.246489970358902,5.138005110104589,986,510,21.573484234924532,-2.132719211,9595,6065,,,,0.7741765528006299
6/18/25 12:45,BANKNIFTY.NSE.OPT.26Jun2025.61500.CALL,CALL,61500,26-Jun-25,4.7428821904375305,5.491199627,5.416836478766865,5610,7068,26.622995586012788,-8.893034265,5643,6578,,,,-0.48836169
6/18/25 12:45,BANKNIFTY.NSE.OPT.26Jun2025.61600.CALL,CALL,61600,26-Jun-25,4.867328768599313,6.05761474,4.9623885534505305,1203,542,18.09101700588386,4.2977007274196986,9550,3249,,,,1.8026096262189966
6/18/25 12:45,BANKNIFTY.NSE.OPT.26Jun2025.61700.CALL,CALL,61700,26-Jun-25,4.091138815276291,5.627440155959389,5.564277230950252,149,154,31.197177621179343,0.3228694287014733,6499,9675,,,,-0.291411196
6/18/25 12:45,BANKNIFTY.NSE.OPT.26Jun2025.61800.CALL,CALL,61800,26-Jun-25,4.219175861397447,6.772640716234228,4.939311282293747,550,205,28.368612827253372,-1.759134813,8118,4451,,,,-0.84572794
6/18/25 12:45,BANKNIFTY.NSE.OPT.26Jun2025.62000.CALL,CALL,62000,26-Jun-25,4.581317193972263,4.802138653085832,4.710255691297297,10160,13353,32.54225843451955,-9.138203341,8178,3244,,,,-0.291241178
6/18/25 12:45,BANKNIFTY.NSE.OPT.26Jun2025.62500.CALL,CALL,62500,26-Jun-25,4.735695136608945,4.744228486771944,4.78321319,6660,7699,25.23290676836438,8.388651044514088,3114,4838,,,,0.16243635119651811
6/18/25 12:45,BANKNIFTY.NSE.OPT.26Jun2025.63000.CALL,CALL,63000,26-Jun-25,4.144090589540287,4.5483859813772085,4.480871775273421,9835,30395,31.742020990945807,4.334859419156171,6935,9646,,,,0.5563764327877441
6/18/25 12:45,BANKNIFTY.NSE.OPT.26Jun2025.63500.CALL,CALL,63500,26-Jun-25,3.9227051300041373,3.9945389311365687,3.7751657189944696,7302,10337,21.588447262218224,-2.088437316,1023,1990,,,,-1.787678544
6/18/25 12:45,BANKNIFTY.NSE.OPT.26Jun2025.64000.CALL,CALL,64000,26-Jun-25,3.7999257746976034,3.9850856225278712,3.9937510842580637,7369,8872,32.092547766548535,0.43296105415626585,7835,6289,,,,-0.905517431
6/18/25 12:45,BANKNIFTY.NSE.OPT.26Jun2025.64500.CALL,CALL,64500,26-Jun-25,3.8504609380164347,3.815029568552231,3.8423284963181064,23179,26266,20.42621699227514,-0.508194725,4868,2802,,,,1.0084683826758023
6/18/25 13:00,BANKNIFTY.NSE.OPT.26Jun2025.40500.CALL,CALL,40500,26-Jun-25,15003.835443743736,15515.529177392895,15164.903878859208,36,5,19.05077730991951,8.228111210699144,6080,1989,,,,1.8756144773227432
6/18/25 13:00,BANKNIFTY.NSE.OPT.26Jun2025.42000.CALL,CALL,42000,26-Jun-25,13271.69452,14074.56443111968,13704.34853076871,59,0,28.680793985963234,-0.283934986,5580,2084,,,,1.0544997427338854
6/18/25 13:00,BANKNIFTY.NSE.OPT.26Jun2025.42500.CALL,CALL,42500,26-Jun-25,12922.011318906143,13718.43399151396,11037.050066766777,16,1,27.039426207353515,2.811825902345216,7798,1034,,,,1.5106589916013355
6/18/25 13:00,BANKNIFTY.NSE.OPT.26Jun2025.43000.CALL,CALL,43000,26-Jun-25,12380.920458717059,12998.012916380518,13076.491101082038,28,102,21.505044496811266,5.473461795416483,7328,1938,,,,1.8682201582287927
6/18/25 13:00,BANKNIFTY.NSE.OPT.26Jun2025.43500.CALL,CALL,43500,26-Jun-25,11575.559501169791,12684.92207842999,11315.84925457751,97,1,15.732718959701375,-8.300510738,2654,5496,,,,-1.553053532
6/18/25 13:00,BANKNIFTY.NSE.OPT.26Jun2025.44000.CALL,CALL,44000,26-Jun-25,11709.941543140352,11960.770259259425,12244.735520567294,41,35,16.402298139993427,-0.028152317,1677,1950,,,,-0.318953538
6/18/25 13:00,BANKNIFTY.NSE.OPT.26Jun2025.44500.CALL,CALL,44500,26-Jun-25,10951.53657637586,11367.953537504483,11003.316530068922,85,2,26.14208958049187,-4.782164134,7035,1688,,,,0.942022021
6/18/25 13:00,BANKNIFTY.NSE.OPT.26Jun2025.44900.CALL,CALL,44900,26-Jun-25,10556.872671083445,10990.792521584952,8989.524612715673,48,1,27.50408494239551,8.182718714180407,5874,6945,,,,-0.369651614
6/18/25 13:00,BANKNIFTY.NSE.OPT.26Jun2025.45000.CALL,CALL,45000,26-Jun-25,10878.955764586593,10860.787314806143,10841.764845734395,57,1971,31.966095281675365,7.256133599199956,6211,7999,,,,0.27902357588808124
6/18/25 13:00,BANKNIFTY.NSE.OPT.26Jun2025.45100.CALL,CALL,45100,26-Jun-25,10322.592610331221,11089.325662536981,8907.848572229768,96,2,32.29126414926921,-9.369719259,4072,4409,,,,-1.926963358
6/18/25 13:00,BANKNIFTY.NSE.OPT.26Jun2025.45200.CALL,CALL,45200,26-Jun-25,10243.998883712089,10736.55853504289,8748.175008185584,17,2,17.385948899726486,2.6802562230523836,2842,2538,,,,0.7996056392988358
6/18/25 13:00,BANKNIFTY.NSE.OPT.26Jun2025.45300.CALL,CALL,45300,26-Jun-25,9890.971210147718,10847.51357237177,8905.708671234654,11,3,26.774236583375828,-5.577227099,5425,9392,,,,-1.788692773
6/18/25 13:00,BANKNIFTY.NSE.OPT.26Jun2025.45400.CALL,CALL,45400,26-Jun-25,10052.836906931136,10725.568728765486,8713.666371762522,60,2,27.20401717129009,9.576963367404108,9145,2810,,,,0.3610434943950116
6/18/25 13:00,BANKNIFTY.NSE.OPT.26Jun2025.45500.CALL,CALL,45500,26-Jun-25,10026.770991881935,10824.227287052567,5402.098396059693,95,1,19.86607476546265,2.077035291619733,9193,2059,,,,-1.201125227
6/18/25 13:00,BANKNIFTY.NSE.OPT.26Jun2025.45600.CALL,CALL,45600,26-Jun-25,9870.390131,10432.503538978499,8716.602478719173,20,4,29.410504402171824,-9.424971794,5464,4944,,,,-0.565613548
6/18/25 13:00,BANKNIFTY.NSE.OPT.26Jun2025.45700.CALL,CALL,45700,26-Jun-25,9644.709910994536,10298.380735401786,8620.664783347873,92,3,30.761357877654333,5.835520596090976,2895,8210,,,,1.5044805923323388
6/18/25 13:00,BANKNIFTY.NSE.OPT.26Jun2025.45800.CALL,CALL,45800,26-Jun-25,9706.648913560151,10408.758874376994,8503.287175592988,16,4,32.07741903867745,2.043162231862363,4784,5382,,,,1.3272756372607835
6/18/25 13:00,BANKNIFTY.NSE.OPT.26Jun2025.45900.CALL,CALL,45900,26-Jun-25,9413.140238464515,10042.956870396069,8033.141630736998,42,4,29.19610791117973,-2.285688456,1853,1086,,,,-0.115091631
6/18/25 13:00,BANKNIFTY.NSE.OPT.26Jun2025.46000.CALL,CALL,46000,26-Jun-25,9719.190631452084,10198.484294896241,9879.916668,36,448,24.036107019867906,-2.333374017,9702,3316,,,,0.1470556293452443
6/18/25 13:00,BANKNIFTY.NSE.OPT.26Jun2025.46100.CALL,CALL,46100,26-Jun-25,9180.457006006369,9776.684708,7988.460940889262,10,3,17.40553576836476,8.116520219114594,3203,9020,,,,1.4968801586313072
6/18/25 13:00,BANKNIFTY.NSE.OPT.26Jun2025.46200.CALL,CALL,46200,26-Jun-25,9135.184249380902,9767.351538776758,7860.757244,40,3,29.61316798,-6.768783517,2838,7288,,,,0.6690832429914062
6/18/25 13:00,BANKNIFTY.NSE.OPT.26Jun2025.46300.CALL,CALL,46300,26-Jun-25,9345.697799909145,9709.778136818595,9479.802747662148,96,10,23.377921006868906,-1.658528639,9343,7934,,,,-0.841330736
6/18/25 13:00,BANKNIFTY.NSE.OPT.26Jun2025.46400.CALL,CALL,46400,26-Jun-25,9008.756083396815,9779.026812485326,7794.673779630778,78,3,34.291672156339104,3.102145423428418,8955,8134,,,,-0.868890149
6/18/25 13:00,BANKNIFTY.NSE.OPT.26Jun2025.46500.CALL,CALL,46500,26-Jun-25,9062.663658305091,9458.041137206375,8972.213125304515,50,9,28.79047768806023,-1.018046863,6525,6616,,,,-0.317348014
6/18/25 13:00,BANKNIFTY.NSE.OPT.26Jun2025.46600.CALL,CALL,46600,26-Jun-25,8759.081895005274,9684.296807,4229.562894940331,41,0,34.20636590415766,-7.949553078,9251,7482,,,,0.015781909704460695
6/18/25 13:00,BANKNIFTY.NSE.OPT.26Jun2025.46700.CALL,CALL,46700,26-Jun-25,8839.467941980118,9390.649557889488,4369.568730461386,54,0,24.204186212264922,6.666832510716841,1265,4070,,,,1.4576143225516165
6/18/25 13:00,BANKNIFTY.NSE.OPT.26Jun2025.46800.CALL,CALL,46800,26-Jun-25,8558.415509,9484.210571280728,4265.544342365922,3,0,29.855418891220012,-8.984588784,6344,2045,,,,-0.918419225
6/18/25 13:00,BANKNIFTY.NSE.OPT.26Jun2025.46900.CALL,CALL,46900,26-Jun-25,8485.004867170279,9202.720521536212,4170.165559096107,10,1,33.330901524929615,-9.540191239,4216,5811,,,,-1.779022599
6/18/25 13:00,BANKNIFTY.NSE.OPT.26Jun2025.47000.CALL,CALL,47000,26-Jun-25,8604.527957832497,9020.394745742615,8689.629342,74,348,29.795443615642487,6.019161298560785,9406,4579,,,,0.8949345712675458
6/18/25 13:00,BANKNIFTY.NSE.OPT.26Jun2025.47100.CALL,CALL,47100,26-Jun-25,8749.491962,8787.274675026514,3947.7595163086917,91,5,33.78538664105572,0.032214240944448136,1894,3491,,,,0.5394004914733941
6/18/25 13:00,BANKNIFTY.NSE.OPT.26Jun2025.47200.CALL,CALL,47200,26-Jun-25,8264.503744,8852.561962606043,7943.642554532029,12,2,27.776889640565752,-6.620058848,9347,5619,,,,0.35546644791345816
6/18/25 13:00,BANKNIFTY.NSE.OPT.26Jun2025.47300.CALL,CALL,47300,26-Jun-25,8509.182199,8871.333961,8756.178602628977,79,4,28.349373040782382,0.13223904899366978,1811,4484,,,,-0.592990511
6/18/25 13:00,BANKNIFTY.NSE.OPT.26Jun2025.47400.CALL,CALL,47400,26-Jun-25,8083.969157233465,8647.439141367136,6872.306754384344,36,2,29.64146309698854,-8.437676413,5785,4173,,,,-0.182355082
6/18/25 13:00,BANKNIFTY.NSE.OPT.26Jun2025.47500.CALL,CALL,47500,26-Jun-25,7839.554617453291,8542.840458579032,9408.206266342999,81,4,19.299368372492403,1.8778059070398037,1211,3556,,,,-1.946719224
6/18/25 13:00,BANKNIFTY.NSE.OPT.26Jun2025.47600.CALL,CALL,47600,26-Jun-25,7799.443302740337,8334.322153,4901.147463970757,53,1,32.92478969023037,7.909442640095001,8491,9472,,,,1.5357089290951071
6/18/25 13:00,BANKNIFTY.NSE.OPT.26Jun2025.47700.CALL,CALL,47700,26-Jun-25,7692.627214510354,8339.844914904988,4688.962543761211,86,2,33.09419089573119,7.419728437358227,6682,9324,,,,-1.042978603
6/18/25 13:00,BANKNIFTY.NSE.OPT.26Jun2025.47800.CALL,CALL,47800,26-Jun-25,7725.452242122106,8334.302806632631,4724.527737080302,29,2,34.88796106935274,-4.272607,4261,2820,,,,0.16772988854456994
6/18/25 13:00,BANKNIFTY.NSE.OPT.26Jun2025.47900.CALL,CALL,47900,26-Jun-25,7637.433339776442,8375.384680737701,4525.353146925599,98,2,27.49844972,3.9820446400348892,3107,6996,,,,0.088415659
6/18/25 13:00,BANKNIFTY.NSE.OPT.26Jun2025.48000.CALL,CALL,48000,26-Jun-25,7905.533374,7968.012170845181,7905.0161282650115,97,886,25.840461527645157,-0.614568187,7574,1778,,,,-0.019982657
6/18/25 13:00,BANKNIFTY.NSE.OPT.26Jun2025.48100.CALL,CALL,48100,26-Jun-25,7288.187845824973,8136.678881566766,4343.021318210792,77,2,30.04031496023373,-7.714515167,3915,8677,,,,1.716045131808586
6/18/25 13:00,BANKNIFTY.NSE.OPT.26Jun2025.48200.CALL,CALL,48200,26-Jun-25,7372.467268095574,7970.124031766108,4332.653776756763,74,2,32.53219439198864,-2.533452482,1921,1787,,,,-1.436965184
6/18/25 13:00,BANKNIFTY.NSE.OPT.26Jun2025.48300.CALL,CALL,48300,26-Jun-25,7438.874512486511,7650.571493890336,7559.477244367765,20,1,30.249117717222074,0.5796725570724064,1248,6590,,,,1.7902332355195374
6/18/25 13:00,BANKNIFTY.NSE.OPT.26Jun2025.48400.CALL,CALL,48400,26-Jun-25,7361.933606189173,7604.9115359152565,7559.7656136586165,88,2,22.53912098461847,-9.227987791,7662,1422,,,,-1.317219435
6/18/25 13:00,BANKNIFTY.NSE.OPT.26Jun2025.48500.CALL,CALL,48500,26-Jun-25,7366.837400118373,7438.174612509648,7422.8983652414545,80,39,29.610883684784163,3.300644892273281,1220,6960,,,,1.109915881658888
6/18/25 13:00,BANKNIFTY.NSE.OPT.26Jun2025.48600.CALL,CALL,48600,26-Jun-25,7033.021460236773,7374.248987412476,7299.688090753646,35,3,19.501201273552542,4.823385192452822,8791,4454,,,,-1.674080818
6/18/25 13:00,BANKNIFTY.NSE.OPT.26Jun2025.48700.CALL,CALL,48700,26-Jun-25,6818.421109627617,7568.057086164181,7308.873140904108,89,4,16.79635583249073,-2.132200445,3851,4131,,,,0.082474572
6/18/25 13:00,BANKNIFTY.NSE.OPT.26Jun2025.48800.CALL,CALL,48800,26-Jun-25,6767.236738000481,7169.928059516762,6780.314445371158,96,5,23.094128566180377,-5.795452184,8561,5752,,,,-1.59449241
6/18/25 13:00,BANKNIFTY.NSE.OPT.26Jun2025.48900.CALL,CALL,48900,26-Jun-25,6691.3106621896395,7079.300895814158,6811.909204082498,35,0,32.61225356459413,-1.712592595,2007,1145,,,,-1.445321796
6/18/25 13:00,BANKNIFTY.NSE.OPT.26Jun2025.49000.CALL,CALL,49000,26-Jun-25,6659.063019442397,7057.571507586154,6752.861989504362,135,1803,34.59218799,9.831527653235788,3150,4427,,,,1.0660344443632486
6/18/25 13:00,BANKNIFTY.NSE.OPT.26Jun2025.49100.CALL,CALL,49100,26-Jun-25,6575.030452335896,6903.476680405106,6389.294996161517,51,1,17.510214899646332,3.9920319955493344,9403,5889,,,,-0.225971719
6/18/25 13:00,BANKNIFTY.NSE.OPT.26Jun2025.49200.CALL,CALL,49200,26-Jun-25,6475.350724446105,6781.766913115865,6568.470247085051,83,16,34.36744206383301,9.852359607,9712,6511,,,,-0.42075995
6/18/25 13:00,BANKNIFTY.NSE.OPT.26Jun2025.49300.CALL,CALL,49300,26-Jun-25,5975.678435800793,6763.683540494027,6577.095791084219,23,32,25.848472653444325,9.145222728151875,9130,5493,,,,-0.098574774
6/18/25 13:00,BANKNIFTY.NSE.OPT.26Jun2025.49400.CALL,CALL,49400,26-Jun-25,6100.922482,6541.183429,6419.549802924962,26,0,30.544592262696632,7.503996448825369,8473,2053,,,,-1.247334024
6/18/25 13:00,BANKNIFTY.NSE.OPT.26Jun2025.49500.CALL,CALL,49500,26-Jun-25,6359.056058098795,6452.531516951237,6295.664365251358,64,406,15.674546598381724,9.236870203938718,7534,9690,,,,-1.057180217
6/18/25 13:00,BANKNIFTY.NSE.OPT.26Jun2025.49600.CALL,CALL,49600,26-Jun-25,5908.0774229295175,6516.310368974775,6726.566946740703,15,2,17.449554087466975,-5.590913359,9106,9481,,,,-1.106051557
6/18/25 13:00,BANKNIFTY.NSE.OPT.26Jun2025.49700.CALL,CALL,49700,26-Jun-25,5756.203767042061,6353.618929406372,6076.810314325251,49,0,32.41536205798985,0.7704636418994166,4108,9044,,,,1.172649528703774
6/18/25 13:00,BANKNIFTY.NSE.OPT.26Jun2025.49800.CALL,CALL,49800,26-Jun-25,5776.002395872625,6167.469110828346,5822.140657085033,29,59,25.943099261304717,-9.801175677,5962,7714,,,,0.8628903790947953
6/18/25 13:00,BANKNIFTY.NSE.OPT.26Jun2025.49900.CALL,CALL,49900,26-Jun-25,5605.267534,6115.877155990155,5864.141351440597,21,1,16.424401547194364,-2.116231695,7265,9918,,,,-0.004192305
6/18/25 13:00,BANKNIFTY.NSE.OPT.26Jun2025.50000.CALL,CALL,50000,26-Jun-25,5830.043387469572,5999.991620518818,5851.832544217372,62,5828,34.72978919252386,-0.106569083,7238,6065,,,,-0.920619021
6/18/25 13:00,BANKNIFTY.NSE.OPT.26Jun2025.50100.CALL,CALL,50100,26-Jun-25,5712.918186902629,5942.581907,5719.126943699085,66,5,34.49841648125894,-1.231780274,6562,4716,,,,0.47348324835697264
6/18/25 13:00,BANKNIFTY.NSE.OPT.26Jun2025.50200.CALL,CALL,50200,26-Jun-25,5491.609635261162,5900.250486594922,5429.191524996478,52,20,25.889092815044464,-1.703112614,4191,2802,,,,0.8290091005960618
6/18/25 13:00,BANKNIFTY.NSE.OPT.26Jun2025.50300.CALL,CALL,50300,26-Jun-25,5510.908128380942,5778.115406579887,5259.134453574898,65,12,24.181577145485804,-5.066085594,8583,7665,,,,-1.451654237
6/18/25 13:00,BANKNIFTY.NSE.OPT.26Jun2025.50400.CALL,CALL,50400,26-Jun-25,5350.845110563974,5568.854229387602,5188.677714097192,22,38,32.44559835353277,-2.026261111,1927,3690,,,,-0.507565768
6/18/25 13:00,BANKNIFTY.NSE.OPT.26Jun2025.50500.CALL,CALL,50500,26-Jun-25,5434.808575558771,5314.977462050582,5423.382703608774,99,261,32.437587728207504,-4.791939265,5836,6743,,,,-0.242801731
6/18/25 13:00,BANKNIFTY.NSE.OPT.26Jun2025.50600.CALL,CALL,50600,26-Jun-25,5116.105606211474,5394.393777770592,5048.075244700458,3,47,16.848680144347426,5.495322514581087,1847,7327,,,,0.4319794224713811
6/18/25 13:00,BANKNIFTY.NSE.OPT.26Jun2025.50700.CALL,CALL,50700,26-Jun-25,5062.602569,5377.2186892075815,5007.516491727739,9,16,27.013364967882794,5.2661985552523305,2279,8622,,,,1.1742872892049876
6/18/25 13:00,BANKNIFTY.NSE.OPT.26Jun2025.50800.CALL,CALL,50800,26-Jun-25,4857.413475855799,5169.702107147945,5052.654965521176,65,18,31.926112561292484,2.346126107917284,8402,1988,,,,1.909595365832769
6/18/25 13:00,BANKNIFTY.NSE.OPT.26Jun2025.50900.CALL,CALL,50900,26-Jun-25,4798.978241831861,5093.248748201824,4824.263518,97,24,27.848484471350467,6.511159356016691,9098,8136,,,,1.7323971792948383
6/18/25 13:00,BANKNIFTY.NSE.OPT.26Jun2025.51000.CALL,CALL,51000,26-Jun-25,4752.559145924941,4861.055609346346,4866.4117675873495,108,2904,15.919439025499242,5.233401182431823,7853,4482,,,,1.6991781147660832
6/18/25 13:00,BANKNIFTY.NSE.OPT.26Jun2025.51100.CALL,CALL,51100,26-Jun-25,4728.569403153245,4842.212349250414,4564.408349780073,15,34,28.608455105829123,-5.911291347,7525,7598,,,,1.697632528352401
6/18/25 13:00,BANKNIFTY.NSE.OPT.26Jun2025.51200.CALL,CALL,51200,26-Jun-25,4522.781627697637,4822.8230024319655,4074.3360916352894,65,32,20.27032179166243,-7.610015073,3601,9590,,,,1.722116483823692
6/18/25 13:00,BANKNIFTY.NSE.OPT.26Jun2025.51300.CALL,CALL,51300,26-Jun-25,4471.468802325055,4722.674092153411,4801.671362355097,89,22,21.03404580521522,-0.383622802,1270,2295,,,,-1.284240652
6/18/25 13:00,BANKNIFTY.NSE.OPT.26Jun2025.51400.CALL,CALL,51400,26-Jun-25,4398.085329571508,4672.066861030908,4496.690437,97,33,19.913786155423985,-4.083271693,2731,9125,,,,1.1615900538068566
6/18/25 13:00,BANKNIFTY.NSE.OPT.26Jun2025.51500.CALL,CALL,51500,26-Jun-25,4200.444116559061,4364.948536704517,4480.054957241123,92,552,31.933487113316897,3.647349296753383,9864,8882,,,,-1.868880738
6/18/25 13:00,BANKNIFTY.NSE.OPT.26Jun2025.51600.CALL,CALL,51600,26-Jun-25,4205.023517,4449.383854972106,4150.965696002767,38,29,20.603671236102688,-3.712420954,8473,9000,,,,0.6643441624311861
6/18/25 13:00,BANKNIFTY.NSE.OPT.26Jun2025.51700.CALL,CALL,51700,26-Jun-25,4139.951003680157,4350.658573876573,4027.8207231815327,63,28,20.693461824643617,-1.060368399,5197,8804,,,,-0.464972465
6/18/25 13:00,BANKNIFTY.NSE.OPT.26Jun2025.51800.CALL,CALL,51800,26-Jun-25,4010.3939357535874,4290.257625172719,3956.5871794446944,40,61,34.787596238886394,-5.07332896,9884,7206,,,,-0.211301879
6/18/25 13:00,BANKNIFTY.NSE.OPT.26Jun2025.51900.CALL,CALL,51900,26-Jun-25,3824.924953816317,4186.189873506763,3922.940593704269,14,40,21.938881601457688,6.275201726787472,1117,4616,,,,1.6061381547666662
6/18/25 13:00,BANKNIFTY.NSE.OPT.26Jun2025.52000.CALL,CALL,52000,26-Jun-25,3927.677208784035,3865.276549826315,3919.391199491642,122,3794,27.767723839995945,-5.243591851,8470,6670,,,,1.9336407936509974
6/18/25 13:00,BANKNIFTY.NSE.OPT.26Jun2025.52100.CALL,CALL,52100,26-Jun-25,3669.547323190134,3988.3385027944464,4365.158038172686,12,9,21.353386167521595,1.3391511135748608,2800,5977,,,,0.8061772624994163
6/18/25 13:00,BANKNIFTY.NSE.OPT.26Jun2025.52200.CALL,CALL,52200,26-Jun-25,3529.19485,3797.492499951123,3414.0549016859254,17,85,26.224804601596787,6.353031990891182,7541,8270,,,,-1.624385927
6/18/25 13:00,BANKNIFTY.NSE.OPT.26Jun2025.52300.CALL,CALL,52300,26-Jun-25,3527.3661686473006,3723.679418,3472.803074256105,17,17,24.54566818,-3.890541817,4873,3622,,,,0.472675422
6/18/25 13:00,BANKNIFTY.NSE.OPT.26Jun2025.52400.CALL,CALL,52400,26-Jun-25,3427.602948,3613.393617917287,4526.7123328688085,28,2,28.798812288295977,-7.355959751,1848,8312,,,,-0.894826287
6/18/25 13:00,BANKNIFTY.NSE.OPT.26Jun2025.52500.CALL,CALL,52500,26-Jun-25,3346.6823396616364,3427.942418393304,3389.183484367094,119,2227,29.083732393310576,-4.073118527,4248,9459,,,,-1.364609612
6/18/25 13:00,BANKNIFTY.NSE.OPT.26Jun2025.52600.CALL,CALL,52600,26-Jun-25,3170.4481824758527,3378.9969204009594,3205.796630555438,62,11,33.38416725,-2.43463283,9928,4041,,,,1.9147978751838415
6/18/25 13:00,BANKNIFTY.NSE.OPT.26Jun2025.52700.CALL,CALL,52700,26-Jun-25,3116.2787066372352,3370.157278788903,3947.7620107469543,94,3,19.307640579944525,-6.203876173,9311,1269,,,,0.7682931742115535
6/18/25 13:00,BANKNIFTY.NSE.OPT.26Jun2025.52800.CALL,CALL,52800,26-Jun-25,2923.0710584267913,3231.8033616772864,3103.7145238185585,60,72,15.71326868881518,-9.348415193,7658,9227,,,,-1.040739431
6/18/25 13:00,BANKNIFTY.NSE.OPT.26Jun2025.52900.CALL,CALL,52900,26-Jun-25,2882.757562,3201.5862417462276,2847.0692261162294,4,10,15.442384896450365,4.256199976,7257,3117,,,,1.4046644923291929
6/18/25 13:00,BANKNIFTY.NSE.OPT.26Jun2025.53000.CALL,CALL,53000,26-Jun-25,2956.958190671507,2949.2411202742487,2849.545997277971,1080,3940,24.75764332372908,-6.690613115,8592,6281,,,,-0.460406386
6/18/25 13:00,BANKNIFTY.NSE.OPT.26Jun2025.53100.CALL,CALL,53100,26-Jun-25,2755.006062778454,2963.708157110039,2740.1016818867147,36,102,22.117923706038425,-2.444091002,8787,7802,,,,0.41366927261817477
6/18/25 13:00,BANKNIFTY.NSE.OPT.26Jun2025.53200.CALL,CALL,53200,26-Jun-25,2631.7912540816847,2783.4621718298795,2850.2466972176785,34,18,31.11238111746549,-1.304923742,2353,5692,,,,-0.656073991
6/18/25 13:00,BANKNIFTY.NSE.OPT.26Jun2025.53300.CALL,CALL,53300,26-Jun-25,2538.2165973874166,2689.071712799355,2687.7202264524303,22,77,34.167002092836924,1.1988042158841488,1977,2874,,,,-1.726286487
6/18/25 13:00,BANKNIFTY.NSE.OPT.26Jun2025.53400.CALL,CALL,53400,26-Jun-25,2486.020291,2593.242356184349,2741.264887599126,50,32,27.924936808181812,-4.199388356,5759,4195,,,,-0.881194696
6/18/25 13:00,BANKNIFTY.NSE.OPT.26Jun2025.53500.CALL,CALL,53500,26-Jun-25,2440.0095733476383,2554.420847698445,2455.504398606815,67,1656,23.23476919479615,-8.619523527,4586,5449,,,,0.099390343
6/18/25 13:00,BANKNIFTY.NSE.OPT.26Jun2025.53600.CALL,CALL,53600,26-Jun-25,2259.846842933108,2419.2359462164504,2171.4263381405553,3,71,26.84272945501746,-1.77867614,2027,5072,,,,1.4629177001727638
6/18/25 13:00,BANKNIFTY.NSE.OPT.26Jun2025.53700.CALL,CALL,53700,26-Jun-25,2129.623858619497,2285.3850711404675,2278.4850171818384,97,91,20.399165837348896,9.829355323392804,4421,5934,,,,-0.984994974
6/18/25 13:00,BANKNIFTY.NSE.OPT.26Jun2025.53800.CALL,CALL,53800,26-Jun-25,2142.178203,2239.840040195613,2057.9269828386755,107,51,26.970766484751955,-7.721455016,6341,7170,,,,1.9473016120462754
6/18/25 13:00,BANKNIFTY.NSE.OPT.26Jun2025.53900.CALL,CALL,53900,26-Jun-25,1902.341172201397,2170.801623322767,2047.9055506081709,10,70,26.337821101439225,0.2467401892933001,5106,6811,,,,0.7795176716440686
6/18/25 13:00,BANKNIFTY.NSE.OPT.26Jun2025.54000.CALL,CALL,54000,26-Jun-25,1917.162993244471,1987.0098891376745,1957.5267778717985,879,5963,26.36707861717788,-2.284227933,5763,4116,,,,-1.365110764
6/18/25 13:00,BANKNIFTY.NSE.OPT.26Jun2025.54100.CALL,CALL,54100,26-Jun-25,1725.4000333053032,1913.791421,1854.8300445700736,93,148,26.229836621091035,-4.993986081,2109,7181,,,,-1.120962878
6/18/25 13:00,BANKNIFTY.NSE.OPT.26Jun2025.54200.CALL,CALL,54200,26-Jun-25,1784.9054696371907,1866.9082417676118,1701.417553087672,7,75,20.53904880384789,3.694661437062841,3141,3546,,,,0.019716637663099057
6/18/25 13:00,BANKNIFTY.NSE.OPT.26Jun2025.54300.CALL,CALL,54300,26-Jun-25,1549.5455377385583,1795.8049815413065,1731.1947874462894,49,111,32.672703776325115,7.5699575171617965,2662,9038,,,,1.3888399013812887
6/18/25 13:00,BANKNIFTY.NSE.OPT.26Jun2025.54400.CALL,CALL,54400,26-Jun-25,1588.5497974432908,1681.431491667321,1569.2210949628713,81,118,33.12157477784199,-1.742163479,7003,5430,,,,-0.177729767
6/18/25 13:00,BANKNIFTY.NSE.OPT.26Jun2025.54500.CALL,CALL,54500,26-Jun-25,1514.2081035728993,1486.017491356555,1471.8574190732586,1283,2120,15.091409847645512,-8.612497784,7211,8433,,,,-1.115481212
6/18/25 13:00,BANKNIFTY.NSE.OPT.26Jun2025.54600.CALL,CALL,54600,26-Jun-25,1372.2026787248583,1443.7477051907833,1400.5642983158018,184,533,31.770276509982168,-1.211406242,6571,1263,,,,0.3746350181384219
6/18/25 13:00,BANKNIFTY.NSE.OPT.26Jun2025.54700.CALL,CALL,54700,26-Jun-25,1311.523361858601,1368.7225741446002,1333.1925729511654,171,256,24.329242288982154,9.350244709392634,4552,4852,,,,0.072500454
6/18/25 13:00,BANKNIFTY.NSE.OPT.26Jun2025.54800.CALL,CALL,54800,26-Jun-25,1222.1076387766961,1236.0605389725658,1270.540289490428,251,439,34.52176890336077,-2.632023801,4344,6600,,,,-0.270249044
6/18/25 13:00,BANKNIFTY.NSE.OPT.26Jun2025.54900.CALL,CALL,54900,26-Jun-25,1141.6054823815532,1150.8495931752102,1180.5420956467915,407,484,20.987419366658038,-3.458604079,6054,1134,,,,-0.211552158
6/18/25 13:00,BANKNIFTY.NSE.OPT.26Jun2025.55000.CALL,CALL,55000,26-Jun-25,1084.8902788770004,1098.663906546225,1083.5287879186862,18373,16405,32.320121967710364,1.104112116326359,4654,2130,,,,-0.52554099
6/18/25 13:00,BANKNIFTY.NSE.OPT.26Jun2025.55100.CALL,CALL,55100,26-Jun-25,1008.9038070302314,994.0763016011587,1000.2572185874046,1449,563,32.89357305071167,-6.031371038,5492,5164,,,,0.42739121195867025
6/18/25 13:00,BANKNIFTY.NSE.OPT.26Jun2025.55200.CALL,CALL,55200,26-Jun-25,935.5589242908713,929.6500337478828,948.0267286677413,3966,1393,27.47895016041976,-0.509355621,6877,5682,,,,-0.845025089
6/18/25 13:00,BANKNIFTY.NSE.OPT.26Jun2025.55300.CALL,CALL,55300,26-Jun-25,848.0969270245599,854.8143093574736,843.6688071066604,7123,1411,21.285584941249418,-0.951470957,8947,2572,,,,-1.714168784
6/18/25 13:00,BANKNIFTY.NSE.OPT.26Jun2025.55400.CALL,CALL,55400,26-Jun-25,772.8452991203458,791.7290098992968,786.7641302917327,11543,2721,31.967320727033005,3.669900615398644,9384,7143,,,,-0.326379187
6/18/25 13:00,BANKNIFTY.NSE.OPT.26Jun2025.55500.CALL,CALL,55500,26-Jun-25,704.3986530778942,719.4780730723069,728.9000560276304,100604,18084,23.113115130391392,1.3937456734598328,6080,4895,,,,-1.578931155
6/18/25 13:00,BANKNIFTY.NSE.OPT.26Jun2025.55600.CALL,CALL,55600,26-Jun-25,661.0023382,647.4595483653706,652.0076332158858,72167,5813,22.851208781618908,4.5004451245851875,9288,4888,,,,0.637522557
6/18/25 13:00,BANKNIFTY.NSE.OPT.26Jun2025.55700.CALL,CALL,55700,26-Jun-25,583.4140106374523,584.2763840302642,585.5768534877045,152166,6360,24.39295676555009,-2.597687347,5540,5366,,,,1.1633573984630443
6/18/25 13:00,BANKNIFTY.NSE.OPT.26Jun2025.55800.CALL,CALL,55800,26-Jun-25,528.5334137272661,541.0624598461167,544.4504977989403,191939,15646,17.238593149701767,3.3528697501737597,2147,9565,,,,-0.306232445
6/18/25 13:00,BANKNIFTY.NSE.OPT.26Jun2025.55900.CALL,CALL,55900,26-Jun-25,477.45102929719684,469.67241419202423,468.4244992903383,134403,10616,30.503883643553564,3.5351876433038694,9777,4689,,,,-1.510717142
6/18/25 13:00,BANKNIFTY.NSE.OPT.26Jun2025.56000.CALL,CALL,56000,26-Jun-25,425.84493220397263,434.39556865961066,435.27500318640136,278594,81336,28.386563232209053,8.302937371932288,2533,5274,,,,-1.4612694
6/18/25 13:00,BANKNIFTY.NSE.OPT.26Jun2025.56100.CALL,CALL,56100,26-Jun-25,371.63879402819686,386.4594652706496,388.11617907557473,46576,6983,19.06541099910708,-7.705045014,8638,8126,,,,1.8790399653770358
6/18/25 13:00,BANKNIFTY.NSE.OPT.26Jun2025.56200.CALL,CALL,56200,26-Jun-25,339.45403213337545,333.0075961299274,329.44600042514196,47218,8937,16.89077251467138,9.756910525004404,1682,8836,,,,-0.83047852
6/18/25 13:00,BANKNIFTY.NSE.OPT.26Jun2025.56300.CALL,CALL,56300,26-Jun-25,301.7176705082781,298.6933061431227,295.09653883513647,36242,6967,22.859304314917047,-2.174849322,8385,1260,,,,0.270769467
6/18/25 13:00,BANKNIFTY.NSE.OPT.26Jun2025.56400.CALL,CALL,56400,26-Jun-25,257.3848747141406,269.8889593,262.02954807380456,32499,6312,16.822471474242214,3.7180062608427473,8766,8488,,,,0.6687594187838952
6/18/25 13:00,BANKNIFTY.NSE.OPT.26Jun2025.56500.CALL,CALL,56500,26-Jun-25,233.19749736466062,237.44456836762149,232.76115173861473,112188,44056,33.12347145436971,-3.604203394,3673,7311,,,,-0.876051984
6/18/25 13:00,BANKNIFTY.NSE.OPT.26Jun2025.56600.CALL,CALL,56600,26-Jun-25,199.66040339934446,201.9601244417943,209.5443152157856,32342,12165,24.74682227493291,-6.301813118,8744,7315,,,,0.4389039243701194
6/18/25 13:00,BANKNIFTY.NSE.OPT.26Jun2025.56700.CALL,CALL,56700,26-Jun-25,175.47152009510853,179.6325560509731,177.51353258817457,30335,10487,23.674719909198313,3.6534042383003182,3508,5980,,,,-0.92245972
6/18/25 13:00,BANKNIFTY.NSE.OPT.26Jun2025.56800.CALL,CALL,56800,26-Jun-25,157.0649341096217,158.10759444376447,159.07998376966674,27691,11488,19.251669020272352,6.028757676333658,3534,4706,,,,0.6146807029770756
6/18/25 13:00,BANKNIFTY.NSE.OPT.26Jun2025.56900.CALL,CALL,56900,26-Jun-25,138.11073460106235,140.00146447322552,133.40695865980038,20629,10883,29.78620918723618,2.9384686790032255,4350,8962,,,,-1.914918498
6/18/25 13:00,BANKNIFTY.NSE.OPT.26Jun2025.57000.CALL,CALL,57000,26-Jun-25,116.57929001438136,121.82934199381535,116.60310925412142,114670,53914,32.58143939069802,2.866218520447596,6860,1012,,,,0.15795600911752006
6/18/25 13:00,BANKNIFTY.NSE.OPT.26Jun2025.57100.CALL,CALL,57100,26-Jun-25,100.39415683543557,103.40689013260436,106.79701225285383,15844,5541,25.45670802372575,-5.928781866,2109,1645,,,,-0.504284547
6/18/25 13:00,BANKNIFTY.NSE.OPT.26Jun2025.57200.CALL,CALL,57200,26-Jun-25,87.29930106742323,91.29815107791423,88.34597579894677,25258,5413,26.023099665403635,3.0180486191103224,9434,3513,,,,0.074822587
6/18/25 13:00,BANKNIFTY.NSE.OPT.26Jun2025.57300.CALL,CALL,57300,26-Jun-25,77.53348124206713,80.57777198315425,78.85109498036596,16739,4459,19.838932250412025,-9.690228534,1366,2803,,,,-0.648753602
6/18/25 13:00,BANKNIFTY.NSE.OPT.26Jun2025.57400.CALL,CALL,57400,26-Jun-25,66.61146626,68.77312812889025,66.51185598831874,17566,4584,29.157503570421408,-4.604536925,7812,5785,,,,-0.768577891
6/18/25 13:00,BANKNIFTY.NSE.OPT.26Jun2025.57500.CALL,CALL,57500,26-Jun-25,57.560368953522286,61.00475875148938,59.38234030992019,93005,40434,19.09132349077452,8.490145099644373,3946,4187,,,,0.791172276
6/18/25 13:00,BANKNIFTY.NSE.OPT.26Jun2025.57600.CALL,CALL,57600,26-Jun-25,50.67847004786187,52.820537895683344,50.268723404292935,14674,4291,16.269925258471684,-5.78219644,5263,8010,,,,0.2203314456652139
6/18/25 13:00,BANKNIFTY.NSE.OPT.26Jun2025.57700.CALL,CALL,57700,26-Jun-25,45.61022464013783,46.025119861957826,45.35626939536342,12869,3642,23.120566383179046,-3.369236171,2786,3258,,,,0.6544040603530914
6/18/25 13:00,BANKNIFTY.NSE.OPT.26Jun2025.57800.CALL,CALL,57800,26-Jun-25,39.121711562989894,41.857971620155595,40.94654805013621,20070,5252,23.143920078649828,7.466073366170836,6842,2531,,,,-1.331323315
6/18/25 13:00,BANKNIFTY.NSE.OPT.26Jun2025.57900.CALL,CALL,57900,26-Jun-25,33.69077751,35.408233513648526,34.67653530712099,8651,2405,33.44591127401489,-5.506865567,3491,4109,,,,-0.470547857
6/18/25 13:00,BANKNIFTY.NSE.OPT.26Jun2025.58000.CALL,CALL,58000,26-Jun-25,30.48736257,30.54462934601913,30.316510179432207,85389,37061,26.783319431877725,8.105681127369422,3561,8483,,,,-1.388557973
6/18/25 13:00,BANKNIFTY.NSE.OPT.26Jun2025.58100.CALL,CALL,58100,26-Jun-25,25.883488195703883,27.718963255991955,27.39234796,9201,3144,16.598652343179022,-7.837690408,7572,9940,,,,1.320422748186549
6/18/25 13:00,BANKNIFTY.NSE.OPT.26Jun2025.58200.CALL,CALL,58200,26-Jun-25,24.16343771,25.00755454,24.305248020099814,14791,4311,29.334541705893642,1.934088071454937,6139,5845,,,,-0.771572507
6/18/25 13:00,BANKNIFTY.NSE.OPT.26Jun2025.58300.CALL,CALL,58300,26-Jun-25,21.14431586429177,22.255862455788865,21.252359699343454,10196,3655,15.808942094888561,0.28813731850844704,1043,2394,,,,0.5215101061121183
6/18/25 13:00,BANKNIFTY.NSE.OPT.26Jun2025.58400.CALL,CALL,58400,26-Jun-25,18.920386551642164,19.7391201,18.964562894194493,10123,2161,27.57134275269346,5.615689647134408,9568,1228,,,,-0.857743436
6/18/25 13:00,BANKNIFTY.NSE.OPT.26Jun2025.58500.CALL,CALL,58500,26-Jun-25,16.685561154975854,17.367906971563226,16.036975556812536,54267,30489,20.908001379585155,3.6028762400642513,7998,3369,,,,-1.479833436
6/18/25 13:00,BANKNIFTY.NSE.OPT.26Jun2025.58600.CALL,CALL,58600,26-Jun-25,14.700812324659204,15.870846666027663,15.335432178600609,6590,2850,34.18054313507206,7.196701838664037,7352,4621,,,,-1.84502788
6/18/25 13:00,BANKNIFTY.NSE.OPT.26Jun2025.58700.CALL,CALL,58700,26-Jun-25,13.483001403710674,14.348879609360218,13.698748766060769,12651,2189,31.058712864438675,2.666295089729873,5471,1421,,,,-1.632331947
6/18/25 13:00,BANKNIFTY.NSE.OPT.26Jun2025.58800.CALL,CALL,58800,26-Jun-25,11.346412855457027,12.987663699812323,12.995501525445581,8431,4259,17.47334418055796,8.114863361172688,8127,2129,,,,1.3951827611057834
6/18/25 13:00,BANKNIFTY.NSE.OPT.26Jun2025.58900.CALL,CALL,58900,26-Jun-25,11.239397163693729,11.792563422336919,11.477335122699113,8884,3813,24.962087397037433,8.831258818203715,6528,5952,,,,-1.331152916
6/18/25 13:00,BANKNIFTY.NSE.OPT.26Jun2025.59000.CALL,CALL,59000,26-Jun-25,10.40582995392477,10.93026224,10.768530740452412,70941,48385,18.45855617,7.769477704591175,6138,4466,,,,1.935265827089201
6/18/25 13:00,BANKNIFTY.NSE.OPT.26Jun2025.59100.CALL,CALL,59100,26-Jun-25,9.770534228532252,10.147485965330965,9.713614926328267,5819,1928,23.820386012673218,9.131911538796626,1807,5678,,,,-1.80291446
6/18/25 13:00,BANKNIFTY.NSE.OPT.26Jun2025.59200.CALL,CALL,59200,26-Jun-25,9.331408698500534,9.659155126,9.672231252398687,3291,1621,17.03296635405397,-7.685838242,4922,6634,,,,0.8098164413359763
6/18/25 13:00,BANKNIFTY.NSE.OPT.26Jun2025.59300.CALL,CALL,59300,26-Jun-25,9.013894601989076,9.412616898002563,9.001601617,3468,1551,34.27006170173573,9.389393359236308,8650,4437,,,,-1.280066671
6/18/25 13:00,BANKNIFTY.NSE.OPT.26Jun2025.59400.CALL,CALL,59400,26-Jun-25,8.473853598544654,9.261174487,8.784782762276624,1433,1298,31.203850478591143,-3.037743601,6648,7501,,,,1.725111407515234
6/18/25 13:00,BANKNIFTY.NSE.OPT.26Jun2025.59500.CALL,CALL,59500,26-Jun-25,7.677391033120377,7.9694845666889504,8.049010613397778,35670,33731,32.99617550256669,-7.522818547,5672,1087,,,,-1.385679471
6/18/25 13:00,BANKNIFTY.NSE.OPT.26Jun2025.59600.CALL,CALL,59600,26-Jun-25,7.811473210949202,7.908589669656638,7.789788484815405,1810,1825,34.99783903956636,-4.242698209,5849,2325,,,,1.2030324958895622
6/18/25 13:00,BANKNIFTY.NSE.OPT.26Jun2025.59700.CALL,CALL,59700,26-Jun-25,7.188627247418815,7.631162433,7.544523448323576,3429,6350,34.13921849897695,-4.128700165,5817,7321,,,,-1.427966238
6/18/25 13:00,BANKNIFTY.NSE.OPT.26Jun2025.59800.CALL,CALL,59800,26-Jun-25,6.908775112,7.849554983400768,7.104571598263977,1484,1866,18.85152097232418,2.1802481467869903,4065,6399,,,,1.0854750725740971
6/18/25 13:00,BANKNIFTY.NSE.OPT.26Jun2025.59900.CALL,CALL,59900,26-Jun-25,7.168382376876748,7.880331100156781,7.0997459697388114,1929,1672,17.75788930159979,4.722849706368994,1246,7836,,,,1.3198500242839994
6/18/25 13:00,BANKNIFTY.NSE.OPT.26Jun2025.60000.CALL,CALL,60000,26-Jun-25,6.782803583240078,6.799915945767646,6.678035982508167,40653,48673,21.465054499378653,-7.40551251,7405,2005,,,,-1.211585836
6/18/25 13:00,BANKNIFTY.NSE.OPT.26Jun2025.60100.CALL,CALL,60100,26-Jun-25,6.622380606048361,6.877664646310162,6.831465255758016,1135,1444,16.599094302715493,-9.359214332,7251,4622,,,,0.41821159746069014
6/18/25 13:00,BANKNIFTY.NSE.OPT.26Jun2025.60200.CALL,CALL,60200,26-Jun-25,5.375526202822742,6.507102530744551,6.642129352174923,2151,3241,26.21657982362758,-4.800694899,1800,1772,,,,0.787100668
6/18/25 13:00,BANKNIFTY.NSE.OPT.26Jun2025.60300.CALL,CALL,60300,26-Jun-25,6.476517563008603,6.8092748032914425,6.563509384421534,1824,1614,17.910579177209257,-1.243325904,9475,5552,,,,-0.988729032
6/18/25 13:00,BANKNIFTY.NSE.OPT.26Jun2025.60400.CALL,CALL,60400,26-Jun-25,6.4626980446762525,7.918773930412862,6.745776966907639,769,1056,29.62288423112227,-0.043519596,1993,2637,,,,-1.145326052
6/18/25 13:00,BANKNIFTY.NSE.OPT.26Jun2025.60500.CALL,CALL,60500,26-Jun-25,5.275261357997249,5.969332377333342,5.924028588,14734,17559,28.51151604356185,1.4730852053419738,8482,9961,,,,-1.387880716
6/18/25 13:00,BANKNIFTY.NSE.OPT.26Jun2025.60600.CALL,CALL,60600,26-Jun-25,4.908788920591781,6.940952837622463,6.872669385825549,1303,1268,25.10175177827733,-4.092522553,2256,7592,,,,1.488978815228931
6/18/25 13:00,BANKNIFTY.NSE.OPT.26Jun2025.60700.CALL,CALL,60700,26-Jun-25,5.923878825828285,7.101794184049727,5.9500593081577495,923,834,24.524393027908836,-9.661170788,7840,2583,,,,-1.867483012
6/18/25 13:00,BANKNIFTY.NSE.OPT.26Jun2025.60800.CALL,CALL,60800,26-Jun-25,5.082998685334089,6.465363547,5.8562636493612885,529,781,34.774940403052625,-5.43349398,8092,8811,,,,-1.122304505
6/18/25 13:00,BANKNIFTY.NSE.OPT.26Jun2025.60900.CALL,CALL,60900,26-Jun-25,5.557452788053039,5.8910995245329225,5.959791936,1138,1017,28.237171717348364,2.502203202557652,1272,2139,,,,0.2776344477046959
6/18/25 13:00,BANKNIFTY.NSE.OPT.26Jun2025.61000.CALL,CALL,61000,26-Jun-25,5.444818856086522,5.3251410428666475,5.3521129610242255,30216,27800,23.50923499739355,-7.754642965,1389,8911,,,,1.5372538855313032
6/18/25 13:00,BANKNIFTY.NSE.OPT.26Jun2025.61100.CALL,CALL,61100,26-Jun-25,4.375507944816453,7.396816512749521,5.4329410351492555,417,241,23.58651516548722,-3.66272099,8825,7776,,,,0.9959471688225254
6/18/25 13:00,BANKNIFTY.NSE.OPT.26Jun2025.61200.CALL,CALL,61200,26-Jun-25,5.319543690339443,7.553228295,5.463657885023578,297,228,21.177313792026467,2.6563931705343524,5839,9761,,,,0.012998165192132927
6/18/25 13:00,BANKNIFTY.NSE.OPT.26Jun2025.61300.CALL,CALL,61300,26-Jun-25,4.051766493626642,6.763851999049324,5.3152551721231625,358,134,25.577458327597398,-5.395133493,1971,7286,,,,0.027942739617081713
6/18/25 13:00,BANKNIFTY.NSE.OPT.26Jun2025.61400.CALL,CALL,61400,26-Jun-25,4.0268086846628615,5.248344736134147,5.093699481906306,993,463,34.00576836888695,-4.667570006,5002,9413,,,,1.2102334628488398
6/18/25 13:00,BANKNIFTY.NSE.OPT.26Jun2025.61500.CALL,CALL,61500,26-Jun-25,4.632484686,5.499237303293601,5.523693297558034,5648,7820,16.014093237628423,4.266694937619606,5167,7281,,,,1.2165093504078355
6/18/25 13:00,BANKNIFTY.NSE.OPT.26Jun2025.61600.CALL,CALL,61600,26-Jun-25,4.9373628458771615,5.947741699551948,5.1170975254118165,1252,585,25.38908969929691,4.459233413451262,8935,4897,,,,-1.861954241
6/18/25 13:00,BANKNIFTY.NSE.OPT.26Jun2025.61700.CALL,CALL,61700,26-Jun-25,4.203291371656289,5.779656346645652,5.7875425000604785,148,165,30.217595634858277,-5.587731799,7657,3116,,,,-0.273119784
6/18/25 13:00,BANKNIFTY.NSE.OPT.26Jun2025.61800.CALL,CALL,61800,26-Jun-25,4.368605328826908,6.917066103726751,4.974289680141243,516,213,21.05891828696565,2.1079583004796945,2441,8001,,,,0.7436115160559202
6/18/25 13:00,BANKNIFTY.NSE.OPT.26Jun2025.62000.CALL,CALL,62000,26-Jun-25,4.655162088543281,4.784219305051627,4.806520662239418,10152,12786,30.083654668476605,-8.13185031,1744,5053,,,,0.3607432798286587
6/18/25 13:00,BANKNIFTY.NSE.OPT.26Jun2025.62500.CALL,CALL,62500,26-Jun-25,4.5775182294436325,4.891456972476708,4.871416734213122,6667,7276,18.35445998656491,-9.916151668,4845,4434,,,,-1.178532484
6/18/25 13:00,BANKNIFTY.NSE.OPT.26Jun2025.63000.CALL,CALL,63000,26-Jun-25,4.260233677677683,4.6078509238941425,4.304943590607472,9829,31808,27.37250449212586,-3.030551878,3326,9642,,,,-0.091039944
6/18/25 13:00,BANKNIFTY.NSE.OPT.26Jun2025.63500.CALL,CALL,63500,26-Jun-25,3.8386805713832075,3.972603571186656,3.878427201799299,7383,10528,21.93639724339281,-3.743055158,2689,3317,,,,-0.222723796
6/18/25 13:00,BANKNIFTY.NSE.OPT.26Jun2025.64000.CALL,CALL,64000,26-Jun-25,3.8013400416178675,4.038240594863133,4.027961104817296,7405,7909,25.406286329227623,1.8044332210491483,3776,8138,,,,0.13728537096257254
6/18/25 13:00,BANKNIFTY.NSE.OPT.26Jun2025.64500.CALL,CALL,64500,26-Jun-25,3.8740644377640185,3.8109316737312007,3.7794477688409978,23228,27578,27.493571539263467,6.873309637037259,6537,6946,,,,1.7169882555919882
6/18/25 13:15,BANKNIFTY.NSE.OPT.26Jun2025.40500.CALL,CALL,40500,26-Jun-25,14787.29478557025,15848.321985152268,14724.048540990623,62,4,31.430929372333893,6.624894170458099,9444,5439,,,,-1.192633177
6/18/25 13:15,BANKNIFTY.NSE.OPT.26Jun2025.42000.CALL,CALL,42000,26-Jun-25,13299.165476241446,14148.218466024302,14099.314084776586,84,1,31.279281270500082,-8.883922783,7229,7371,,,,-1.980422502
6/18/25 13:15,BANKNIFTY.NSE.OPT.26Jun2025.42500.CALL,CALL,42500,26-Jun-25,12578.45887359767,13482.367825455522,11167.875555756349,87,1,34.08898459380566,-8.830553878,6499,2630,,,,-1.781376571
6/18/25 13:15,BANKNIFTY.NSE.OPT.26Jun2025.43000.CALL,CALL,43000,26-Jun-25,12849.934252405104,12903.300143404722,12479.581759160395,51,115,26.392245243073823,5.1028436634386605,9451,1136,,,,-0.012752849
6/18/25 13:15,BANKNIFTY.NSE.OPT.26Jun2025.43500.CALL,CALL,43500,26-Jun-25,11716.441250615346,12493.269474777311,11323.027634359292,91,1,17.18843841357987,-5.039496754,2329,8350,,,,-1.686890647
6/18/25 13:15,BANKNIFTY.NSE.OPT.26Jun2025.44000.CALL,CALL,44000,26-Jun-25,11927.050139204724,12262.65199611579,11949.56566054545,28,38,17.226814901339086,3.0904168218436254,7022,3437,,,,-1.309847263
6/18/25 13:15,BANKNIFTY.NSE.OPT.26Jun2025.44500.CALL,CALL,44500,26-Jun-25,11023.123809425417,11535.932321806275,11559.473353960275,60,3,33.592158177455914,1.3872496924975959,6087,3098,,,,-0.137900479
6/18/25 13:15,BANKNIFTY.NSE.OPT.26Jun2025.44900.CALL,CALL,44900,26-Jun-25,10433.498675440622,11237.353833637553,9237.148270856023,66,1,32.33414106116022,7.912387263173553,2819,1686,,,,-0.382300349
6/18/25 13:15,BANKNIFTY.NSE.OPT.26Jun2025.45000.CALL,CALL,45000,26-Jun-25,10920.76157497759,10782.366718993348,10873.296189918583,20,1897,24.65120277638882,-5.944585425,8571,6847,,,,-0.155694228
6/18/25 13:15,BANKNIFTY.NSE.OPT.26Jun2025.45100.CALL,CALL,45100,26-Jun-25,10478.835435856521,11096.138507899079,8814.066591771225,93,2,21.57920191804612,7.294579068365234,5619,8335,,,,-1.49350751
6/18/25 13:15,BANKNIFTY.NSE.OPT.26Jun2025.45200.CALL,CALL,45200,26-Jun-25,10253.532195429998,11034.401611181336,8645.070254836823,95,1,26.982505781867037,2.203460495202478,7624,2849,,,,-0.157500182
6/18/25 13:15,BANKNIFTY.NSE.OPT.26Jun2025.45300.CALL,CALL,45300,26-Jun-25,9894.969624152402,10820.276735064035,9002.233315131345,40,2,25.272917109295328,-8.196813462,2833,8515,,,,1.3892437666586686
6/18/25 13:15,BANKNIFTY.NSE.OPT.26Jun2025.45400.CALL,CALL,45400,26-Jun-25,9830.461649489731,10728.73052681998,8817.084066613717,46,3,27.586000584134528,-5.648518615,2662,2699,,,,-0.914996439
6/18/25 13:15,BANKNIFTY.NSE.OPT.26Jun2025.45500.CALL,CALL,45500,26-Jun-25,9877.484259199315,10823.169448381177,5153.740232726412,90,1,34.91160840788676,-8.430395677,6867,4131,,,,0.7340053249225167
6/18/25 13:15,BANKNIFTY.NSE.OPT.26Jun2025.45600.CALL,CALL,45600,26-Jun-25,9636.962384840135,10403.116946173906,8477.143141696597,13,4,31.52111537880549,5.868052317435046,1224,9981,,,,0.6281293345072645
6/18/25 13:15,BANKNIFTY.NSE.OPT.26Jun2025.45700.CALL,CALL,45700,26-Jun-25,9604.733723919488,10315.778737755689,8533.516927143775,75,3,28.95459174535955,-8.489329483,8492,6143,,,,1.4770721634547677
6/18/25 13:15,BANKNIFTY.NSE.OPT.26Jun2025.45800.CALL,CALL,45800,26-Jun-25,9650.438063802678,10047.005237073698,8267.135896597536,61,4,34.06296078110965,-2.050842233,3015,3777,,,,1.227419257995415
6/18/25 13:15,BANKNIFTY.NSE.OPT.26Jun2025.45900.CALL,CALL,45900,26-Jun-25,9314.552663863633,9932.110198188637,8407.276872311373,14,3,27.11895366086233,-3.921793216,5277,8503,,,,1.6770466894910276
6/18/25 13:15,BANKNIFTY.NSE.OPT.26Jun2025.46000.CALL,CALL,46000,26-Jun-25,9583.658867,10099.262662173403,10049.577030187153,99,435,28.028287667412545,-7.086497283,7521,7848,,,,-0.072612555
6/18/25 13:15,BANKNIFTY.NSE.OPT.26Jun2025.46100.CALL,CALL,46100,26-Jun-25,9466.445226222679,9904.052652371107,8242.129989174238,67,4,30.365045470414476,8.324183316822307,5036,7460,,,,1.1841756549766496
6/18/25 13:15,BANKNIFTY.NSE.OPT.26Jun2025.46200.CALL,CALL,46200,26-Jun-25,9124.143493729469,9843.455063892301,7721.402079560609,98,4,16.151798196166602,-3.985300109,5494,4744,,,,-1.175786213
6/18/25 13:15,BANKNIFTY.NSE.OPT.26Jun2025.46300.CALL,CALL,46300,26-Jun-25,9384.854040739827,9886.997981,9002.170819009212,83,10,21.65899711014668,2.6305703735986476,7992,7364,,,,-0.282577105
6/18/25 13:15,BANKNIFTY.NSE.OPT.26Jun2025.46400.CALL,CALL,46400,26-Jun-25,9175.294887811433,9624.585884,7930.116401584097,92,2,25.260575317344703,-4.73962984,1616,4793,,,,-1.372411399
6/18/25 13:15,BANKNIFTY.NSE.OPT.26Jun2025.46500.CALL,CALL,46500,26-Jun-25,9267.249573085719,9371.649013595848,9233.488004950643,91,8,24.30723159868274,6.792815707651336,3646,9275,,,,-0.487696214
6/18/25 13:15,BANKNIFTY.NSE.OPT.26Jun2025.46600.CALL,CALL,46600,26-Jun-25,8866.375805,9697.271625547526,4342.341565489267,26,0,15.022030349704929,-0.990893695,3911,9455,,,,-0.418704256
6/18/25 13:15,BANKNIFTY.NSE.OPT.26Jun2025.46700.CALL,CALL,46700,26-Jun-25,8948.210445030834,9376.646514041251,4341.1935701504135,42,0,21.977904623947367,0.9307281264989502,5204,1475,,,,-1.526179723
6/18/25 13:15,BANKNIFTY.NSE.OPT.26Jun2025.46800.CALL,CALL,46800,26-Jun-25,8652.440756559052,9471.759212463188,4279.144413281591,7,0,24.628466066171015,9.124034588867712,7127,7727,,,,1.674790620042799
6/18/25 13:15,BANKNIFTY.NSE.OPT.26Jun2025.46900.CALL,CALL,46900,26-Jun-25,8499.918718120194,9139.117488280142,4132.930195710285,35,1,17.020581507104787,6.643457683383232,7158,7806,,,,-0.434324631
6/18/25 13:15,BANKNIFTY.NSE.OPT.26Jun2025.47000.CALL,CALL,47000,26-Jun-25,8580.393097336479,8903.557541,9120.218297752543,44,330,26.653916303143504,-0.743744271,7539,6506,,,,1.786840229737578
6/18/25 13:15,BANKNIFTY.NSE.OPT.26Jun2025.47100.CALL,CALL,47100,26-Jun-25,8711.369221284545,8784.641009743395,3992.453464280936,60,5,17.522324999497478,3.9158215676592185,2685,8495,,,,-1.193429074
6/18/25 13:15,BANKNIFTY.NSE.OPT.26Jun2025.47200.CALL,CALL,47200,26-Jun-25,8138.205273777659,8732.344943995375,8061.080952110799,74,2,19.378680138076753,8.045878450604718,9487,4172,,,,1.7369901119282471
6/18/25 13:15,BANKNIFTY.NSE.OPT.26Jun2025.47300.CALL,CALL,47300,26-Jun-25,8386.789692398597,8818.806780111627,8727.555466201136,58,5,20.99153795157084,-9.17894965,5579,1329,,,,1.1848505954578568
6/18/25 13:15,BANKNIFTY.NSE.OPT.26Jun2025.47400.CALL,CALL,47400,26-Jun-25,8020.492078106243,8847.008378,6997.6269563439055,54,1,25.26102899968445,2.5009202685400833,4440,6909,,,,-0.575015749
6/18/25 13:15,BANKNIFTY.NSE.OPT.26Jun2025.47500.CALL,CALL,47500,26-Jun-25,8051.976093110334,8516.159788098541,9478.642018,83,4,21.250900529973052,3.4871470827998863,1976,2889,,,,-0.898580108
6/18/25 13:15,BANKNIFTY.NSE.OPT.26Jun2025.47600.CALL,CALL,47600,26-Jun-25,7886.963727612468,8535.645039566478,4802.987989871166,78,2,32.38177939235912,0.7126076009979982,7782,5068,,,,-0.777760475
6/18/25 13:15,BANKNIFTY.NSE.OPT.26Jun2025.47700.CALL,CALL,47700,26-Jun-25,7691.309454917601,8408.767254280485,4807.619859731842,16,2,23.56996623698981,-8.313709457,2759,7862,,,,-0.872221089
6/18/25 13:15,BANKNIFTY.NSE.OPT.26Jun2025.47800.CALL,CALL,47800,26-Jun-25,7704.689326237433,8330.586924,4459.979442958425,3,1,17.581558112677442,-2.12805076,5572,4514,,,,-1.606996886
6/18/25 13:15,BANKNIFTY.NSE.OPT.26Jun2025.47900.CALL,CALL,47900,26-Jun-25,7624.188792935441,8222.170684580371,4641.746362,91,2,29.20715385363369,-8.42205062,3877,8587,,,,-1.642177364
6/18/25 13:15,BANKNIFTY.NSE.OPT.26Jun2025.48000.CALL,CALL,48000,26-Jun-25,7890.087848189693,8009.038041875976,7780.849717338033,56,818,31.25990768183992,0.24269494823840176,8111,6688,,,,-0.861047312
6/18/25 13:15,BANKNIFTY.NSE.OPT.26Jun2025.48100.CALL,CALL,48100,26-Jun-25,7232.324510592928,8041.073956325508,4331.468753071691,43,1,30.120731352898442,-9.439974345,3073,1840,,,,1.112381768961622
6/18/25 13:15,BANKNIFTY.NSE.OPT.26Jun2025.48200.CALL,CALL,48200,26-Jun-25,7214.2429827479455,7857.902290945107,4344.653318,33,2,20.40007028531323,-2.820551506,9143,2389,,,,-0.687308898
6/18/25 13:15,BANKNIFTY.NSE.OPT.26Jun2025.48300.CALL,CALL,48300,26-Jun-25,7396.755007816199,7599.722310274201,7713.061695167736,3,1,25.48904302105767,-8.163652042,9648,5899,,,,-1.573871377
6/18/25 13:15,BANKNIFTY.NSE.OPT.26Jun2025.48400.CALL,CALL,48400,26-Jun-25,7415.6437802624805,7542.050525296367,7344.045590685037,43,3,25.291627204840225,5.783309203684272,7438,9209,,,,-1.29378732
6/18/25 13:15,BANKNIFTY.NSE.OPT.26Jun2025.48500.CALL,CALL,48500,26-Jun-25,7184.647065118878,7380.264346265818,7164.4196296203645,22,43,15.67672621232071,8.719868054632471,2184,8008,,,,-1.604324487
6/18/25 13:15,BANKNIFTY.NSE.OPT.26Jun2025.48600.CALL,CALL,48600,26-Jun-25,6813.719439106852,7579.693388701837,7059.682540113167,49,4,16.519210180915994,-1.203306583,3641,6170,,,,-0.237291994
6/18/25 13:15,BANKNIFTY.NSE.OPT.26Jun2025.48700.CALL,CALL,48700,26-Jun-25,6777.186382859627,7500.730227845144,7085.1977352088925,24,4,22.280706887474146,-5.892302107,8813,9781,,,,-1.803565715
6/18/25 13:15,BANKNIFTY.NSE.OPT.26Jun2025.48800.CALL,CALL,48800,26-Jun-25,6903.612841018444,7343.711710317191,6660.328883587878,46,4,15.081504096085885,0.033929214443617184,4846,6851,,,,1.8792231486892041
6/18/25 13:15,BANKNIFTY.NSE.OPT.26Jun2025.48900.CALL,CALL,48900,26-Jun-25,6701.134434004204,7215.668908053026,6828.306340930574,39,1,18.929172002274008,0.1928818951610758,9304,2150,,,,-1.426186778
6/18/25 13:15,BANKNIFTY.NSE.OPT.26Jun2025.49000.CALL,CALL,49000,26-Jun-25,6668.505941538208,6895.366016589335,6695.7417284951825,176,1837,32.27626682851239,-5.747691025,4766,4850,,,,-0.745416086
6/18/25 13:15,BANKNIFTY.NSE.OPT.26Jun2025.49100.CALL,CALL,49100,26-Jun-25,6364.465758466611,6988.241154847407,6469.305560930734,2,0,32.15797947604791,1.5014928403105259,7987,2996,,,,1.9624247785124136
6/18/25 13:15,BANKNIFTY.NSE.OPT.26Jun2025.49200.CALL,CALL,49200,26-Jun-25,6519.5918783938105,6959.657094867784,6829.132969405752,91,14,26.017727817210528,-6.357450261,9488,2497,,,,0.9887337792946225
6/18/25 13:15,BANKNIFTY.NSE.OPT.26Jun2025.49300.CALL,CALL,49300,26-Jun-25,6140.289525096936,6686.379754448432,6527.109869868013,56,34,28.600465006049095,4.921661427037982,6908,6718,,,,1.2780851672311973
6/18/25 13:15,BANKNIFTY.NSE.OPT.26Jun2025.49400.CALL,CALL,49400,26-Jun-25,6253.486590335577,6700.251904703877,6593.532022653178,32,0,24.80220781297603,1.9927496270742147,4376,6236,,,,0.34384241679104166
6/18/25 13:15,BANKNIFTY.NSE.OPT.26Jun2025.49500.CALL,CALL,49500,26-Jun-25,6278.258800014835,6542.759905817959,6283.296439684213,25,431,25.38478427091082,9.805696255556274,1929,9503,,,,0.8094105543504617
6/18/25 13:15,BANKNIFTY.NSE.OPT.26Jun2025.49600.CALL,CALL,49600,26-Jun-25,5906.826771,6468.401889067383,6862.665139993522,37,3,25.882733697487716,5.109626075568697,6715,1822,,,,1.7899760346164775
6/18/25 13:15,BANKNIFTY.NSE.OPT.26Jun2025.49700.CALL,CALL,49700,26-Jun-25,5796.519155687653,6355.310817499498,6148.615880028623,61,1,20.535443247420808,3.4410342428390965,5238,4621,,,,0.5886927161879756
6/18/25 13:15,BANKNIFTY.NSE.OPT.26Jun2025.49800.CALL,CALL,49800,26-Jun-25,5635.557472973271,6367.833753076437,5724.325593562599,53,61,16.137645560259145,8.836315732009972,5673,5067,,,,0.7487149388140435
6/18/25 13:15,BANKNIFTY.NSE.OPT.26Jun2025.49900.CALL,CALL,49900,26-Jun-25,5627.952953,6150.517762898237,6107.052769902165,75,0,27.860002114670323,4.334798682754329,2186,2645,,,,0.9327137723985173
6/18/25 13:15,BANKNIFTY.NSE.OPT.26Jun2025.50000.CALL,CALL,50000,26-Jun-25,5911.531383702462,5926.890227468377,5978.3911587050625,80,5296,15.286426578367927,7.281101608612474,9174,7676,,,,1.7543809116403937
6/18/25 13:15,BANKNIFTY.NSE.OPT.26Jun2025.50100.CALL,CALL,50100,26-Jun-25,5676.453906461064,5841.714846,5677.772380200581,5,6,24.41177458888228,3.0455852835517216,9479,2555,,,,-0.500804024
6/18/25 13:15,BANKNIFTY.NSE.OPT.26Jun2025.50200.CALL,CALL,50200,26-Jun-25,5545.567553180416,5738.515078406753,5510.118973731787,83,22,27.997870811303322,-2.878797923,1422,1278,,,,1.275929985124392
6/18/25 13:15,BANKNIFTY.NSE.OPT.26Jun2025.50300.CALL,CALL,50300,26-Jun-25,5514.560619,5762.583134683097,5317.752813124613,49,13,26.962301094920363,9.002381256717374,2630,4850,,,,-0.742030047
6/18/25 13:15,BANKNIFTY.NSE.OPT.26Jun2025.50400.CALL,CALL,50400,26-Jun-25,5414.515175828402,5639.147522951808,5296.353612343024,17,39,32.85237419527116,7.700246347237972,2496,4347,,,,1.1074023568383704
6/18/25 13:15,BANKNIFTY.NSE.OPT.26Jun2025.50500.CALL,CALL,50500,26-Jun-25,5403.849424925417,5477.961394615832,5618.407809794686,23,284,33.57538834507167,7.546823368576828,3289,4456,,,,-0.277560606
6/18/25 13:15,BANKNIFTY.NSE.OPT.26Jun2025.50600.CALL,CALL,50600,26-Jun-25,5153.077744,5435.029125617825,5043.878139505949,13,48,20.317235619027358,3.574481957507029,1892,8914,,,,-1.460815134
6/18/25 13:15,BANKNIFTY.NSE.OPT.26Jun2025.50700.CALL,CALL,50700,26-Jun-25,5067.979021514303,5298.5452349909265,5005.041473223968,43,14,24.956081389495118,-9.541281861,6017,9220,,,,1.2914837875471181
6/18/25 13:15,BANKNIFTY.NSE.OPT.26Jun2025.50800.CALL,CALL,50800,26-Jun-25,4852.837378617273,5307.959491834171,4968.884205991367,45,17,15.997998034796606,4.000945994268628,9293,4647,,,,-0.696654109
6/18/25 13:15,BANKNIFTY.NSE.OPT.26Jun2025.50900.CALL,CALL,50900,26-Jun-25,4743.449063132795,5080.463635390234,4714.431805163695,94,26,28.295518136777638,-3.155905301,1250,4728,,,,-0.096381411
6/18/25 13:15,BANKNIFTY.NSE.OPT.26Jun2025.51000.CALL,CALL,51000,26-Jun-25,4784.8645629808525,4810.855288375313,4819.504755687245,110,2616,18.66694892,-8.601537958,8157,1971,,,,1.9485390941177556
6/18/25 13:15,BANKNIFTY.NSE.OPT.26Jun2025.51100.CALL,CALL,51100,26-Jun-25,4695.2892452213755,4881.552077665493,4596.273637716119,36,35,31.75902364108287,-9.101865932,3311,3580,,,,1.9621435742401743
6/18/25 13:15,BANKNIFTY.NSE.OPT.26Jun2025.51200.CALL,CALL,51200,26-Jun-25,4562.009390877785,4884.530954660306,4108.702320693187,83,34,31.57641413,-6.410923411,9584,6049,,,,0.27909935580858436
6/18/25 13:15,BANKNIFTY.NSE.OPT.26Jun2025.51300.CALL,CALL,51300,26-Jun-25,4374.394058694942,4775.406007439167,4741.566373812887,26,20,24.471738148223405,-9.973978963,7008,2152,,,,-1.365189986
6/18/25 13:15,BANKNIFTY.NSE.OPT.26Jun2025.51400.CALL,CALL,51400,26-Jun-25,4350.482073950379,4574.934209866807,4541.313808749298,67,30,25.571902815916776,-3.081783307,9217,4973,,,,0.8598800117625771
6/18/25 13:15,BANKNIFTY.NSE.OPT.26Jun2025.51500.CALL,CALL,51500,26-Jun-25,4201.668058699541,4360.013215233167,4330.2647866865955,121,600,32.57292449806971,-3.714032565,8703,9959,,,,-0.052191481
6/18/25 13:15,BANKNIFTY.NSE.OPT.26Jun2025.51600.CALL,CALL,51600,26-Jun-25,4119.487679731459,4515.992171640318,4166.596450263288,60,29,33.95933077813719,-8.787505346,8687,3926,,,,0.002716845
6/18/25 13:15,BANKNIFTY.NSE.OPT.26Jun2025.51700.CALL,CALL,51700,26-Jun-25,4023.324527704577,4254.1162798118585,4120.113801155889,69,27,24.121591662814136,9.523942524326902,3182,6362,,,,1.6909786081404787
6/18/25 13:15,BANKNIFTY.NSE.OPT.26Jun2025.51800.CALL,CALL,51800,26-Jun-25,3991.8993682937285,4154.849722345238,3927.6038958082513,67,65,21.259120031216035,9.729122494192374,6251,5247,,,,0.33716701473519706
6/18/25 13:15,BANKNIFTY.NSE.OPT.26Jun2025.51900.CALL,CALL,51900,26-Jun-25,3753.5335942209335,4103.240964095333,4093.401601471891,67,44,30.67651528585963,-5.359861029,8841,5365,,,,0.685878571
6/18/25 13:15,BANKNIFTY.NSE.OPT.26Jun2025.52000.CALL,CALL,52000,26-Jun-25,3832.539707,3859.1301997620085,3876.3932566626745,143,3584,22.284800120986162,-9.304028323,2529,5622,,,,-1.993310373
6/18/25 13:15,BANKNIFTY.NSE.OPT.26Jun2025.52100.CALL,CALL,52100,26-Jun-25,3639.3447594290515,3909.3026186581465,4515.236297003834,60,9,16.266487913812917,0.2724842100034408,6448,7796,,,,-1.024785072
6/18/25 13:15,BANKNIFTY.NSE.OPT.26Jun2025.52200.CALL,CALL,52200,26-Jun-25,3499.6257865552166,3902.0658424023754,3412.569502455583,36,88,24.805423035719706,-2.558855446,7327,8493,,,,0.5159767116475682
6/18/25 13:15,BANKNIFTY.NSE.OPT.26Jun2025.52300.CALL,CALL,52300,26-Jun-25,3443.244983627282,3800.257765172056,3510.566895599689,34,17,33.823971017108796,2.7602305111145515,4852,8976,,,,0.44210502538490326
6/18/25 13:15,BANKNIFTY.NSE.OPT.26Jun2025.52400.CALL,CALL,52400,26-Jun-25,3316.6844876841924,3687.908562,4371.185856654844,72,1,18.211051169251938,1.161690188160577,8268,4719,,,,0.8797445919328486
6/18/25 13:15,BANKNIFTY.NSE.OPT.26Jun2025.52500.CALL,CALL,52500,26-Jun-25,3393.177194226476,3447.9998336456597,3441.1561203738815,137,2101,30.959092653606426,-8.20553456,6424,3431,,,,-1.560384359
6/18/25 13:15,BANKNIFTY.NSE.OPT.26Jun2025.52600.CALL,CALL,52600,26-Jun-25,3174.0257412174556,3402.0314268017196,3243.390815972637,61,10,17.17738704595479,7.077012383315584,7850,4976,,,,1.2930517486675734
6/18/25 13:15,BANKNIFTY.NSE.OPT.26Jun2025.52700.CALL,CALL,52700,26-Jun-25,3072.3228049759764,3388.062206915165,3824.5480532413767,2,4,28.602605839292487,5.339615994439352,1596,8939,,,,-0.031553593
6/18/25 13:15,BANKNIFTY.NSE.OPT.26Jun2025.52800.CALL,CALL,52800,26-Jun-25,3024.3485794824087,3268.720924952223,3084.0018973919227,25,75,24.104543880168965,-5.267087247,9795,5409,,,,-1.055824857
6/18/25 13:15,BANKNIFTY.NSE.OPT.26Jun2025.52900.CALL,CALL,52900,26-Jun-25,2882.510419457043,3179.052189519353,2841.759149,18,11,22.15101963064825,4.563056952402178,3653,8194,,,,-0.479166682
6/18/25 13:15,BANKNIFTY.NSE.OPT.26Jun2025.53000.CALL,CALL,53000,26-Jun-25,2851.065273946516,2965.14887,2825.7334351912423,1094,4448,15.98395905460951,5.612198696486226,4442,3859,,,,-1.522910329
6/18/25 13:15,BANKNIFTY.NSE.OPT.26Jun2025.53100.CALL,CALL,53100,26-Jun-25,2687.258602702472,2899.6201516419856,2657.7397905266116,7,107,20.49802062929801,-6.635076425,9339,5849,,,,-1.395236113
6/18/25 13:15,BANKNIFTY.NSE.OPT.26Jun2025.53200.CALL,CALL,53200,26-Jun-25,2646.7392903560103,2755.5823078288304,2888.7536883056555,79,18,24.035980368733718,-3.706968276,8353,1253,,,,0.8779094940774401
6/18/25 13:15,BANKNIFTY.NSE.OPT.26Jun2025.53300.CALL,CALL,53300,26-Jun-25,2561.8514653473776,2749.5389739472503,2775.654971600649,13,78,31.61446121743108,8.709220050965445,1084,8357,,,,1.8709409832537247
6/18/25 13:15,BANKNIFTY.NSE.OPT.26Jun2025.53400.CALL,CALL,53400,26-Jun-25,2457.0679097841235,2551.0021365984744,2656.673633463373,75,32,33.27605106724762,3.5191363967660187,8274,2222,,,,-0.159782659
6/18/25 13:15,BANKNIFTY.NSE.OPT.26Jun2025.53500.CALL,CALL,53500,26-Jun-25,2347.786433360584,2501.825412680386,2450.1038814074154,53,1762,24.370573775650897,9.865374754723916,5729,6056,,,,-0.98620748
6/18/25 13:15,BANKNIFTY.NSE.OPT.26Jun2025.53600.CALL,CALL,53600,26-Jun-25,2218.0826118197037,2440.610905,2176.778034671711,1,74,18.32474058872791,1.0540270260660378,1896,2298,,,,0.6806475416404139
6/18/25 13:15,BANKNIFTY.NSE.OPT.26Jun2025.53700.CALL,CALL,53700,26-Jun-25,2138.435898548144,2359.419398983178,2278.2746068973956,33,80,30.460430500059832,-2.0250722,4300,5001,,,,-1.52572964
6/18/25 13:15,BANKNIFTY.NSE.OPT.26Jun2025.53800.CALL,CALL,53800,26-Jun-25,2114.3315661585366,2252.704905952668,2055.359849190611,18,53,32.191582419390954,-4.315153627,5115,2844,,,,1.084927376395091
6/18/25 13:15,BANKNIFTY.NSE.OPT.26Jun2025.53900.CALL,CALL,53900,26-Jun-25,1969.9823221207926,2162.5502606906257,1960.2935698047095,85,77,23.332968669382993,9.156370108391101,3634,2732,,,,-0.031289635
6/18/25 13:15,BANKNIFTY.NSE.OPT.26Jun2025.54000.CALL,CALL,54000,26-Jun-25,1918.9993343460726,1964.9251715321732,1945.0129092329169,889,6235,18.82790670554376,5.190259195422593,2031,6805,,,,-0.943655093
6/18/25 13:15,BANKNIFTY.NSE.OPT.26Jun2025.54100.CALL,CALL,54100,26-Jun-25,1770.3698927316761,1955.3645257132873,1863.4878648641602,105,145,34.607094239666324,2.7043202872203924,1805,1238,,,,0.7757731622620208
6/18/25 13:15,BANKNIFTY.NSE.OPT.26Jun2025.54200.CALL,CALL,54200,26-Jun-25,1729.877199937777,1877.5473736133004,1646.7061159025411,53,71,31.819011623282428,3.478280436363349,6647,2920,,,,-0.1772752
6/18/25 13:15,BANKNIFTY.NSE.OPT.26Jun2025.54300.CALL,CALL,54300,26-Jun-25,1573.0169745832582,1807.8900453110564,1701.7135858745228,106,106,19.385089889779007,-1.330366758,1023,8739,,,,-0.203076691
6/18/25 13:15,BANKNIFTY.NSE.OPT.26Jun2025.54400.CALL,CALL,54400,26-Jun-25,1564.8033446089582,1651.779505571451,1529.612895803558,33,107,17.971388388168407,1.9020904160351684,5631,6105,,,,1.7069312693113425
6/18/25 13:15,BANKNIFTY.NSE.OPT.26Jun2025.54500.CALL,CALL,54500,26-Jun-25,1505.6188925117267,1532.1030784075392,1479.540377177193,1265,2269,24.147194971592832,-6.618763194,2159,5897,,,,-0.5716237
6/18/25 13:15,BANKNIFTY.NSE.OPT.26Jun2025.54600.CALL,CALL,54600,26-Jun-25,1403.3192460421192,1433.959881600304,1448.812094910049,233,531,27.929043158430655,-4.057868422,6085,6239,,,,1.8068538821206808
6/18/25 13:15,BANKNIFTY.NSE.OPT.26Jun2025.54700.CALL,CALL,54700,26-Jun-25,1336.9751003205722,1352.00674,1328.8615038635867,107,253,23.49106858508317,-6.840038433,8884,3787,,,,-1.224081007
6/18/25 13:15,BANKNIFTY.NSE.OPT.26Jun2025.54800.CALL,CALL,54800,26-Jun-25,1232.5125864107276,1256.8516142157307,1243.318250946806,228,393,22.396394164118988,-0.142876454,4442,4462,,,,-1.158247172
6/18/25 13:15,BANKNIFTY.NSE.OPT.26Jun2025.54900.CALL,CALL,54900,26-Jun-25,1152.8858202757444,1178.2171546866202,1128.7996020427288,443,461,32.75655517916658,1.0370522128021058,1024,4145,,,,1.0664286134068126
6/18/25 13:15,BANKNIFTY.NSE.OPT.26Jun2025.55000.CALL,CALL,55000,26-Jun-25,1070.6906717963393,1092.528261756129,1098.264500898488,18408,16616,20.704605137803377,6.768819198647865,6826,9331,,,,-0.376759647
6/18/25 13:15,BANKNIFTY.NSE.OPT.26Jun2025.55100.CALL,CALL,55100,26-Jun-25,1005.9088189260902,997.3427216713179,993.1028026590142,1409,588,24.91575378,-3.434208169,3126,1086,,,,-0.014899568
6/18/25 13:15,BANKNIFTY.NSE.OPT.26Jun2025.55200.CALL,CALL,55200,26-Jun-25,941.9058854618695,933.8726198959394,928.5664580060551,3894,1434,24.449478055622933,-1.482577394,4197,1417,,,,-0.80022698
6/18/25 13:15,BANKNIFTY.NSE.OPT.26Jun2025.55300.CALL,CALL,55300,26-Jun-25,855.3978946387945,874.8896504785049,832.1403303,7172,1409,34.94699781054398,0.8164313386877886,4013,7744,,,,1.5804085608810508
6/18/25 13:15,BANKNIFTY.NSE.OPT.26Jun2025.55400.CALL,CALL,55400,26-Jun-25,772.1591901221411,797.4227967465051,762.2033296734188,11510,2444,30.62626967098219,-6.830131238,6692,5962,,,,0.612277464
6/18/25 13:15,BANKNIFTY.NSE.OPT.26Jun2025.55500.CALL,CALL,55500,26-Jun-25,715.4597672873413,707.6305492659853,728.3903263,100563,17419,29.412087509453883,-4.713917075,6760,7977,,,,-1.914912012
6/18/25 13:15,BANKNIFTY.NSE.OPT.26Jun2025.55600.CALL,CALL,55600,26-Jun-25,650.6486979293921,660.9238881254857,628.3564429,72152,5902,17.89684886721789,-7.145841803,9941,1686,,,,-0.900831594
6/18/25 13:15,BANKNIFTY.NSE.OPT.26Jun2025.55700.CALL,CALL,55700,26-Jun-25,589.6799367794579,581.7308519104339,581.0670130887719,152130,6738,26.29120619745055,-0.065528626,4934,8237,,,,-0.396693356
6/18/25 13:15,BANKNIFTY.NSE.OPT.26Jun2025.55800.CALL,CALL,55800,26-Jun-25,526.3064471703638,536.6152818307315,529.4248462391744,191964,15186,19.202349572571258,7.905484680394991,9102,7026,,,,-0.330547491
6/18/25 13:15,BANKNIFTY.NSE.OPT.26Jun2025.55900.CALL,CALL,55900,26-Jun-25,485.89142912176357,472.30874049895385,481.1480648790704,134386,11448,18.658882878448978,-7.489252098,4193,7316,,,,-1.445070764
6/18/25 13:15,BANKNIFTY.NSE.OPT.26Jun2025.56000.CALL,CALL,56000,26-Jun-25,418.3329759307291,433.34273995512586,413.92781640826115,278604,76194,29.70181070196784,-8.96353401,9397,8468,,,,1.0792533605353793
6/18/25 13:15,BANKNIFTY.NSE.OPT.26Jun2025.56100.CALL,CALL,56100,26-Jun-25,375.94530881233425,384.09825700883454,382.01839860538234,46571,7117,21.42340857006825,-2.741493738,5098,2299,,,,-1.633628147
6/18/25 13:15,BANKNIFTY.NSE.OPT.26Jun2025.56200.CALL,CALL,56200,26-Jun-25,336.9296802772629,332.4888586054616,329.6565087773461,47272,7833,19.104430015322023,-7.568438934,6915,4401,,,,-1.787531368
6/18/25 13:15,BANKNIFTY.NSE.OPT.26Jun2025.56300.CALL,CALL,56300,26-Jun-25,294.3029132356505,302.9886067929801,308.5890425903369,36299,7482,18.589179751709047,-3.954521375,2895,8667,,,,0.10939831694173918
6/18/25 13:15,BANKNIFTY.NSE.OPT.26Jun2025.56400.CALL,CALL,56400,26-Jun-25,263.20948584693804,263.1355700205477,263.62170998162554,32408,6124,26.492045482052607,-0.517272409,5967,5342,,,,-0.969977487
6/18/25 13:15,BANKNIFTY.NSE.OPT.26Jun2025.56500.CALL,CALL,56500,26-Jun-25,236.01839770916982,229.81773272722734,238.92108124685325,112169,42153,25.52238368887167,-9.077526269,2019,1654,,,,0.35451458664616675
6/18/25 13:15,BANKNIFTY.NSE.OPT.26Jun2025.56600.CALL,CALL,56600,26-Jun-25,207.29245423762882,202.3387842522441,207.87188325311593,32330,11570,22.194418869371464,8.600148788346079,4678,5459,,,,0.8636325937858778
6/18/25 13:15,BANKNIFTY.NSE.OPT.26Jun2025.56700.CALL,CALL,56700,26-Jun-25,179.08761947568945,177.47503334304955,177.8301809027327,30336,9700,18.768867821805937,6.873263365966761,5960,8697,,,,1.7922332866362756
6/18/25 13:15,BANKNIFTY.NSE.OPT.26Jun2025.56800.CALL,CALL,56800,26-Jun-25,156.17665682708764,155.80183453461837,160.37351366304682,27674,11735,21.291414143605877,0.9815562816576158,3791,1198,,,,-1.741178121
6/18/25 13:15,BANKNIFTY.NSE.OPT.26Jun2025.56900.CALL,CALL,56900,26-Jun-25,136.40812518198382,136.69495610090388,140.9669175775913,20600,12145,25.86968549862009,-0.708952251,4165,3682,,,,1.8936408996530805
6/18/25 13:15,BANKNIFTY.NSE.OPT.26Jun2025.57000.CALL,CALL,57000,26-Jun-25,118.6837033773058,121.7903865944521,116.4374922,114664,54684,33.56719564,-0.275623896,2976,4818,,,,-1.19582885
6/18/25 13:15,BANKNIFTY.NSE.OPT.26Jun2025.57100.CALL,CALL,57100,26-Jun-25,99.58635965210775,105.9894036233536,102.1351504450382,15853,5721,27.54994031611422,1.8892497756117983,4210,7922,,,,-1.88018634
6/18/25 13:15,BANKNIFTY.NSE.OPT.26Jun2025.57200.CALL,CALL,57200,26-Jun-25,88.87010158261404,89.44736295779914,89.96617167116631,25176,5602,27.668172443602607,-9.680485565,1609,7151,,,,0.28466349006964187
6/18/25 13:15,BANKNIFTY.NSE.OPT.26Jun2025.57300.CALL,CALL,57300,26-Jun-25,76.73251710771024,79.65801601313419,80.60587781048277,16728,4566,25.24634968952065,3.9909277312105544,1872,4504,,,,-0.169177177
6/18/25 13:15,BANKNIFTY.NSE.OPT.26Jun2025.57400.CALL,CALL,57400,26-Jun-25,66.83559889653957,69.75044227774917,64.83756031535754,17595,4564,31.48714367153778,0.9787261691222522,5721,7570,,,,-0.116007065
6/18/25 13:15,BANKNIFTY.NSE.OPT.26Jun2025.57500.CALL,CALL,57500,26-Jun-25,58.893792138068235,60.89763342,59.98314862,92967,39855,27.872523692855268,-9.916960129,4613,9385,,,,0.606875307
6/18/25 13:15,BANKNIFTY.NSE.OPT.26Jun2025.57600.CALL,CALL,57600,26-Jun-25,49.82853726954481,53.55362894995921,52.97687992759811,14701,4511,28.633623655326794,9.827768609294512,7608,3021,,,,-1.965010071
6/18/25 13:15,BANKNIFTY.NSE.OPT.26Jun2025.57700.CALL,CALL,57700,26-Jun-25,45.35193921318358,47.12624819373677,45.13892666932435,12831,4078,18.376107647241717,-2.823523808,6284,5899,,,,-1.984086786
6/18/25 13:15,BANKNIFTY.NSE.OPT.26Jun2025.57800.CALL,CALL,57800,26-Jun-25,39.61455015718938,40.32451923679459,40.04757225335942,20069,5273,27.194760772876396,4.081746137668407,1388,5334,,,,0.10211676966768612
6/18/25 13:15,BANKNIFTY.NSE.OPT.26Jun2025.57900.CALL,CALL,57900,26-Jun-25,33.74146081366292,35.95641255669374,33.71523624205441,8607,2459,24.45938858640555,6.901926075949586,2100,5500,,,,-0.501621069
6/18/25 13:15,BANKNIFTY.NSE.OPT.26Jun2025.58000.CALL,CALL,58000,26-Jun-25,30.2092445,31.277711967081395,29.92596451,85412,38354,26.115154775287813,9.713651958852388,9162,3282,,,,-1.502659905
6/18/25 13:15,BANKNIFTY.NSE.OPT.26Jun2025.58100.CALL,CALL,58100,26-Jun-25,26.664140566934915,28.01808978183721,26.804657394000053,9281,3233,30.344401099729193,8.888062416830198,1769,3193,,,,0.9317127447722995
6/18/25 13:15,BANKNIFTY.NSE.OPT.26Jun2025.58200.CALL,CALL,58200,26-Jun-25,24.304624651151453,25.14879183740216,24.67852403778701,14834,4403,20.673037473944586,-2.488098286,9596,9847,,,,-0.319128771
6/18/25 13:15,BANKNIFTY.NSE.OPT.26Jun2025.58300.CALL,CALL,58300,26-Jun-25,21.22670552443829,21.98077037337654,20.882196178838186,10228,3943,22.69917981762537,8.802111324398968,9392,4822,,,,-0.203191116
6/18/25 13:15,BANKNIFTY.NSE.OPT.26Jun2025.58400.CALL,CALL,58400,26-Jun-25,19.00916472402248,19.967076052370842,19.010392238920293,10164,2180,31.816640822147505,4.906865971578361,2117,7055,,,,1.0849657791131708
6/18/25 13:15,BANKNIFTY.NSE.OPT.26Jun2025.58500.CALL,CALL,58500,26-Jun-25,16.13495084321815,17.31478461873359,16.26201469413561,54290,28951,30.188286419470025,0.7901667712761942,1646,1818,,,,1.624298698058039
6/18/25 13:15,BANKNIFTY.NSE.OPT.26Jun2025.58600.CALL,CALL,58600,26-Jun-25,14.350361743869733,15.868592046632667,15.281136210207013,6537,2679,16.160978138342006,-7.621865193,8673,3320,,,,1.810071041
6/18/25 13:15,BANKNIFTY.NSE.OPT.26Jun2025.58700.CALL,CALL,58700,26-Jun-25,13.312854736721837,14.65248993883356,13.639093802517104,12643,1951,32.567111929763556,-8.505317016,4572,3651,,,,0.3831391028287503
6/18/25 13:15,BANKNIFTY.NSE.OPT.26Jun2025.58800.CALL,CALL,58800,26-Jun-25,11.565624240087974,13.031459945661261,12.435715176334284,8460,4247,29.42457232629195,-8.955685326,7421,2696,,,,1.5726242430129904
6/18/25 13:15,BANKNIFTY.NSE.OPT.26Jun2025.58900.CALL,CALL,58900,26-Jun-25,11.175537567375212,11.56973319,11.69994773880257,8909,4193,33.669539704105055,-1.492572922,8122,9193,,,,-0.222289676
6/18/25 13:15,BANKNIFTY.NSE.OPT.26Jun2025.59000.CALL,CALL,59000,26-Jun-25,10.442703429496367,10.77152482561868,10.571693839986205,70979,50921,20.630232706183293,-3.272226411,3740,9192,,,,0.6549930733000191
6/18/25 13:15,BANKNIFTY.NSE.OPT.26Jun2025.59100.CALL,CALL,59100,26-Jun-25,10.00062126566652,10.252075615854757,9.966393921,5885,1934,25.87012314449583,8.687550400147721,2803,8252,,,,-1.845057275
6/18/25 13:15,BANKNIFTY.NSE.OPT.26Jun2025.59200.CALL,CALL,59200,26-Jun-25,9.406507598572265,9.891788922385699,9.878538418421401,3230,1762,22.21088123993127,-4.505506065,6063,2841,,,,0.7757749037196988
6/18/25 13:15,BANKNIFTY.NSE.OPT.26Jun2025.59300.CALL,CALL,59300,26-Jun-25,8.987265369,9.220600309169457,8.893551065722367,3510,1574,22.780773230409544,1.9806284668736378,1670,8005,,,,0.44019050960162254
6/18/25 13:15,BANKNIFTY.NSE.OPT.26Jun2025.59400.CALL,CALL,59400,26-Jun-25,8.671043833,9.594504105,8.456314684256862,1441,1322,16.70036013478067,-5.877382595,7780,2215,,,,0.3842935896904165
6/18/25 13:15,BANKNIFTY.NSE.OPT.26Jun2025.59500.CALL,CALL,59500,26-Jun-25,7.6550681243680705,8.057397528127225,7.868075332649607,35703,35270,28.336948641341984,-3.76921226,7788,9499,,,,-1.498607045
6/18/25 13:15,BANKNIFTY.NSE.OPT.26Jun2025.59600.CALL,CALL,59600,26-Jun-25,7.831239217193102,8.064235336950318,7.973822474,1818,1666,29.271120194276055,2.862382948185253,1576,9332,,,,-1.060931643
6/18/25 13:15,BANKNIFTY.NSE.OPT.26Jun2025.59700.CALL,CALL,59700,26-Jun-25,7.056178240066037,7.754073742,7.323919184997553,3425,6065,27.257482278195045,5.306276974779111,1288,3606,,,,-1.547390999
6/18/25 13:15,BANKNIFTY.NSE.OPT.26Jun2025.59800.CALL,CALL,59800,26-Jun-25,6.831059747598131,7.878661422229793,7.152002737595036,1478,1781,24.042385601804618,-9.692583413,6127,9238,,,,-1.576579782
6/18/25 13:15,BANKNIFTY.NSE.OPT.26Jun2025.59900.CALL,CALL,59900,26-Jun-25,7.237289168773535,7.946794038211548,7.180635230543284,1912,1619,26.486935969910036,-8.754356665,9136,2408,,,,-0.700939048
6/18/25 13:15,BANKNIFTY.NSE.OPT.26Jun2025.60000.CALL,CALL,60000,26-Jun-25,6.711928528977178,6.792951509972668,6.863919652122449,40677,48996,19.060454302867704,7.343958803468237,2442,4883,,,,1.2905726683903085
6/18/25 13:15,BANKNIFTY.NSE.OPT.26Jun2025.60100.CALL,CALL,60100,26-Jun-25,6.655849591,7.133800404945717,6.963732868729641,1120,1375,17.68991508856106,-2.493472183,2390,9139,,,,1.708727875779509
6/18/25 13:15,BANKNIFTY.NSE.OPT.26Jun2025.60200.CALL,CALL,60200,26-Jun-25,5.397826812381158,6.385917103766955,6.303621997031628,2153,3148,29.81021118637905,-0.746521375,4839,2544,,,,-0.574844199
6/18/25 13:15,BANKNIFTY.NSE.OPT.26Jun2025.60300.CALL,CALL,60300,26-Jun-25,6.3487714230973324,6.794191510558203,6.658033637249534,1877,1535,26.89309436111891,0.16024604109374785,8363,1506,,,,-0.144121026
6/18/25 13:15,BANKNIFTY.NSE.OPT.26Jun2025.60400.CALL,CALL,60400,26-Jun-25,6.407000192986141,7.923404386718392,6.7031293600536985,795,1063,27.28145362,5.199496614846506,7915,1970,,,,1.9634582996256236
6/18/25 13:15,BANKNIFTY.NSE.OPT.26Jun2025.60500.CALL,CALL,60500,26-Jun-25,5.398382485952791,6.096539134910164,5.943775170877018,14694,17075,34.80749666655301,-1.931570103,3752,8760,,,,-0.309211215
6/18/25 13:15,BANKNIFTY.NSE.OPT.26Jun2025.60600.CALL,CALL,60600,26-Jun-25,4.932230699488392,6.910150473109551,7.075607741920318,1315,1272,28.50950147271242,-1.749898255,5961,4808,,,,1.893379834595847
6/18/25 13:15,BANKNIFTY.NSE.OPT.26Jun2025.60700.CALL,CALL,60700,26-Jun-25,6.023320320452011,7.105855313342618,5.963656613,866,847,34.29326667099427,0.7634551589019729,2335,7848,,,,-0.335925822
6/18/25 13:15,BANKNIFTY.NSE.OPT.26Jun2025.60800.CALL,CALL,60800,26-Jun-25,5.045228324934458,6.423172983117626,5.883379780918384,533,812,25.512337769104896,-6.430528086,6325,2805,,,,-0.844773846
6/18/25 13:15,BANKNIFTY.NSE.OPT.26Jun2025.60900.CALL,CALL,60900,26-Jun-25,5.481050478436921,6.012420858656599,5.771047772348521,1072,986,31.357746234050246,-6.700058833,8219,7707,,,,1.407939350945314
6/18/25 13:15,BANKNIFTY.NSE.OPT.26Jun2025.61000.CALL,CALL,61000,26-Jun-25,5.275182506650193,5.471121763348617,5.250211795753497,30180,27679,33.97557279037535,-1.067198879,8591,7352,,,,-1.133252365
6/18/25 13:15,BANKNIFTY.NSE.OPT.26Jun2025.61100.CALL,CALL,61100,26-Jun-25,4.2845460855801045,7.540265301618267,5.388731191631355,415,230,19.700176134155974,6.386757588519238,9483,4055,,,,-0.008006064
6/18/25 13:15,BANKNIFTY.NSE.OPT.26Jun2025.61200.CALL,CALL,61200,26-Jun-25,5.380169337860894,7.656110012088342,5.330653714800625,313,238,19.561371171033578,9.377930393,8940,6783,,,,0.8266944712203488
6/18/25 13:15,BANKNIFTY.NSE.OPT.26Jun2025.61300.CALL,CALL,61300,26-Jun-25,4.0177939388952595,6.857991210155803,5.438783644444943,329,145,25.066000815291314,-2.78628694,4044,3250,,,,-0.749192628
6/18/25 13:15,BANKNIFTY.NSE.OPT.26Jun2025.61400.CALL,CALL,61400,26-Jun-25,4.116050959645781,5.361427194226359,5.204102976200057,984,467,26.18572353277688,-4.492247168,3397,9933,,,,-1.292936609
6/18/25 13:15,BANKNIFTY.NSE.OPT.26Jun2025.61500.CALL,CALL,61500,26-Jun-25,4.5628621668993725,5.506330260562809,5.328272509059642,5681,7199,15.502521365115713,2.757708505901144,7982,4315,,,,0.2582992260044805
6/18/25 13:15,BANKNIFTY.NSE.OPT.26Jun2025.61600.CALL,CALL,61600,26-Jun-25,4.932015866251598,6.005685386,5.112975559,1158,532,19.301969750113255,-4.104326438,2781,1103,,,,0.45728692953783856
6/18/25 13:15,BANKNIFTY.NSE.OPT.26Jun2025.61700.CALL,CALL,61700,26-Jun-25,4.210617494697588,5.751011640808583,5.865902408706855,208,154,31.902203515699316,0.25201990069590785,2712,8210,,,,1.736054810784656
6/18/25 13:15,BANKNIFTY.NSE.OPT.26Jun2025.61800.CALL,CALL,61800,26-Jun-25,4.236128624480634,6.741899489,5.134559352429386,598,206,16.525113638140038,-2.401199532,5079,3243,,,,1.179494704599671
6/18/25 13:15,BANKNIFTY.NSE.OPT.26Jun2025.62000.CALL,CALL,62000,26-Jun-25,4.6611230851628775,4.890037199727851,4.593612889107139,10119,13063,34.37631714547656,6.9605056942031425,5944,8662,,,,0.3710120277789688
6/18/25 13:15,BANKNIFTY.NSE.OPT.26Jun2025.62500.CALL,CALL,62500,26-Jun-25,4.623299394010599,4.785452431912011,4.935167745017743,6645,6840,21.90149825016397,-0.625110425,1417,1648,,,,-1.781046186
6/18/25 13:15,BANKNIFTY.NSE.OPT.26Jun2025.63000.CALL,CALL,63000,26-Jun-25,4.227855165180244,4.669496272639037,4.308401699103324,9835,29332,33.03676172,0.3487470318762842,3651,1202,,,,0.8270013391821713
6/18/25 13:15,BANKNIFTY.NSE.OPT.26Jun2025.63500.CALL,CALL,63500,26-Jun-25,3.812109386,3.9488011077240537,3.8028336564893515,7295,10371,31.200291399431325,-8.941724206,9753,7000,,,,0.6427199574307205
6/18/25 13:15,BANKNIFTY.NSE.OPT.26Jun2025.64000.CALL,CALL,64000,26-Jun-25,3.8757622428607683,4.016095933596691,3.9889202105371013,7377,8587,33.21523083589909,7.719296103,5965,7763,,,,-0.33967785
6/18/25 13:15,BANKNIFTY.NSE.OPT.26Jun2025.64500.CALL,CALL,64500,26-Jun-25,3.850296533291289,3.912069796842706,3.9303005741768695,23192,27368,33.301439328920466,4.336176420852061,4097,1340,,,,-0.428276393
6/18/25 13:30,BANKNIFTY.NSE.OPT.26Jun2025.40500.CALL,CALL,40500,26-Jun-25,15315.396180330168,15439.456726171238,15378.91373305545,82,5,22.811436817309875,4.692316364356177,2247,1524,,,,-0.866308691
6/18/25 13:30,BANKNIFTY.NSE.OPT.26Jun2025.42000.CALL,CALL,42000,26-Jun-25,13063.190515984907,13867.006132356988,13668.998176629615,51,0,22.67918171633497,-3.841188634,2995,2912,,,,0.9456078536996007
6/18/25 13:30,BANKNIFTY.NSE.OPT.26Jun2025.42500.CALL,CALL,42500,26-Jun-25,12605.444416891682,13601.453240514782,10668.22519992134,12,1,27.22039717907324,5.743134188251775,7331,5588,,,,1.4115201091282188
6/18/25 13:30,BANKNIFTY.NSE.OPT.26Jun2025.43000.CALL,CALL,43000,26-Jun-25,12635.835268331113,12909.924339276356,12744.06423178768,28,108,22.14488819673455,5.4570915693373365,5293,3086,,,,-1.084452037
6/18/25 13:30,BANKNIFTY.NSE.OPT.26Jun2025.43500.CALL,CALL,43500,26-Jun-25,11792.103614110623,12565.886985052293,11470.642524404497,50,1,28.537741785290265,-8.386779451,2787,1168,,,,-1.419810605
6/18/25 13:30,BANKNIFTY.NSE.OPT.26Jun2025.44000.CALL,CALL,44000,26-Jun-25,11662.957820897262,12166.374568132564,11855.54499469276,13,36,16.977966296879263,-3.445170423,3849,1993,,,,0.9714167938272431
6/18/25 13:30,BANKNIFTY.NSE.OPT.26Jun2025.44500.CALL,CALL,44500,26-Jun-25,10647.386757348473,11721.172349352479,11066.985980737387,25,2,17.35843562007863,-1.057426096,9604,5143,,,,-0.824343706
6/18/25 13:30,BANKNIFTY.NSE.OPT.26Jun2025.44900.CALL,CALL,44900,26-Jun-25,10576.228057789944,11156.49496664965,8892.736160156062,92,2,25.66801830695868,4.767611564028318,2334,9452,,,,-1.217424189
6/18/25 13:30,BANKNIFTY.NSE.OPT.26Jun2025.45000.CALL,CALL,45000,26-Jun-25,10931.470108155456,10852.00806546845,11141.93840571789,13,2040,18.855493055781952,3.1062977897584947,7413,5807,,,,1.9493994640648369
6/18/25 13:30,BANKNIFTY.NSE.OPT.26Jun2025.45100.CALL,CALL,45100,26-Jun-25,10339.09845474658,10939.370140191859,9028.629658055392,92,2,26.430829756841753,3.216660272303354,4472,1668,,,,-1.644601878
6/18/25 13:30,BANKNIFTY.NSE.OPT.26Jun2025.45200.CALL,CALL,45200,26-Jun-25,10321.138535896756,11035.231957172113,8662.85126,42,1,25.869317115595074,-6.2180756,7534,4553,,,,-1.308462105
6/18/25 13:30,BANKNIFTY.NSE.OPT.26Jun2025.45300.CALL,CALL,45300,26-Jun-25,10098.849646835186,10661.589231436294,8561.516927064033,98,3,29.957620898244528,-4.860126806,8968,4092,,,,-0.096335656
6/18/25 13:30,BANKNIFTY.NSE.OPT.26Jun2025.45400.CALL,CALL,45400,26-Jun-25,10152.840537683376,10550.29375109168,8898.965211,89,2,24.86231859205788,3.575979585379592,8720,4708,,,,-1.826328051
6/18/25 13:30,BANKNIFTY.NSE.OPT.26Jun2025.45500.CALL,CALL,45500,26-Jun-25,9758.166202048173,10475.201669554835,5292.2463129224225,35,1,28.100047680812708,-2.935946579,6199,7940,,,,0.47565229577018764
6/18/25 13:30,BANKNIFTY.NSE.OPT.26Jun2025.45600.CALL,CALL,45600,26-Jun-25,9675.861847448898,10372.874885436335,8514.917018451964,75,3,29.89517017,-6.178661455,2469,7641,,,,-0.747522201
6/18/25 13:30,BANKNIFTY.NSE.OPT.26Jun2025.45700.CALL,CALL,45700,26-Jun-25,9847.190841370437,10368.893979385004,8591.034588492837,29,3,17.07003073781516,1.3725427370038705,4297,6997,,,,-0.489721504
6/18/25 13:30,BANKNIFTY.NSE.OPT.26Jun2025.45800.CALL,CALL,45800,26-Jun-25,9424.081657102637,10364.20154400633,8292.752727068879,27,3,32.14518853947307,4.650399782212379,5830,7155,,,,0.6376345341429239
6/18/25 13:30,BANKNIFTY.NSE.OPT.26Jun2025.45900.CALL,CALL,45900,26-Jun-25,9302.943624,10224.60131602428,8047.988725582254,54,4,29.740087531490982,-3.789376252,6974,5706,,,,0.8343655603535769
6/18/25 13:30,BANKNIFTY.NSE.OPT.26Jun2025.46000.CALL,CALL,46000,26-Jun-25,9728.461194153864,10204.413410361003,10010.757918451565,109,422,33.36135936884699,6.085329255986142,9949,5592,,,,-0.909586221
6/18/25 13:30,BANKNIFTY.NSE.OPT.26Jun2025.46100.CALL,CALL,46100,26-Jun-25,9467.158427374941,10053.357743552022,8090.0528741623175,5,4,27.177117964776627,-7.32869813,5557,5150,,,,0.7507067628469994
6/18/25 13:30,BANKNIFTY.NSE.OPT.26Jun2025.46200.CALL,CALL,46200,26-Jun-25,9128.588701700697,9840.637969129164,7783.300046753861,27,4,26.262008032290495,-7.207693366,1729,2460,,,,0.47157199562216956
6/18/25 13:30,BANKNIFTY.NSE.OPT.26Jun2025.46300.CALL,CALL,46300,26-Jun-25,9322.087669026942,9593.384492036803,9186.357273611415,94,10,15.67846535700626,-9.775830707,4306,1683,,,,-1.683888609
6/18/25 13:30,BANKNIFTY.NSE.OPT.26Jun2025.46400.CALL,CALL,46400,26-Jun-25,9101.489922469262,9456.417338544268,7667.630228443474,98,3,16.738675944773437,8.093555722324982,9890,7302,,,,1.7444873027439858
6/18/25 13:30,BANKNIFTY.NSE.OPT.26Jun2025.46500.CALL,CALL,46500,26-Jun-25,9202.426740784236,9512.540332710056,9361.908167979751,18,9,27.674362768246638,6.371897867971352,7147,1495,,,,-0.006199127
6/18/25 13:30,BANKNIFTY.NSE.OPT.26Jun2025.46600.CALL,CALL,46600,26-Jun-25,8769.73345,9525.637419146864,4257.765783488592,93,0,34.12168482470527,6.9745432800081915,2724,3843,,,,1.153259056990707
6/18/25 13:30,BANKNIFTY.NSE.OPT.26Jun2025.46700.CALL,CALL,46700,26-Jun-25,8970.302238,9395.309217,4192.817285490219,8,0,26.01649287198969,3.405323887142922,4810,4048,,,,1.0607871295799902
6/18/25 13:30,BANKNIFTY.NSE.OPT.26Jun2025.46800.CALL,CALL,46800,26-Jun-25,8469.269806536646,9358.026859418567,4052.925470306986,25,0,16.545930955068812,-7.230507632,6685,7953,,,,0.9573108287069898
6/18/25 13:30,BANKNIFTY.NSE.OPT.26Jun2025.46900.CALL,CALL,46900,26-Jun-25,8506.485205495534,9263.082916,3991.4389977803353,55,2,28.799372691848525,7.918973165357702,3092,5541,,,,1.2916370358475042
6/18/25 13:30,BANKNIFTY.NSE.OPT.26Jun2025.47000.CALL,CALL,47000,26-Jun-25,8748.031165590757,9053.205528504614,9166.185000117286,55,324,27.251400015825602,-5.096143893,5494,3314,,,,-1.164481464
6/18/25 13:30,BANKNIFTY.NSE.OPT.26Jun2025.47100.CALL,CALL,47100,26-Jun-25,8479.019580898617,9059.325936929159,3860.840271274403,61,4,26.08744260424547,5.221467091745989,3870,9394,,,,0.4312142430554089
6/18/25 13:30,BANKNIFTY.NSE.OPT.26Jun2025.47200.CALL,CALL,47200,26-Jun-25,8301.512089344735,8756.885688,8113.273093092391,27,2,18.03484062733228,-9.914601672,1789,1725,,,,-1.308890946
6/18/25 13:30,BANKNIFTY.NSE.OPT.26Jun2025.47300.CALL,CALL,47300,26-Jun-25,8452.783419132573,8576.294240639965,8789.280609989122,44,5,23.242504458646906,4.047884271920893,2429,2741,,,,0.935791309
6/18/25 13:30,BANKNIFTY.NSE.OPT.26Jun2025.47400.CALL,CALL,47400,26-Jun-25,8213.760569141345,8949.834583436636,6821.203413140064,36,2,17.43474002385382,-0.540048335,4749,6994,,,,-1.182621304
6/18/25 13:30,BANKNIFTY.NSE.OPT.26Jun2025.47500.CALL,CALL,47500,26-Jun-25,8124.5954016715195,8635.778953599709,9674.178958802468,55,4,32.530097197472614,6.779424380040304,6210,7717,,,,-0.629669047
6/18/25 13:30,BANKNIFTY.NSE.OPT.26Jun2025.47600.CALL,CALL,47600,26-Jun-25,7815.808624866625,8521.814080035161,4637.139302154171,63,1,24.643867687360185,-3.131333311,2814,4065,,,,0.040594961389467166
6/18/25 13:30,BANKNIFTY.NSE.OPT.26Jun2025.47700.CALL,CALL,47700,26-Jun-25,7861.1810516252735,8608.880815064249,4738.958546845456,68,2,33.00975641399973,4.425764120127502,4910,3263,,,,1.5257297775764895
6/18/25 13:30,BANKNIFTY.NSE.OPT.26Jun2025.47800.CALL,CALL,47800,26-Jun-25,7572.218576695462,8387.255730745748,4612.897429342711,51,2,17.292578721235007,0.5994234226473711,2747,6383,,,,1.6815196748545151
6/18/25 13:30,BANKNIFTY.NSE.OPT.26Jun2025.47900.CALL,CALL,47900,26-Jun-25,7427.753880316357,8228.655237,4401.412774416659,26,1,25.843884930788036,-2.549203929,5671,3180,,,,-1.567929067
6/18/25 13:30,BANKNIFTY.NSE.OPT.26Jun2025.48000.CALL,CALL,48000,26-Jun-25,7737.141365232143,7983.919426792783,7938.965234626162,106,860,33.04082676752873,-8.481354251,1174,1899,,,,0.023231746054144686
6/18/25 13:30,BANKNIFTY.NSE.OPT.26Jun2025.48100.CALL,CALL,48100,26-Jun-25,7301.873693614145,8034.327604117457,4469.5744920270845,28,2,28.69919428476723,-7.444196765,2119,4401,,,,1.780428192817158
6/18/25 13:30,BANKNIFTY.NSE.OPT.26Jun2025.48200.CALL,CALL,48200,26-Jun-25,7189.353666950136,7824.459265618003,4267.484864958172,37,1,18.297594616978397,1.245399849871129,5031,7743,,,,-1.163201073
6/18/25 13:30,BANKNIFTY.NSE.OPT.26Jun2025.48300.CALL,CALL,48300,26-Jun-25,7380.013597289455,7807.7075973434785,7469.121638152227,28,2,24.61011651097401,8.691195519719535,5427,7333,,,,-1.115998849
6/18/25 13:30,BANKNIFTY.NSE.OPT.26Jun2025.48400.CALL,CALL,48400,26-Jun-25,7379.819788574922,7567.018801255378,7689.133092,66,3,32.94448128037118,-1.645815177,2443,1522,,,,-0.102450756
6/18/25 13:30,BANKNIFTY.NSE.OPT.26Jun2025.48500.CALL,CALL,48500,26-Jun-25,7250.640927207875,7506.606529951285,7431.189073000099,84,40,33.98456459924627,-0.573174354,7071,8965,,,,-0.861775885
6/18/25 13:30,BANKNIFTY.NSE.OPT.26Jun2025.48600.CALL,CALL,48600,26-Jun-25,6912.782743673876,7405.490655,7075.1603999534955,47,4,23.52486063177706,5.917558276935573,8064,7172,,,,-0.264761618
6/18/25 13:30,BANKNIFTY.NSE.OPT.26Jun2025.48700.CALL,CALL,48700,26-Jun-25,6762.417893015655,7597.614091332928,7010.998410027256,22,4,27.15377500022111,-3.267477602,3260,8402,,,,-1.276789382
6/18/25 13:30,BANKNIFTY.NSE.OPT.26Jun2025.48800.CALL,CALL,48800,26-Jun-25,6694.386488708957,7268.447922145568,6896.531072147802,24,4,25.78915150435181,-8.756060736,8193,5732,,,,0.9514747997485578
6/18/25 13:30,BANKNIFTY.NSE.OPT.26Jun2025.48900.CALL,CALL,48900,26-Jun-25,6807.131152531419,7082.547956752206,6951.610392957096,18,1,18.966697271469567,8.503085946951323,8517,7849,,,,0.49986132831920926
6/18/25 13:30,BANKNIFTY.NSE.OPT.26Jun2025.49000.CALL,CALL,49000,26-Jun-25,6878.771833471032,6937.735004158455,6938.171921504295,171,1776,24.999863332849454,-8.642128313,3298,2633,,,,0.060954771423298304
6/18/25 13:30,BANKNIFTY.NSE.OPT.26Jun2025.49100.CALL,CALL,49100,26-Jun-25,6387.725614310363,6875.341971,6691.944796147877,20,0,26.950301672902754,3.9134072279369256,8368,3228,,,,-1.111280661
6/18/25 13:30,BANKNIFTY.NSE.OPT.26Jun2025.49200.CALL,CALL,49200,26-Jun-25,6658.462188884858,6760.467877729224,6752.823419623625,80,16,25.892182509839657,6.511375086,3651,1028,,,,-1.543401299
6/18/25 13:30,BANKNIFTY.NSE.OPT.26Jun2025.49300.CALL,CALL,49300,26-Jun-25,5941.584607,6676.052611763439,6653.090999463594,38,33,30.244291582583887,-1.91697427,6453,9878,,,,0.5639643716113931
6/18/25 13:30,BANKNIFTY.NSE.OPT.26Jun2025.49400.CALL,CALL,49400,26-Jun-25,6093.226578141081,6600.8915488721605,6738.315700873852,98,1,29.736098165165956,-6.843641363,9857,9312,,,,0.8580059870286778
6/18/25 13:30,BANKNIFTY.NSE.OPT.26Jun2025.49500.CALL,CALL,49500,26-Jun-25,6337.255171669754,6425.873470190736,6173.847926466767,40,418,23.279697828366736,9.421599724287077,9646,3637,,,,-1.827594007
6/18/25 13:30,BANKNIFTY.NSE.OPT.26Jun2025.49600.CALL,CALL,49600,26-Jun-25,5996.7839447327415,6352.209149018823,6564.026157141193,8,3,30.167652123099856,5.022730571262947,8129,2197,,,,-0.849378928
6/18/25 13:30,BANKNIFTY.NSE.OPT.26Jun2025.49700.CALL,CALL,49700,26-Jun-25,5785.5295090220625,6490.020549312939,6276.997161701251,3,1,24.27756740609597,-7.76370006,6714,3974,,,,0.7301631135000188
6/18/25 13:30,BANKNIFTY.NSE.OPT.26Jun2025.49800.CALL,CALL,49800,26-Jun-25,5761.210974047352,6242.577905719981,6076.943238109387,92,60,31.848234466595557,9.339108314100866,1674,4319,,,,1.8948606996566708
6/18/25 13:30,BANKNIFTY.NSE.OPT.26Jun2025.49900.CALL,CALL,49900,26-Jun-25,5595.932441356011,6299.6676208328445,5880.444563343989,23,1,22.31737311935896,-1.959126439,8145,6321,,,,0.7318413882873975
6/18/25 13:30,BANKNIFTY.NSE.OPT.26Jun2025.50000.CALL,CALL,50000,26-Jun-25,5882.770202468298,5996.701888722649,6030.824035720518,78,5771,15.070073807094316,9.349683155266465,4612,9047,,,,-0.18750998
6/18/25 13:30,BANKNIFTY.NSE.OPT.26Jun2025.50100.CALL,CALL,50100,26-Jun-25,5575.383037911676,6011.358020346434,5696.977989384446,17,5,33.03024808064709,-5.348369042,3129,8329,,,,-1.04055309
6/18/25 13:30,BANKNIFTY.NSE.OPT.26Jun2025.50200.CALL,CALL,50200,26-Jun-25,5435.424056723063,5889.424896,5293.608764299421,26,21,20.169698412178047,-6.289107833,1883,7071,,,,-1.398598145
6/18/25 13:30,BANKNIFTY.NSE.OPT.26Jun2025.50300.CALL,CALL,50300,26-Jun-25,5345.879060685847,5629.778841312377,5476.921716150487,61,12,19.860774556127286,2.581425418380368,2017,9077,,,,-1.087316044
6/18/25 13:30,BANKNIFTY.NSE.OPT.26Jun2025.50400.CALL,CALL,50400,26-Jun-25,5350.9166303252205,5607.056117332754,5289.134158401352,22,38,18.71956953800804,8.495351011,7383,5940,,,,-1.467094447
6/18/25 13:30,BANKNIFTY.NSE.OPT.26Jun2025.50500.CALL,CALL,50500,26-Jun-25,5354.887842377819,5361.400935933514,5489.8829019259265,84,269,19.496708605852593,3.759593645745394,6424,1175,,,,1.0644150472192315
6/18/25 13:30,BANKNIFTY.NSE.OPT.26Jun2025.50600.CALL,CALL,50600,26-Jun-25,5041.757393852635,5511.0629059518515,5126.459156859666,91,47,16.89016581038305,2.9647204922291124,8282,1133,,,,-0.387449063
6/18/25 13:30,BANKNIFTY.NSE.OPT.26Jun2025.50700.CALL,CALL,50700,26-Jun-25,5027.313944578258,5230.000507310804,5219.896757682927,30,15,27.346193312589904,3.9038334126089005,9791,7198,,,,-1.946383094
6/18/25 13:30,BANKNIFTY.NSE.OPT.26Jun2025.50800.CALL,CALL,50800,26-Jun-25,4855.933676819737,5174.881156474596,5155.706121982289,94,16,30.43834404924816,1.5997260579593746,5105,8470,,,,1.3075273676879888
6/18/25 13:30,BANKNIFTY.NSE.OPT.26Jun2025.50900.CALL,CALL,50900,26-Jun-25,4747.375545667179,5136.034995852428,4707.331608961427,14,27,24.801836011572366,-3.298027192,7551,9259,,,,1.1157460321442598
6/18/25 13:30,BANKNIFTY.NSE.OPT.26Jun2025.51000.CALL,CALL,51000,26-Jun-25,4809.261985110281,4886.418979453963,4887.564420726524,78,2880,24.104062103695064,-2.405634203,4639,7542,,,,0.21427895819126208
6/18/25 13:30,BANKNIFTY.NSE.OPT.26Jun2025.51100.CALL,CALL,51100,26-Jun-25,4741.921611065912,4864.636242459889,4767.1413112700075,18,31,22.104461308124378,-0.348695371,1749,6248,,,,-0.471267892
6/18/25 13:30,BANKNIFTY.NSE.OPT.26Jun2025.51200.CALL,CALL,51200,26-Jun-25,4564.167616417346,4868.707413863336,4065.324238384559,40,30,33.590895257295244,0.1401107750545787,4103,7866,,,,-0.743265767
6/18/25 13:30,BANKNIFTY.NSE.OPT.26Jun2025.51300.CALL,CALL,51300,26-Jun-25,4405.218337844077,4667.453647808441,4689.971044935024,30,20,33.42311996928179,8.521534044006675,4699,8090,,,,-0.705840995
6/18/25 13:30,BANKNIFTY.NSE.OPT.26Jun2025.51400.CALL,CALL,51400,26-Jun-25,4398.6362085110695,4590.995686328515,4348.411559920237,44,31,22.76663377084984,2.700099928265981,5369,6482,,,,0.061244456
6/18/25 13:30,BANKNIFTY.NSE.OPT.26Jun2025.51500.CALL,CALL,51500,26-Jun-25,4300.729014478685,4427.145703386267,4407.802344,98,591,20.120154473058015,-9.816938941,8492,3911,,,,0.3567664039070526
6/18/25 13:30,BANKNIFTY.NSE.OPT.26Jun2025.51600.CALL,CALL,51600,26-Jun-25,4111.327141826383,4369.3429079871985,4082.4730014511297,96,26,26.00655884053976,2.380018518518387,1556,5388,,,,0.036090564
6/18/25 13:30,BANKNIFTY.NSE.OPT.26Jun2025.51700.CALL,CALL,51700,26-Jun-25,4095.223326575635,4326.105387934735,4257.429421186892,77,25,20.383015698198086,-2.416860414,6123,5213,,,,-1.842932109
6/18/25 13:30,BANKNIFTY.NSE.OPT.26Jun2025.51800.CALL,CALL,51800,26-Jun-25,3923.180395970128,4244.497432278336,3802.8806818386543,58,59,33.38488023143111,-9.045918563,4735,1603,,,,-0.976105808
6/18/25 13:30,BANKNIFTY.NSE.OPT.26Jun2025.51900.CALL,CALL,51900,26-Jun-25,3760.1558284360985,4117.2569361529395,4056.8528748362205,29,42,26.39308753894396,-1.714774502,1602,7119,,,,-0.29883205
6/18/25 13:30,BANKNIFTY.NSE.OPT.26Jun2025.52000.CALL,CALL,52000,26-Jun-25,3857.185680485969,3908.9120381415983,3807.3096307373276,159,4034,33.22953597436834,7.219040826245813,7344,4236,,,,1.7310993216622657
6/18/25 13:30,BANKNIFTY.NSE.OPT.26Jun2025.52100.CALL,CALL,52100,26-Jun-25,3594.530691134773,3910.179160784277,4394.588043937381,44,9,22.827736551445078,-7.558156702,2963,7957,,,,-0.634377788
6/18/25 13:30,BANKNIFTY.NSE.OPT.26Jun2025.52200.CALL,CALL,52200,26-Jun-25,3532.7702343620927,3868.103074,3384.7735761648114,25,78,17.841003012516193,-9.352919291,5061,3229,,,,0.17329063872632133
6/18/25 13:30,BANKNIFTY.NSE.OPT.26Jun2025.52300.CALL,CALL,52300,26-Jun-25,3411.9032235321647,3712.5457742718945,3437.575912192567,57,16,19.427654465143156,1.7591630401192244,6845,5297,,,,-0.249761056
6/18/25 13:30,BANKNIFTY.NSE.OPT.26Jun2025.52400.CALL,CALL,52400,26-Jun-25,3406.0554538543633,3611.797702456062,4525.770856878732,37,2,24.20499483317915,0.8926035635766905,9652,3721,,,,-1.953240392
6/18/25 13:30,BANKNIFTY.NSE.OPT.26Jun2025.52500.CALL,CALL,52500,26-Jun-25,3314.6808509931147,3500.4257722962884,3490.1958940992977,92,2140,23.092995436327904,6.481371820803023,5557,2878,,,,-0.309760412
6/18/25 13:30,BANKNIFTY.NSE.OPT.26Jun2025.52600.CALL,CALL,52600,26-Jun-25,3201.9948057580414,3418.0966839962343,3148.0881807467263,91,11,21.251388498360892,2.655273335441972,7565,6483,,,,1.5708649833592738
6/18/25 13:30,BANKNIFTY.NSE.OPT.26Jun2025.52700.CALL,CALL,52700,26-Jun-25,3078.3402049295983,3368.1447867900592,3944.6524052614263,26,4,30.435086857588914,9.635555799990936,3432,5909,,,,1.7182184927972313
6/18/25 13:30,BANKNIFTY.NSE.OPT.26Jun2025.52800.CALL,CALL,52800,26-Jun-25,2973.8506606608603,3171.1271858392674,3038.492524837567,45,77,19.564771758213826,8.019664745185445,6915,6925,,,,-0.551697553
6/18/25 13:30,BANKNIFTY.NSE.OPT.26Jun2025.52900.CALL,CALL,52900,26-Jun-25,2830.3546088536673,3083.3203031175503,2818.284137068586,34,11,28.95537788591253,5.194551669430549,2098,8418,,,,-1.898803481
6/18/25 13:30,BANKNIFTY.NSE.OPT.26Jun2025.53000.CALL,CALL,53000,26-Jun-25,2902.1985734919153,2903.1033695125543,2846.3309500552145,1048,4173,21.591217095624053,-0.894129699,7838,3689,,,,-1.425527157
6/18/25 13:30,BANKNIFTY.NSE.OPT.26Jun2025.53100.CALL,CALL,53100,26-Jun-25,2767.7762069020673,2950.300973594527,2648.267139029252,44,104,27.277901044937014,9.762119625343747,7883,4785,,,,0.497552958
6/18/25 13:30,BANKNIFTY.NSE.OPT.26Jun2025.53200.CALL,CALL,53200,26-Jun-25,2601.853378411586,2785.924996821788,2780.5874789009954,51,19,19.362123627929435,-4.791597728,9435,2563,,,,-1.876472115
6/18/25 13:30,BANKNIFTY.NSE.OPT.26Jun2025.53300.CALL,CALL,53300,26-Jun-25,2552.778812201496,2707.979564150927,2703.0571598880483,73,77,19.591168723059894,0.29318493681546975,1287,1023,,,,-1.524533217
6/18/25 13:30,BANKNIFTY.NSE.OPT.26Jun2025.53400.CALL,CALL,53400,26-Jun-25,2439.067569275429,2603.126689217013,2671.7876304139663,28,31,22.663652339477615,8.765415497569272,6762,2262,,,,-0.028346769
6/18/25 13:30,BANKNIFTY.NSE.OPT.26Jun2025.53500.CALL,CALL,53500,26-Jun-25,2358.802570541075,2501.8433732188923,2423.6174365846964,109,1640,16.175483352251334,4.819997741818483,1398,7301,,,,0.9649951089418343
6/18/25 13:30,BANKNIFTY.NSE.OPT.26Jun2025.53600.CALL,CALL,53600,26-Jun-25,2299.768807020511,2383.8171283432775,2193.7396900399376,2,74,17.670538479590768,-4.030923534,8660,7035,,,,-1.246815555
6/18/25 13:30,BANKNIFTY.NSE.OPT.26Jun2025.53700.CALL,CALL,53700,26-Jun-25,2113.2012436075797,2303.6648217373922,2276.1436068933663,97,89,26.043419093743303,-6.525117228,3491,3757,,,,0.5677662289013945
6/18/25 13:30,BANKNIFTY.NSE.OPT.26Jun2025.53800.CALL,CALL,53800,26-Jun-25,2083.2146304232238,2254.608142732412,2111.212561292861,104,52,28.024712962948577,-8.845139898,6297,2029,,,,0.7163229849074022
6/18/25 13:30,BANKNIFTY.NSE.OPT.26Jun2025.53900.CALL,CALL,53900,26-Jun-25,1973.7333702602086,2147.5765447242566,2029.8580973291348,64,71,22.894156150002765,-1.465471534,9577,4101,,,,-1.42661186
6/18/25 13:30,BANKNIFTY.NSE.OPT.26Jun2025.54000.CALL,CALL,54000,26-Jun-25,1966.014183,1968.029948766408,2010.8460951524387,931,6630,31.221339078277076,4.014851144169665,2773,6587,,,,-0.024327024
6/18/25 13:30,BANKNIFTY.NSE.OPT.26Jun2025.54100.CALL,CALL,54100,26-Jun-25,1775.2724781234374,1945.7567017856568,1861.833938338261,31,144,33.47374898446699,-2.592656837,6200,7491,,,,1.2179752193599702
6/18/25 13:30,BANKNIFTY.NSE.OPT.26Jun2025.54200.CALL,CALL,54200,26-Jun-25,1760.9560782991227,1873.2473271308445,1727.5385639725062,33,70,31.434555262578236,7.834737689201276,1332,2883,,,,0.7921822447046312
6/18/25 13:30,BANKNIFTY.NSE.OPT.26Jun2025.54300.CALL,CALL,54300,26-Jun-25,1582.8052892636013,1823.1498352583305,1683.102964457426,33,105,16.532247476945955,-5.12258929,9951,5960,,,,-0.054182898
6/18/25 13:30,BANKNIFTY.NSE.OPT.26Jun2025.54400.CALL,CALL,54400,26-Jun-25,1567.297495117302,1643.8245692023006,1543.2612335646381,103,120,30.953626892881005,-2.484641502,1143,2775,,,,0.037440679
6/18/25 13:30,BANKNIFTY.NSE.OPT.26Jun2025.54500.CALL,CALL,54500,26-Jun-25,1480.827200978826,1508.6899491025877,1522.7362121473648,1285,2176,19.94440749270258,1.874500973,1188,5353,,,,-0.508922387
6/18/25 13:30,BANKNIFTY.NSE.OPT.26Jun2025.54600.CALL,CALL,54600,26-Jun-25,1381.2314057738715,1421.401051096002,1461.191397868078,177,492,23.566100227026894,5.434623378261676,8616,5674,,,,1.1724229438097566
6/18/25 13:30,BANKNIFTY.NSE.OPT.26Jun2025.54700.CALL,CALL,54700,26-Jun-25,1294.497771745365,1327.1798123994633,1345.4954777934104,178,258,26.161796772273686,1.7402369566059264,4152,5449,,,,-1.498774545
6/18/25 13:30,BANKNIFTY.NSE.OPT.26Jun2025.54800.CALL,CALL,54800,26-Jun-25,1245.578241458742,1238.428163386268,1268.2614010009138,309,430,29.847190324099493,-2.587392706,3650,8356,,,,-1.974292662
6/18/25 13:30,BANKNIFTY.NSE.OPT.26Jun2025.54900.CALL,CALL,54900,26-Jun-25,1141.3379488106364,1159.5636713160998,1184.785642768081,445,442,31.16275123883581,5.868234347837902,9276,5112,,,,-0.255147025
6/18/25 13:30,BANKNIFTY.NSE.OPT.26Jun2025.55000.CALL,CALL,55000,26-Jun-25,1078.9900212861994,1085.2558029737754,1092.798948549486,18347,16894,15.786023143996985,6.066117758658432,5837,6357,,,,0.920047944
6/18/25 13:30,BANKNIFTY.NSE.OPT.26Jun2025.55100.CALL,CALL,55100,26-Jun-25,1001.2597068249866,1027.1361997190043,994.4050183,1389,535,30.968043553752338,-9.56815012,3558,8134,,,,-0.564746642
6/18/25 13:30,BANKNIFTY.NSE.OPT.26Jun2025.55200.CALL,CALL,55200,26-Jun-25,908.1278289120779,939.3562694601933,963.9133145190418,3942,1373,15.394248324464838,9.563355750708283,3757,5769,,,,-0.825871585
6/18/25 13:30,BANKNIFTY.NSE.OPT.26Jun2025.55300.CALL,CALL,55300,26-Jun-25,869.7748502307888,879.3606625657314,852.9564810758737,7176,1529,19.295328923522952,0.9542235594046424,2345,1624,,,,0.26752581446758317
6/18/25 13:30,BANKNIFTY.NSE.OPT.26Jun2025.55400.CALL,CALL,55400,26-Jun-25,788.1688701204595,781.1593161525046,764.8278349662546,11564,2416,20.69721707771771,6.863150741514946,3110,6179,,,,1.997077068490814
6/18/25 13:30,BANKNIFTY.NSE.OPT.26Jun2025.55500.CALL,CALL,55500,26-Jun-25,704.1904407108937,723.5573459202105,723.6176249216418,100605,19142,23.34254668741925,-3.708754415,3809,4265,,,,-1.928787997
6/18/25 13:30,BANKNIFTY.NSE.OPT.26Jun2025.55600.CALL,CALL,55600,26-Jun-25,659.4210185026344,654.9642464526082,634.3399367344593,72152,6073,24.116487283866633,-9.048015304,6637,8381,,,,0.22377408584187508
6/18/25 13:30,BANKNIFTY.NSE.OPT.26Jun2025.55700.CALL,CALL,55700,26-Jun-25,589.7643996633063,586.9413681355599,595.2081642132439,152200,7214,21.00204591467928,5.220376345990754,8930,2753,,,,-1.676145786
6/18/25 13:30,BANKNIFTY.NSE.OPT.26Jun2025.55800.CALL,CALL,55800,26-Jun-25,539.9762054216926,523.0299716309714,541.2708144765728,191922,15822,23.620664582078355,2.9217482693485497,6725,2995,,,,0.006516551
6/18/25 13:30,BANKNIFTY.NSE.OPT.26Jun2025.55900.CALL,CALL,55900,26-Jun-25,471.45179864901695,486.5943951773011,470.9939520666535,134335,11592,17.973653187699494,-0.909774329,2888,2051,,,,1.356496858558907
6/18/25 13:30,BANKNIFTY.NSE.OPT.26Jun2025.56000.CALL,CALL,56000,26-Jun-25,428.06760325728004,433.75192889569314,425.10928966673424,278552,84571,27.889182042450216,-5.892912118,8867,6728,,,,1.4838282326749477
6/18/25 13:30,BANKNIFTY.NSE.OPT.26Jun2025.56100.CALL,CALL,56100,26-Jun-25,374.32838850788045,377.4522137712144,389.1484757081281,46570,6769,23.026280472438106,-8.770533266,6027,9729,,,,0.060264551
6/18/25 13:30,BANKNIFTY.NSE.OPT.26Jun2025.56200.CALL,CALL,56200,26-Jun-25,340.0683270374123,332.3729197519544,343.3605275266153,47300,8253,29.49690221117772,-6.279219778,6357,9696,,,,-0.415386427
6/18/25 13:30,BANKNIFTY.NSE.OPT.26Jun2025.56300.CALL,CALL,56300,26-Jun-25,297.50843849950525,295.0859373528666,291.35063098691757,36293,7340,34.04301513991847,-5.800537457,3463,3122,,,,-0.656993083
6/18/25 13:30,BANKNIFTY.NSE.OPT.26Jun2025.56400.CALL,CALL,56400,26-Jun-25,262.2461805161055,262.3906733625241,264.42952818210324,32460,6242,26.684367427743588,7.051248624,7000,2538,,,,-1.443933255
6/18/25 13:30,BANKNIFTY.NSE.OPT.26Jun2025.56500.CALL,CALL,56500,26-Jun-25,231.57665357087834,229.78512614710553,239.23383393356056,112199,39312,32.901967121409996,5.936881977185376,2634,1628,,,,1.6134980993706383
6/18/25 13:30,BANKNIFTY.NSE.OPT.26Jun2025.56600.CALL,CALL,56600,26-Jun-25,204.7270867942816,205.91063800439727,198.66779135078374,32295,11771,17.81350490908591,-0.592704112,9621,1506,,,,-1.96809249
6/18/25 13:30,BANKNIFTY.NSE.OPT.26Jun2025.56700.CALL,CALL,56700,26-Jun-25,176.83590557153843,180.30773718355672,183.4923784265328,30286,9569,26.405831756071215,-9.024347098,9081,4648,,,,1.4301643902885979
6/18/25 13:30,BANKNIFTY.NSE.OPT.26Jun2025.56800.CALL,CALL,56800,26-Jun-25,156.0769489644661,155.94329343927654,153.06632171210882,27759,11831,32.70589820711584,-6.326599323,2206,6063,,,,0.8147967113069696
6/18/25 13:30,BANKNIFTY.NSE.OPT.26Jun2025.56900.CALL,CALL,56900,26-Jun-25,137.97714822755648,136.48873563111425,141.09140651100742,20590,11370,17.88557557053383,-1.072062503,9849,2897,,,,1.0226161852219002
6/18/25 13:30,BANKNIFTY.NSE.OPT.26Jun2025.57000.CALL,CALL,57000,26-Jun-25,119.9815104229662,118.46931014276834,117.18496998962848,114678,55774,15.891813664231321,9.848090255629014,6066,6059,,,,-0.093089769
6/18/25 13:30,BANKNIFTY.NSE.OPT.26Jun2025.57100.CALL,CALL,57100,26-Jun-25,100.35520281587134,105.95943932793466,106.75513705149788,15915,5626,24.94388792570083,-2.726110067,3429,1326,,,,-0.58795726
6/18/25 13:30,BANKNIFTY.NSE.OPT.26Jun2025.57200.CALL,CALL,57200,26-Jun-25,88.68280520153455,91.64300622941525,90.15397321045222,25261,5463,26.641738057203355,-9.222636534,6645,1559,,,,-1.652013401
6/18/25 13:30,BANKNIFTY.NSE.OPT.26Jun2025.57300.CALL,CALL,57300,26-Jun-25,76.19089279426933,80.77994253916206,80.76378253136504,16704,4882,23.342788305789675,5.042196265,4081,1842,,,,-1.860719945
6/18/25 13:30,BANKNIFTY.NSE.OPT.26Jun2025.57400.CALL,CALL,57400,26-Jun-25,66.06799142570098,69.92636125346803,64.50400929704087,17569,4505,16.182903336321257,3.9844986909478504,2973,5475,,,,-0.624917148
6/18/25 13:30,BANKNIFTY.NSE.OPT.26Jun2025.57500.CALL,CALL,57500,26-Jun-25,57.27209088384356,60.824267214279054,59.38051593561274,93013,35685,19.475059369677297,-3.300005829,1586,3646,,,,-0.564332829
6/18/25 13:30,BANKNIFTY.NSE.OPT.26Jun2025.57600.CALL,CALL,57600,26-Jun-25,49.73607450740506,52.319592340057156,52.11292312810777,14674,4556,32.16803496884191,9.767478989265403,3666,8696,,,,-1.827956958
6/18/25 13:30,BANKNIFTY.NSE.OPT.26Jun2025.57700.CALL,CALL,57700,26-Jun-25,45.545751389306716,46.273222316077536,45.550982722161805,12887,3936,18.97571472477762,0.595270577,5083,5692,,,,-0.321739187
6/18/25 13:30,BANKNIFTY.NSE.OPT.26Jun2025.57800.CALL,CALL,57800,26-Jun-25,39.256488487291115,40.82233907678442,40.26597341744274,20109,4750,15.157673983549575,-0.334105684,9382,3055,,,,0.071140548
6/18/25 13:30,BANKNIFTY.NSE.OPT.26Jun2025.57900.CALL,CALL,57900,26-Jun-25,34.109307799732655,35.51095488945074,35.48683768606491,8660,2632,22.750145910861626,4.8311146303727135,6640,9746,,,,0.6153208131845171
6/18/25 13:30,BANKNIFTY.NSE.OPT.26Jun2025.58000.CALL,CALL,58000,26-Jun-25,29.587964358022628,30.748912657922173,29.597161069849726,85461,40395,30.49189366518188,6.000185828435388,6489,9297,,,,-0.246207363
6/18/25 13:30,BANKNIFTY.NSE.OPT.26Jun2025.58100.CALL,CALL,58100,26-Jun-25,26.036848071497563,27.246351429827993,27.94629732,9228,3043,18.29315167117647,-6.710140775,2855,5660,,,,0.8201366209162289
6/18/25 13:30,BANKNIFTY.NSE.OPT.26Jun2025.58200.CALL,CALL,58200,26-Jun-25,23.89293529545669,24.829357589157794,24.162484806910072,14737,4235,29.06012640899459,-9.361115846,7812,8435,,,,-1.70726222
6/18/25 13:30,BANKNIFTY.NSE.OPT.26Jun2025.58300.CALL,CALL,58300,26-Jun-25,21.200355701841506,21.918951726072812,20.753025943749737,10180,4093,24.485960208402613,5.825479264354938,9102,1489,,,,0.9622934950670445
6/18/25 13:30,BANKNIFTY.NSE.OPT.26Jun2025.58400.CALL,CALL,58400,26-Jun-25,19.528094930878783,19.98016691658094,19.54027268142379,10131,2331,34.66661569205395,9.788607866992017,2707,9905,,,,0.27996617506987276
6/18/25 13:30,BANKNIFTY.NSE.OPT.26Jun2025.58500.CALL,CALL,58500,26-Jun-25,16.079166096164254,17.797469533293334,16.19018259114537,54235,30783,28.199825156435935,6.656983348767415,8754,4766,,,,1.4044423686079468
6/18/25 13:30,BANKNIFTY.NSE.OPT.26Jun2025.58600.CALL,CALL,58600,26-Jun-25,14.580078103306118,15.849607923275224,15.494229973751457,6602,2797,32.33708556725792,-7.983652055,2312,8983,,,,1.6326589557275586
6/18/25 13:30,BANKNIFTY.NSE.OPT.26Jun2025.58700.CALL,CALL,58700,26-Jun-25,13.754391968193996,14.567822706430466,13.655568753711625,12683,1927,31.78947857386897,1.266953291,1682,1760,,,,-0.087581318
6/18/25 13:30,BANKNIFTY.NSE.OPT.26Jun2025.58800.CALL,CALL,58800,26-Jun-25,11.636282334048673,12.645544439076389,12.497541929750177,8440,4071,22.211032672233078,0.7562483415354198,3288,2575,,,,0.20536602996683806
6/18/25 13:30,BANKNIFTY.NSE.OPT.26Jun2025.58900.CALL,CALL,58900,26-Jun-25,11.250240621571864,11.533589740361277,11.831292703541234,8847,4330,21.696579325958968,-7.305706266,4464,6904,,,,-1.313184948
6/18/25 13:30,BANKNIFTY.NSE.OPT.26Jun2025.59000.CALL,CALL,59000,26-Jun-25,10.348182113482222,10.654564899549586,10.611993154916359,70950,51804,28.097777267087924,-1.245847826,9729,9602,,,,-0.74497661
6/18/25 13:30,BANKNIFTY.NSE.OPT.26Jun2025.59100.CALL,CALL,59100,26-Jun-25,9.726551550114882,10.052280506951599,10.001939590441436,5905,1856,28.913760111802656,4.9398618304207975,5242,2157,,,,0.052021882
6/18/25 13:30,BANKNIFTY.NSE.OPT.26Jun2025.59200.CALL,CALL,59200,26-Jun-25,9.447305363093285,9.677586585,9.598806157583912,3247,1656,33.74039590541096,8.672532194659098,7733,4282,,,,-1.45116581
6/18/25 13:30,BANKNIFTY.NSE.OPT.26Jun2025.59300.CALL,CALL,59300,26-Jun-25,9.064990500619388,9.224571933971148,8.760751676009168,3523,1535,32.792944829365744,-4.055271008,5149,2900,,,,-0.13544369
6/18/25 13:30,BANKNIFTY.NSE.OPT.26Jun2025.59400.CALL,CALL,59400,26-Jun-25,8.536626934,9.327798412851179,8.754641429118706,1421,1450,26.49031668906146,0.13564714159122104,1640,4780,,,,-0.658880073
6/18/25 13:30,BANKNIFTY.NSE.OPT.26Jun2025.59500.CALL,CALL,59500,26-Jun-25,7.650670772084494,8.163303039826992,7.887349860700366,35660,32403,20.890115944216273,-7.357675109,1629,9292,,,,1.5415195411368936
6/18/25 13:30,BANKNIFTY.NSE.OPT.26Jun2025.59600.CALL,CALL,59600,26-Jun-25,7.742353336592482,7.850258906200721,7.650149499052676,1794,1782,15.081351987011686,3.2892057110510002,3115,7607,,,,-0.003089937
6/18/25 13:30,BANKNIFTY.NSE.OPT.26Jun2025.59700.CALL,CALL,59700,26-Jun-25,7.1555402682800455,7.780164346622221,7.449508549050372,3416,6657,17.049835254391915,-8.178079691,9327,9207,,,,-1.998223562
6/18/25 13:30,BANKNIFTY.NSE.OPT.26Jun2025.59800.CALL,CALL,59800,26-Jun-25,7.086708092865601,7.795053151911252,7.059583612739525,1432,1955,23.545504136615037,-7.623868715,4296,1063,,,,-0.529420064
6/18/25 13:30,BANKNIFTY.NSE.OPT.26Jun2025.59900.CALL,CALL,59900,26-Jun-25,7.268824475,7.810900775675514,7.1023781174333935,1969,1625,29.40024193981459,0.9857955691032991,3789,4430,,,,-0.25030185
6/18/25 13:30,BANKNIFTY.NSE.OPT.26Jun2025.60000.CALL,CALL,60000,26-Jun-25,6.633311371824984,6.8420842916244835,6.635861801,40714,48288,34.83205800245078,-0.462931028,4865,2723,,,,0.9282288867077884
6/18/25 13:30,BANKNIFTY.NSE.OPT.26Jun2025.60100.CALL,CALL,60100,26-Jun-25,6.756246649102501,7.0622282969850705,6.819910242125038,1197,1523,17.075732128158535,5.854963296493432,6274,1569,,,,0.050940427
6/18/25 13:30,BANKNIFTY.NSE.OPT.26Jun2025.60200.CALL,CALL,60200,26-Jun-25,5.364740607954626,6.290468252349027,6.311690111005312,2166,3331,25.253497773640266,9.253521876251561,6210,4491,,,,1.108621205228176
6/18/25 13:30,BANKNIFTY.NSE.OPT.26Jun2025.60300.CALL,CALL,60300,26-Jun-25,6.287344158082461,6.807186875673765,6.430371351827952,1864,1694,16.831234395690135,3.553433456431197,1584,2585,,,,1.565409323471585
6/18/25 13:30,BANKNIFTY.NSE.OPT.26Jun2025.60400.CALL,CALL,60400,26-Jun-25,6.269908272238017,7.839957679778098,6.841976814,731,1030,30.516381403815846,-8.553660866,4048,2676,,,,0.9581828107507611
6/18/25 13:30,BANKNIFTY.NSE.OPT.26Jun2025.60500.CALL,CALL,60500,26-Jun-25,5.375489761291767,6.096433078520415,6.189604142683475,14745,17447,34.49714620519788,9.820760905822336,8434,8733,,,,0.772771293
6/18/25 13:30,BANKNIFTY.NSE.OPT.26Jun2025.60600.CALL,CALL,60600,26-Jun-25,4.949500477626332,6.911485286854444,7.202804011299005,1355,1450,24.066950362746873,3.0612318826128497,7593,6164,,,,1.1852840260343278
6/18/25 13:30,BANKNIFTY.NSE.OPT.26Jun2025.60700.CALL,CALL,60700,26-Jun-25,5.834743149845896,7.0580389626789914,6.1086153819187565,863,869,21.98747512845069,9.913704396693074,3449,4316,,,,1.0177638099990611
6/18/25 13:30,BANKNIFTY.NSE.OPT.26Jun2025.60800.CALL,CALL,60800,26-Jun-25,5.091631894495716,6.450071086500417,5.719019443109362,537,799,34.47248981318621,9.460240248464544,7671,1375,,,,-1.299682629
6/18/25 13:30,BANKNIFTY.NSE.OPT.26Jun2025.60900.CALL,CALL,60900,26-Jun-25,5.360097070094759,6.042505587241684,5.779970845630158,1059,1009,23.510769511505373,-1.562466982,9605,3522,,,,-1.897391971
6/18/25 13:30,BANKNIFTY.NSE.OPT.26Jun2025.61000.CALL,CALL,61000,26-Jun-25,5.272459089289245,5.332558502183683,5.394881513239759,30267,29329,23.632235813674708,2.9388530161916258,6068,1011,,,,0.7706947501074435
6/18/25 13:30,BANKNIFTY.NSE.OPT.26Jun2025.61100.CALL,CALL,61100,26-Jun-25,4.298968475588944,7.344356898581339,5.326928255289395,419,245,17.350077574826535,7.324900641182822,4221,2365,,,,1.3208976437980433
6/18/25 13:30,BANKNIFTY.NSE.OPT.26Jun2025.61200.CALL,CALL,61200,26-Jun-25,5.418428640935602,7.568421034218241,5.228355943204441,277,239,28.178014689956466,-4.955387651,7119,8469,,,,-1.275382083
6/18/25 13:30,BANKNIFTY.NSE.OPT.26Jun2025.61300.CALL,CALL,61300,26-Jun-25,4.025125781750415,6.864667168563051,5.409058092955007,339,129,31.74362171860754,-1.198530511,9141,4900,,,,0.3780683779490901
6/18/25 13:30,BANKNIFTY.NSE.OPT.26Jun2025.61400.CALL,CALL,61400,26-Jun-25,4.058878360731811,5.374295532222804,5.332395823627934,964,455,30.028039055004214,7.272077137250761,5127,7334,,,,0.6084858633330992
6/18/25 13:30,BANKNIFTY.NSE.OPT.26Jun2025.61500.CALL,CALL,61500,26-Jun-25,4.559984287276071,5.501734208222537,5.346874230144913,5689,7106,33.46130651122931,5.830337486828954,2581,5810,,,,-1.110758641
6/18/25 13:30,BANKNIFTY.NSE.OPT.26Jun2025.61600.CALL,CALL,61600,26-Jun-25,4.972258989544236,5.916755591870261,5.163200559851995,1248,607,17.946393622464267,7.907356432754575,1634,4913,,,,-1.337513681
6/18/25 13:30,BANKNIFTY.NSE.OPT.26Jun2025.61700.CALL,CALL,61700,26-Jun-25,4.1026787001840175,5.683033362342776,5.777049353,156,176,31.61235665209925,0.20316370877354828,9756,6678,,,,-0.524874356
6/18/25 13:30,BANKNIFTY.NSE.OPT.26Jun2025.61800.CALL,CALL,61800,26-Jun-25,4.230550812483657,6.746381209,4.905401005956237,562,208,18.15318817107257,-8.997590164,4055,6268,,,,0.7450525678783411
6/18/25 13:30,BANKNIFTY.NSE.OPT.26Jun2025.62000.CALL,CALL,62000,26-Jun-25,4.610405478757082,4.8824613404663815,4.576932459481247,10116,14008,22.061396873308297,-4.393299227,1767,4345,,,,-0.011567718
6/18/25 13:30,BANKNIFTY.NSE.OPT.26Jun2025.62500.CALL,CALL,62500,26-Jun-25,4.586745010574742,4.723307995776113,4.8509025296217025,6680,7745,29.832340145136307,7.094420815551338,4171,5697,,,,-0.176803121
6/18/25 13:30,BANKNIFTY.NSE.OPT.26Jun2025.63000.CALL,CALL,63000,26-Jun-25,4.271440554647154,4.691182597222313,4.458825281,9819,29463,19.04526709379845,-4.596519443,5467,2508,,,,-0.62047512
6/18/25 13:30,BANKNIFTY.NSE.OPT.26Jun2025.63500.CALL,CALL,63500,26-Jun-25,3.8835734806788857,4.055980302666837,3.772930821899459,7306,10318,25.311677252814786,-3.04064522,7604,8932,,,,-1.976180147
6/18/25 13:30,BANKNIFTY.NSE.OPT.26Jun2025.64000.CALL,CALL,64000,26-Jun-25,3.7736415433641746,4.07375905,4.032212584686305,7342,8536,20.21682186247861,-1.81742623,5988,1173,,,,1.1520479076109251
6/18/25 13:30,BANKNIFTY.NSE.OPT.26Jun2025.64500.CALL,CALL,64500,26-Jun-25,3.8516986050438238,3.861947383996562,3.8616019006275333,23184,25386,27.46706444345245,0.32863916160848916,5004,5913,,,,-0.101136725
6/18/25 13:45,BANKNIFTY.NSE.OPT.26Jun2025.40500.CALL,CALL,40500,26-Jun-25,14923.293956684409,15659.201664998378,14545.30701887303,61,4,32.04864813417433,-8.532337761,2142,7094,,,,-1.140447012
6/18/25 13:45,BANKNIFTY.NSE.OPT.26Jun2025.42000.CALL,CALL,42000,26-Jun-25,13064.492911460271,13944.36418263643,13459.965437842242,29,1,28.561935865691687,9.633884374356217,4662,9414,,,,-0.194179186
6/18/25 13:45,BANKNIFTY.NSE.OPT.26Jun2025.42500.CALL,CALL,42500,26-Jun-25,12831.274465212375,13537.522176678158,11114.35835187223,19,1,25.53790071,-3.193106072,7977,6749,,,,0.041703252
6/18/25 13:45,BANKNIFTY.NSE.OPT.26Jun2025.43000.CALL,CALL,43000,26-Jun-25,12507.300702943125,13085.08345626093,12863.48314248943,55,110,29.625208032218474,4.726380698641069,3300,7312,,,,-1.264975156
6/18/25 13:45,BANKNIFTY.NSE.OPT.26Jun2025.43500.CALL,CALL,43500,26-Jun-25,11910.83806395445,12288.916963870599,11690.83293901663,34,1,16.627990571962968,-0.974696111,1589,7299,,,,1.7199700662370598
6/18/25 13:45,BANKNIFTY.NSE.OPT.26Jun2025.44000.CALL,CALL,44000,26-Jun-25,11552.58610452826,12216.877066196588,11864.053994864582,26,39,15.062482580289263,-3.086646557,7319,2468,,,,-0.256909728
6/18/25 13:45,BANKNIFTY.NSE.OPT.26Jun2025.44500.CALL,CALL,44500,26-Jun-25,11012.715211481442,11716.515770788514,11288.054133455975,24,3,17.010482376042354,-2.841078019,1275,7124,,,,-1.297707513
6/18/25 13:45,BANKNIFTY.NSE.OPT.26Jun2025.44900.CALL,CALL,44900,26-Jun-25,10499.331498499474,11288.96357,9311.986694820982,32,1,32.56215581082421,8.161371663705886,5990,8811,,,,1.2395905087864953
6/18/25 13:45,BANKNIFTY.NSE.OPT.26Jun2025.45000.CALL,CALL,45000,26-Jun-25,10715.764545350909,10781.894405197329,10625.639896072922,83,1985,27.250932392876194,0.24876543461933842,8892,3040,,,,0.26381747151439683
6/18/25 13:45,BANKNIFTY.NSE.OPT.26Jun2025.45100.CALL,CALL,45100,26-Jun-25,10219.337747375748,10905.706367142995,9204.242515819169,52,2,19.051935650011877,-3.157689327,5832,5850,,,,-0.541302168
6/18/25 13:45,BANKNIFTY.NSE.OPT.26Jun2025.45200.CALL,CALL,45200,26-Jun-25,10008.170390924153,10869.338719001618,9062.972534616696,81,2,27.877012754330632,-8.257710296,9367,4795,,,,-0.912914939
6/18/25 13:45,BANKNIFTY.NSE.OPT.26Jun2025.45300.CALL,CALL,45300,26-Jun-25,10198.735629986835,10674.276465918538,8809.450603155556,30,3,27.259264183952375,7.154238530772062,6700,5909,,,,1.0802370549078684
6/18/25 13:45,BANKNIFTY.NSE.OPT.26Jun2025.45400.CALL,CALL,45400,26-Jun-25,10104.877937440971,10801.150492440702,8615.063734607244,97,3,23.33320340304662,8.438479429110085,5476,7969,,,,0.8302098985969626
6/18/25 13:45,BANKNIFTY.NSE.OPT.26Jun2025.45500.CALL,CALL,45500,26-Jun-25,9979.497735063524,10816.749748786182,5346.2989114783095,55,1,23.861335899319148,-9.559391633,7362,1811,,,,-1.599196927
6/18/25 13:45,BANKNIFTY.NSE.OPT.26Jun2025.45600.CALL,CALL,45600,26-Jun-25,9764.847597519612,10441.376171242555,8298.014688102072,82,4,21.350346584505026,-6.752105244,7118,8497,,,,-0.410801299
6/18/25 13:45,BANKNIFTY.NSE.OPT.26Jun2025.45700.CALL,CALL,45700,26-Jun-25,9825.942102602887,10284.283954671462,8239.084331,54,3,26.83856112968773,0.14512840011506967,6067,2485,,,,-0.6858938
6/18/25 13:45,BANKNIFTY.NSE.OPT.26Jun2025.45800.CALL,CALL,45800,26-Jun-25,9763.466661669854,10216.888596401734,8384.439686342745,92,3,31.49979526524582,-9.004817258,2331,1014,,,,0.5710862840660815
6/18/25 13:45,BANKNIFTY.NSE.OPT.26Jun2025.45900.CALL,CALL,45900,26-Jun-25,9467.731611,9944.561901927624,8026.719251805292,18,3,32.85967657544573,6.206100306634134,7880,3580,,,,-0.467514277
6/18/25 13:45,BANKNIFTY.NSE.OPT.26Jun2025.46000.CALL,CALL,46000,26-Jun-25,9831.077209728264,9898.590739,9559.328580687148,55,400,19.140787942321285,-4.22328648,5886,8545,,,,1.6435850153854066
6/18/25 13:45,BANKNIFTY.NSE.OPT.26Jun2025.46100.CALL,CALL,46100,26-Jun-25,9173.433928870763,10003.197741344411,7776.400484687867,16,4,20.717771863157314,-0.935133318,4097,9095,,,,1.0410966156500847
6/18/25 13:45,BANKNIFTY.NSE.OPT.26Jun2025.46200.CALL,CALL,46200,26-Jun-25,9068.042901379771,9647.992142171019,7877.563733713727,13,4,17.43459878400583,0.43946261644308926,8118,6760,,,,-1.322840108
6/18/25 13:45,BANKNIFTY.NSE.OPT.26Jun2025.46300.CALL,CALL,46300,26-Jun-25,9436.668786494678,9832.746400644692,9445.226444184747,37,10,32.460619752350794,6.659472453336093,7167,8984,,,,-1.44121048
6/18/25 13:45,BANKNIFTY.NSE.OPT.26Jun2025.46400.CALL,CALL,46400,26-Jun-25,8962.926604362767,9632.731302773556,7681.495298815068,65,3,18.712745186971283,-3.161896978,1606,9631,,,,-1.340612994
6/18/25 13:45,BANKNIFTY.NSE.OPT.26Jun2025.46500.CALL,CALL,46500,26-Jun-25,9087.863186405191,9286.167565287951,9298.424872,36,8,33.11873708528456,-9.054658496,5455,6451,,,,1.1586279568011473
6/18/25 13:45,BANKNIFTY.NSE.OPT.26Jun2025.46600.CALL,CALL,46600,26-Jun-25,9005.575833052853,9347.670738745817,4219.782618622642,69,0,28.001078314895786,2.172983543056384,7289,3256,,,,-0.14750359
6/18/25 13:45,BANKNIFTY.NSE.OPT.26Jun2025.46700.CALL,CALL,46700,26-Jun-25,8860.620778332863,9418.692543120522,4211.057092970393,59,0,25.991914316378722,-5.079175394,4570,7585,,,,-0.341078643
6/18/25 13:45,BANKNIFTY.NSE.OPT.26Jun2025.46800.CALL,CALL,46800,26-Jun-25,8487.609651640521,9399.461967258969,4225.976212632583,29,0,18.93657702483265,-5.648133757,3787,6718,,,,1.318839814906824
6/18/25 13:45,BANKNIFTY.NSE.OPT.26Jun2025.46900.CALL,CALL,46900,26-Jun-25,8572.069721732913,9122.753669094196,4137.3937707884625,37,2,24.791885749633614,9.923894527,7260,2977,,,,1.8612125413247487
6/18/25 13:45,BANKNIFTY.NSE.OPT.26Jun2025.47000.CALL,CALL,47000,26-Jun-25,8708.674432825019,8876.048956589011,8963.687658985073,70,366,18.463469526582358,-1.938913888,4232,9107,,,,-0.776430993
6/18/25 13:45,BANKNIFTY.NSE.OPT.26Jun2025.47100.CALL,CALL,47100,26-Jun-25,8463.627126273088,8808.021212,3950.6531764688557,39,5,22.719235331627317,1.0063834575858994,8119,2932,,,,1.9544477357923409
6/18/25 13:45,BANKNIFTY.NSE.OPT.26Jun2025.47200.CALL,CALL,47200,26-Jun-25,8178.359371484004,8855.514171318806,8251.790453543026,47,2,18.621886849267927,-5.308812602,2265,5732,,,,-0.046677674
6/18/25 13:45,BANKNIFTY.NSE.OPT.26Jun2025.47300.CALL,CALL,47300,26-Jun-25,8365.672768182774,8606.508328360776,8644.498843293895,16,4,34.99352189689857,-6.362214796,4086,3300,,,,-1.435659177
6/18/25 13:45,BANKNIFTY.NSE.OPT.26Jun2025.47400.CALL,CALL,47400,26-Jun-25,8161.661003839482,8721.381434726121,7201.710906502316,88,1,34.87423195960852,7.757941906773777,6371,3354,,,,-0.411753502
6/18/25 13:45,BANKNIFTY.NSE.OPT.26Jun2025.47500.CALL,CALL,47500,26-Jun-25,8123.888601177984,8508.216685,9671.884572451318,91,4,34.80017236020923,0.925115855,1724,3334,,,,-0.664749642
6/18/25 13:45,BANKNIFTY.NSE.OPT.26Jun2025.47600.CALL,CALL,47600,26-Jun-25,7843.221756440058,8376.114648698724,4836.171904410525,97,1,32.704266142894646,0.5321544952502943,4103,9846,,,,-1.439773139
6/18/25 13:45,BANKNIFTY.NSE.OPT.26Jun2025.47700.CALL,CALL,47700,26-Jun-25,7898.538879940872,8334.320181888848,4609.50336,89,2,30.82929049757958,4.968594541823208,2945,3924,,,,-0.179732862
6/18/25 13:45,BANKNIFTY.NSE.OPT.26Jun2025.47800.CALL,CALL,47800,26-Jun-25,7776.688289328962,8206.059816924253,4602.174303087607,42,2,25.42240998022617,6.745705213188199,9279,6756,,,,-1.909633537
6/18/25 13:45,BANKNIFTY.NSE.OPT.26Jun2025.47900.CALL,CALL,47900,26-Jun-25,7578.328225688976,8249.794513626282,4517.328118816024,90,1,30.54209853674459,-3.498526089,6453,1148,,,,-1.648157105
6/18/25 13:45,BANKNIFTY.NSE.OPT.26Jun2025.48000.CALL,CALL,48000,26-Jun-25,7669.3543013665685,8035.301427986354,7670.279419544487,62,804,30.931297880596016,-7.640847683,9168,6358,,,,-1.276998908
6/18/25 13:45,BANKNIFTY.NSE.OPT.26Jun2025.48100.CALL,CALL,48100,26-Jun-25,7457.703884789758,7917.308036816112,4416.819626146189,31,2,18.110222652761625,9.148566667329835,3377,9491,,,,0.7208839010856178
6/18/25 13:45,BANKNIFTY.NSE.OPT.26Jun2025.48200.CALL,CALL,48200,26-Jun-25,7238.014951064633,7711.997388431167,4168.611693905324,94,2,33.45987789841064,3.0955680669228958,8457,7412,,,,-1.477713715
6/18/25 13:45,BANKNIFTY.NSE.OPT.26Jun2025.48300.CALL,CALL,48300,26-Jun-25,7309.056416219104,7743.722908841403,7472.101360271628,39,2,34.533690551833914,-4.744874886,1603,2924,,,,1.3649391031873819
6/18/25 13:45,BANKNIFTY.NSE.OPT.26Jun2025.48400.CALL,CALL,48400,26-Jun-25,7369.817239437383,7749.876171154349,7696.7426507147175,22,2,16.143543257615335,5.851304940858455,9168,6024,,,,-0.130533716
6/18/25 13:45,BANKNIFTY.NSE.OPT.26Jun2025.48500.CALL,CALL,48500,26-Jun-25,7303.9645061691535,7436.351333723591,7459.830732700627,28,40,23.55209623148662,-4.621818786,1964,9074,,,,-1.542986188
6/18/25 13:45,BANKNIFTY.NSE.OPT.26Jun2025.48600.CALL,CALL,48600,26-Jun-25,6922.912464241568,7347.585031299237,7124.756253138896,9,3,34.48527000767051,-8.957799815,3247,1027,,,,0.6303762115788549
6/18/25 13:45,BANKNIFTY.NSE.OPT.26Jun2025.48700.CALL,CALL,48700,26-Jun-25,6897.325035175139,7510.7613104805305,6968.623189172599,57,4,30.933703644146796,8.777566128841269,8107,6798,,,,-0.952475513
6/18/25 13:45,BANKNIFTY.NSE.OPT.26Jun2025.48800.CALL,CALL,48800,26-Jun-25,6911.410403269354,7092.135621637065,6875.876300030778,14,5,34.13063436,0.1493005632533304,8696,8383,,,,-0.134825633
6/18/25 13:45,BANKNIFTY.NSE.OPT.26Jun2025.48900.CALL,CALL,48900,26-Jun-25,6643.986232464646,7117.607974013966,7092.949607753744,48,1,18.466962511376103,-9.775535754,4408,8996,,,,1.9428803901486669
6/18/25 13:45,BANKNIFTY.NSE.OPT.26Jun2025.49000.CALL,CALL,49000,26-Jun-25,6842.636532613473,6834.787656118495,6881.960205731252,152,1817,28.760467904136064,8.065322162459477,4605,6046,,,,-1.183798597
6/18/25 13:45,BANKNIFTY.NSE.OPT.26Jun2025.49100.CALL,CALL,49100,26-Jun-25,6328.293715773195,6903.709776,6465.477432453896,69,1,23.910488938283635,9.830329514729673,3398,5095,,,,-0.091946304
6/18/25 13:45,BANKNIFTY.NSE.OPT.26Jun2025.49200.CALL,CALL,49200,26-Jun-25,6589.159360866322,6736.112705545415,6609.237012,10,15,23.868161566510814,-1.165948728,3725,1576,,,,0.9718738091688888
6/18/25 13:45,BANKNIFTY.NSE.OPT.26Jun2025.49300.CALL,CALL,49300,26-Jun-25,5943.246079767771,6808.3190574509745,6492.545254,29,33,33.01687511135002,-1.359260907,8254,6669,,,,-0.67802979
6/18/25 13:45,BANKNIFTY.NSE.OPT.26Jun2025.49400.CALL,CALL,49400,26-Jun-25,6095.986017283241,6724.2688856935365,6466.806618,98,1,29.936796705361623,-9.207488473,7782,8136,,,,-1.020173161
6/18/25 13:45,BANKNIFTY.NSE.OPT.26Jun2025.49500.CALL,CALL,49500,26-Jun-25,6218.928945902754,6444.623538,6175.489058678108,101,427,31.068472903170914,9.577944669744639,9347,6447,,,,1.4453682363815021
6/18/25 13:45,BANKNIFTY.NSE.OPT.26Jun2025.49600.CALL,CALL,49600,26-Jun-25,6062.892019374682,6350.607895490826,6788.076186060764,23,2,16.78778639803281,9.208006581775983,2599,2650,,,,1.8154938107840977
6/18/25 13:45,BANKNIFTY.NSE.OPT.26Jun2025.49700.CALL,CALL,49700,26-Jun-25,5739.535760689876,6475.111474495921,6220.575581855356,98,1,16.84156765502935,0.5802829712797415,4515,4088,,,,-1.026784859
6/18/25 13:45,BANKNIFTY.NSE.OPT.26Jun2025.49800.CALL,CALL,49800,26-Jun-25,5560.937333134353,6148.2178896569485,5777.434615094169,17,64,17.04663585379906,-8.704625318,9528,8114,,,,0.8031730002715824
6/18/25 13:45,BANKNIFTY.NSE.OPT.26Jun2025.49900.CALL,CALL,49900,26-Jun-25,5759.614438472597,6205.914577473969,6126.599743221962,66,1,16.785507096904006,-8.67960059,6961,4232,,,,-0.253085479
6/18/25 13:45,BANKNIFTY.NSE.OPT.26Jun2025.50000.CALL,CALL,50000,26-Jun-25,5714.021062310596,5885.729867150363,6046.332866186835,121,5653,21.944026552334286,-2.215618946,3575,2739,,,,0.6193416564110672
6/18/25 13:45,BANKNIFTY.NSE.OPT.26Jun2025.50100.CALL,CALL,50100,26-Jun-25,5605.688354,5846.327016004135,5752.955503516778,79,6,33.700617649412905,-8.525492016,6149,3318,,,,-1.653983384
6/18/25 13:45,BANKNIFTY.NSE.OPT.26Jun2025.50200.CALL,CALL,50200,26-Jun-25,5575.025376466005,5742.576988470127,5357.375698746397,17,22,21.758563118549485,-4.649112645,8921,6531,,,,1.3927271020149785
6/18/25 13:45,BANKNIFTY.NSE.OPT.26Jun2025.50300.CALL,CALL,50300,26-Jun-25,5481.890129353252,5722.524934551823,5206.695424201967,70,13,26.456375195117943,-9.489521561,7302,7955,,,,0.3186929643903973
6/18/25 13:45,BANKNIFTY.NSE.OPT.26Jun2025.50400.CALL,CALL,50400,26-Jun-25,5350.356485,5603.949216173072,5235.437153415648,38,38,22.717265037617796,-0.670711652,6946,3893,,,,-1.776333282
6/18/25 13:45,BANKNIFTY.NSE.OPT.26Jun2025.50500.CALL,CALL,50500,26-Jun-25,5266.042796991531,5424.199309192049,5682.8810781847515,25,265,16.153962356250588,4.647545294376469,6198,3772,,,,-1.058969099
6/18/25 13:45,BANKNIFTY.NSE.OPT.26Jun2025.50600.CALL,CALL,50600,26-Jun-25,5052.165443625562,5377.458826746709,5042.082460697118,87,48,25.54471537934529,0.19251157397017948,4906,6010,,,,-1.171468441
6/18/25 13:45,BANKNIFTY.NSE.OPT.26Jun2025.50700.CALL,CALL,50700,26-Jun-25,5118.186467031825,5262.878322145949,4949.181493996361,74,15,17.791948608379442,-7.92346035,3171,5263,,,,-0.697620798
6/18/25 13:45,BANKNIFTY.NSE.OPT.26Jun2025.50800.CALL,CALL,50800,26-Jun-25,4953.537588772231,5166.278205463754,5094.398984,96,18,15.189211973396164,9.365362478808908,4438,7854,,,,1.662817475004089
6/18/25 13:45,BANKNIFTY.NSE.OPT.26Jun2025.50900.CALL,CALL,50900,26-Jun-25,4819.257581957466,5079.036447716717,4832.565024436791,38,25,17.70617025097708,6.215283324569917,9277,3880,,,,-0.834775865
6/18/25 13:45,BANKNIFTY.NSE.OPT.26Jun2025.51000.CALL,CALL,51000,26-Jun-25,4873.511372690526,4887.823288312273,4920.692338085862,131,2600,28.413579036600503,-8.086263395,6267,4115,,,,-0.234078734
6/18/25 13:45,BANKNIFTY.NSE.OPT.26Jun2025.51100.CALL,CALL,51100,26-Jun-25,4628.674512940793,4860.403164902306,4675.995516859402,3,36,25.335855884686623,8.951224086814069,5898,4204,,,,-1.538280956
6/18/25 13:45,BANKNIFTY.NSE.OPT.26Jun2025.51200.CALL,CALL,51200,26-Jun-25,4562.8109373419975,4814.496330622276,4030.8014252572502,49,33,26.62097974122079,-5.638416223,9000,7542,,,,-0.229861351
6/18/25 13:45,BANKNIFTY.NSE.OPT.26Jun2025.51300.CALL,CALL,51300,26-Jun-25,4540.156369631287,4815.798240567334,4565.180981669652,96,23,31.84996794123379,-7.123611195,6553,9182,,,,-1.247590829
6/18/25 13:45,BANKNIFTY.NSE.OPT.26Jun2025.51400.CALL,CALL,51400,26-Jun-25,4338.420637924622,4606.098324112259,4289.921612669509,70,30,27.400120601375324,-7.808002757,1667,8237,,,,0.6559350206963783
6/18/25 13:45,BANKNIFTY.NSE.OPT.26Jun2025.51500.CALL,CALL,51500,26-Jun-25,4257.371202,4379.245371581162,4295.109868982674,85,582,34.18317752387934,-4.107804797,1041,2585,,,,1.240229299015374
6/18/25 13:45,BANKNIFTY.NSE.OPT.26Jun2025.51600.CALL,CALL,51600,26-Jun-25,4108.74438,4505.224297701418,4108.849578875383,70,28,24.648733694686115,1.5631986940141633,5146,1949,,,,0.19050186787915546
6/18/25 13:45,BANKNIFTY.NSE.OPT.26Jun2025.51700.CALL,CALL,51700,26-Jun-25,4075.605626349245,4327.862121011294,4184.009084995822,98,28,33.825627740186526,-7.448200876,3427,1909,,,,-0.720889834
6/18/25 13:45,BANKNIFTY.NSE.OPT.26Jun2025.51800.CALL,CALL,51800,26-Jun-25,3916.4976692664477,4184.3465,3847.093245796846,82,67,19.19580102487572,-4.07428762,2809,3672,,,,1.84864694
6/18/25 13:45,BANKNIFTY.NSE.OPT.26Jun2025.51900.CALL,CALL,51900,26-Jun-25,3799.2467179017162,4160.808294382778,4021.692939626956,68,39,28.188670140259052,5.0929050566654706,5898,7263,,,,1.026589620702663
6/18/25 13:45,BANKNIFTY.NSE.OPT.26Jun2025.52000.CALL,CALL,52000,26-Jun-25,3895.801565974731,3902.595530457047,3852.4338258436105,152,3500,32.78695783385118,7.406635848179615,2263,2931,,,,-0.295346841
6/18/25 13:45,BANKNIFTY.NSE.OPT.26Jun2025.52100.CALL,CALL,52100,26-Jun-25,3657.243862358932,3972.5803372302107,4495.944129086787,17,9,31.498818853832148,1.184965311827618,7654,4089,,,,-0.224019178
6/18/25 13:45,BANKNIFTY.NSE.OPT.26Jun2025.52200.CALL,CALL,52200,26-Jun-25,3500.0460016101642,3875.563175231213,3352.0146285813353,11,84,24.553971463502975,5.240990538,8846,5920,,,,-0.890420526
6/18/25 13:45,BANKNIFTY.NSE.OPT.26Jun2025.52300.CALL,CALL,52300,26-Jun-25,3470.035030162661,3686.791154696169,3542.9201659003493,51,16,23.96474113859643,4.686544771397706,9269,4191,,,,1.7887393662459834
6/18/25 13:45,BANKNIFTY.NSE.OPT.26Jun2025.52400.CALL,CALL,52400,26-Jun-25,3312.233031374489,3692.894013033815,4295.420978013362,14,1,17.632797455494497,-7.096114231,1105,1424,,,,0.5857321767959727
6/18/25 13:45,BANKNIFTY.NSE.OPT.26Jun2025.52500.CALL,CALL,52500,26-Jun-25,3439.6938234958084,3513.6064266574863,3427.453921677741,129,2152,16.06579817113201,5.637839835,4121,3140,,,,0.9710919016138506
6/18/25 13:45,BANKNIFTY.NSE.OPT.26Jun2025.52600.CALL,CALL,52600,26-Jun-25,3138.4013880512803,3476.9778047631276,3189.320374200059,11,11,23.642156424543895,6.502238346932646,1804,4319,,,,1.6832141202654602
6/18/25 13:45,BANKNIFTY.NSE.OPT.26Jun2025.52700.CALL,CALL,52700,26-Jun-25,3075.1935965016733,3383.8497053689644,3931.5647915490135,36,3,21.60730196381293,2.9313310004670807,3838,4194,,,,-0.238566594
6/18/25 13:45,BANKNIFTY.NSE.OPT.26Jun2025.52800.CALL,CALL,52800,26-Jun-25,2945.2972083092345,3265.773393039559,2984.9969958870042,50,79,29.464282174605508,-0.69257877,9618,9996,,,,0.21628442300602346
6/18/25 13:45,BANKNIFTY.NSE.OPT.26Jun2025.52900.CALL,CALL,52900,26-Jun-25,2904.6710026720248,3117.950428213544,2933.6792566953854,74,11,21.828866706564916,8.364115402085911,3473,2015,,,,-1.500354593
6/18/25 13:45,BANKNIFTY.NSE.OPT.26Jun2025.53000.CALL,CALL,53000,26-Jun-25,2867.649267249486,2854.044021582849,2954.540880514674,1046,4275,18.245246146688814,-9.78173576,7545,1465,,,,0.7712616590131334
6/18/25 13:45,BANKNIFTY.NSE.OPT.26Jun2025.53100.CALL,CALL,53100,26-Jun-25,2726.9265237961285,2985.162935293079,2668.372901828566,21,105,16.960002724223582,-7.396101819,6017,4933,,,,-1.189519456
6/18/25 13:45,BANKNIFTY.NSE.OPT.26Jun2025.53200.CALL,CALL,53200,26-Jun-25,2605.395340974775,2784.799707014707,2796.7976796663834,3,19,26.018791831866952,4.171930419560292,5933,3712,,,,-0.915161207
6/18/25 13:45,BANKNIFTY.NSE.OPT.26Jun2025.53300.CALL,CALL,53300,26-Jun-25,2570.4000028063188,2781.8110195972067,2791.1628577386737,0,76,30.262776371889224,4.372214204051641,4187,5272,,,,-1.191615807
6/18/25 13:45,BANKNIFTY.NSE.OPT.26Jun2025.53400.CALL,CALL,53400,26-Jun-25,2455.758015078567,2581.486832698278,2628.393039032172,99,30,26.42791406,4.693302623,5879,7802,,,,-0.649051597
6/18/25 13:45,BANKNIFTY.NSE.OPT.26Jun2025.53500.CALL,CALL,53500,26-Jun-25,2430.969491899365,2478.889737972265,2358.040444686326,127,1730,17.57487096875102,5.5821818946113275,9009,2156,,,,-1.298013644
6/18/25 13:45,BANKNIFTY.NSE.OPT.26Jun2025.53600.CALL,CALL,53600,26-Jun-25,2279.4789150904467,2397.9765563723668,2238.5985490480953,35,77,24.477687814820683,0.4096797320739647,7268,7225,,,,1.6297035366279102
6/18/25 13:45,BANKNIFTY.NSE.OPT.26Jun2025.53700.CALL,CALL,53700,26-Jun-25,2096.921775215802,2273.789054765378,2200.450329655684,93,84,24.891010366821067,-4.156104752,7442,9672,,,,1.1006086441853014
6/18/25 13:45,BANKNIFTY.NSE.OPT.26Jun2025.53800.CALL,CALL,53800,26-Jun-25,2070.1480003022384,2236.0916068883516,2135.2570999434383,71,55,32.70095442,-2.122324507,6370,4015,,,,-1.117347804
6/18/25 13:45,BANKNIFTY.NSE.OPT.26Jun2025.53900.CALL,CALL,53900,26-Jun-25,1941.0043870298337,2140.4854756888494,2030.0049843947997,78,72,29.91515164154088,4.141727880528149,6023,5337,,,,-1.633902074
6/18/25 13:45,BANKNIFTY.NSE.OPT.26Jun2025.54000.CALL,CALL,54000,26-Jun-25,1945.268265670219,1949.393792565739,1941.1557559589337,939,5830,32.72046746623303,-7.42978291,8245,1082,,,,0.5145153860456371
6/18/25 13:45,BANKNIFTY.NSE.OPT.26Jun2025.54100.CALL,CALL,54100,26-Jun-25,1770.600124497825,1957.7437955908422,1808.192303,99,148,34.42031587,5.441206759203608,1349,1268,,,,-1.747887582
6/18/25 13:45,BANKNIFTY.NSE.OPT.26Jun2025.54200.CALL,CALL,54200,26-Jun-25,1731.928111670187,1856.0269924898441,1663.6966050929896,9,66,32.45182236667384,3.4915490447279076,5804,3951,,,,1.6871391224822188
6/18/25 13:45,BANKNIFTY.NSE.OPT.26Jun2025.54300.CALL,CALL,54300,26-Jun-25,1568.6777760829095,1782.0167682405552,1733.681259716577,35,110,20.21756611565836,-2.522082683,3575,3777,,,,-0.350377018
6/18/25 13:45,BANKNIFTY.NSE.OPT.26Jun2025.54400.CALL,CALL,54400,26-Jun-25,1540.0478532822142,1637.2802917024676,1506.1661116504022,89,112,29.919033806179954,-5.082341904,9724,5150,,,,0.14251056511763238
6/18/25 13:45,BANKNIFTY.NSE.OPT.26Jun2025.54500.CALL,CALL,54500,26-Jun-25,1524.1649705663444,1526.520473602584,1506.8969764923781,1286,2260,26.88816555737354,-6.972998924,3068,7454,,,,-1.437120816
6/18/25 13:45,BANKNIFTY.NSE.OPT.26Jun2025.54600.CALL,CALL,54600,26-Jun-25,1420.1842531246157,1442.1721339579758,1455.941937459744,207,487,15.779662342284828,-7.335361053,6699,1637,,,,-0.58920464
6/18/25 13:45,BANKNIFTY.NSE.OPT.26Jun2025.54700.CALL,CALL,54700,26-Jun-25,1322.3412847576271,1325.3970959977594,1347.7485800319175,95,259,28.56498537347979,5.423206064171499,1938,6121,,,,0.27313977871648776
6/18/25 13:45,BANKNIFTY.NSE.OPT.26Jun2025.54800.CALL,CALL,54800,26-Jun-25,1225.906651564132,1276.4753061776973,1238.286985569828,290,388,34.20459731,-9.860105364,8210,1805,,,,1.4890440378532719
6/18/25 13:45,BANKNIFTY.NSE.OPT.26Jun2025.54900.CALL,CALL,54900,26-Jun-25,1148.8827910833606,1158.112900589074,1184.6710996587387,400,461,21.26520391868312,7.475158141263318,8489,2239,,,,0.7299034328431575
6/18/25 13:45,BANKNIFTY.NSE.OPT.26Jun2025.55000.CALL,CALL,55000,26-Jun-25,1059.0595214091495,1099.349625271158,1069.1719513330956,18337,17092,31.376800546681668,2.5180708054940215,6784,7090,,,,-1.171383442
6/18/25 13:45,BANKNIFTY.NSE.OPT.26Jun2025.55100.CALL,CALL,55100,26-Jun-25,998.9901760252004,1001.8523506326713,996.6810046432018,1456,565,22.10458021494872,0.4285456253894022,4481,1786,,,,-1.281596202
6/18/25 13:45,BANKNIFTY.NSE.OPT.26Jun2025.55200.CALL,CALL,55200,26-Jun-25,942.8770751987374,923.3651935019304,930.2639494140358,3965,1331,30.039388883833787,-7.889126897,6517,5572,,,,0.5697508400791365
6/18/25 13:45,BANKNIFTY.NSE.OPT.26Jun2025.55300.CALL,CALL,55300,26-Jun-25,840.2119357,858.1666609353658,846.1590632584323,7109,1429,19.397676691423698,2.604726206633206,5762,1486,,,,0.003344914
6/18/25 13:45,BANKNIFTY.NSE.OPT.26Jun2025.55400.CALL,CALL,55400,26-Jun-25,773.3601192,800.8670214613799,763.6914362801036,11560,2744,26.672970521099504,7.316467826788855,4244,2518,,,,1.8459683155263842
6/18/25 13:45,BANKNIFTY.NSE.OPT.26Jun2025.55500.CALL,CALL,55500,26-Jun-25,704.6294816582729,727.6664379490102,698.5816758879012,100645,18039,15.493375000136975,-3.679290504,3056,3781,,,,1.2761621492738962
6/18/25 13:45,BANKNIFTY.NSE.OPT.26Jun2025.55600.CALL,CALL,55600,26-Jun-25,638.9739994989865,652.6462863697117,658.6541461195704,72207,6049,19.535495641915727,6.555452764662796,3202,6695,,,,-0.27982392
6/18/25 13:45,BANKNIFTY.NSE.OPT.26Jun2025.55700.CALL,CALL,55700,26-Jun-25,576.8113062392804,596.8515207458352,600.1519023657646,152104,6747,17.735011827778077,-7.100850744,4005,6498,,,,-1.360108525
6/18/25 13:45,BANKNIFTY.NSE.OPT.26Jun2025.55800.CALL,CALL,55800,26-Jun-25,528.6948314409839,524.2412654,531.7692324531154,191915,15794,26.610050188404372,-9.970218904,3050,6912,,,,-1.156517581
6/18/25 13:45,BANKNIFTY.NSE.OPT.26Jun2025.55900.CALL,CALL,55900,26-Jun-25,467.8663092,479.806193,479.74728498637234,134369,10718,30.660892026620278,4.092013900037507,1408,3521,,,,-0.50117103
6/18/25 13:45,BANKNIFTY.NSE.OPT.26Jun2025.56000.CALL,CALL,56000,26-Jun-25,430.9263275208688,427.6983912362587,420.14080468999435,278608,84924,18.021703462172184,-1.702482988,4605,8212,,,,-1.807576455
6/18/25 13:45,BANKNIFTY.NSE.OPT.26Jun2025.56100.CALL,CALL,56100,26-Jun-25,382.57094988851895,388.37615150271336,383.5817182212784,46571,7252,17.944664073453644,-9.839561663,1650,5111,,,,1.2197460534927758
6/18/25 13:45,BANKNIFTY.NSE.OPT.26Jun2025.56200.CALL,CALL,56200,26-Jun-25,329.9328014765085,338.14874746638657,337.14662523433014,47279,8928,29.83463707501255,1.0968099069628927,3259,8301,,,,1.671713444118717
6/18/25 13:45,BANKNIFTY.NSE.OPT.26Jun2025.56300.CALL,CALL,56300,26-Jun-25,293.79468048064786,295.52546547415125,307.1150117,36258,7116,22.411641606462446,-5.587641464,6304,6838,,,,0.6499980506873655
6/18/25 13:45,BANKNIFTY.NSE.OPT.26Jun2025.56400.CALL,CALL,56400,26-Jun-25,263.79088173724614,266.06328241188544,264.10326693713944,32451,6725,21.93660891922117,-8.162226241,5129,2081,,,,0.9448997739685638
6/18/25 13:45,BANKNIFTY.NSE.OPT.26Jun2025.56500.CALL,CALL,56500,26-Jun-25,230.72959355482033,234.24829812012456,230.52236140918907,112206,40882,22.14391336,-7.900687059,5768,9662,,,,-0.563495101
6/18/25 13:45,BANKNIFTY.NSE.OPT.26Jun2025.56600.CALL,CALL,56600,26-Jun-25,205.5198357725777,203.72547771416913,202.5530775138707,32308,11450,20.49797563034271,-8.352499141,6364,5637,,,,-1.357041237
6/18/25 13:45,BANKNIFTY.NSE.OPT.26Jun2025.56700.CALL,CALL,56700,26-Jun-25,179.69919571358867,181.57123021500303,176.55628480131176,30312,10207,22.494319370368043,6.534090083354155,9242,5805,,,,0.23688502353482388
6/18/25 13:45,BANKNIFTY.NSE.OPT.26Jun2025.56800.CALL,CALL,56800,26-Jun-25,156.96316940569787,159.96094676853457,156.7610130547602,27751,12462,22.64491796518191,9.661343196798132,8475,7106,,,,0.12380532592931015
6/18/25 13:45,BANKNIFTY.NSE.OPT.26Jun2025.56900.CALL,CALL,56900,26-Jun-25,137.61770645204447,137.16851053641972,136.36836021570443,20636,11580,27.73424064509419,-1.317082313,6275,1170,,,,-1.479964543
6/18/25 13:45,BANKNIFTY.NSE.OPT.26Jun2025.57000.CALL,CALL,57000,26-Jun-25,120.14622950421209,119.69050311390949,116.5410224011275,114608,56145,17.159098372217063,-6.338464007,7064,9988,,,,0.026294620117750078
6/18/25 13:45,BANKNIFTY.NSE.OPT.26Jun2025.57100.CALL,CALL,57100,26-Jun-25,101.68502078970353,102.32843935157747,101.92728392444678,15847,5721,17.38292407016439,5.190454076686521,3036,6593,,,,-0.862113401
6/18/25 13:45,BANKNIFTY.NSE.OPT.26Jun2025.57200.CALL,CALL,57200,26-Jun-25,88.62620880205085,91.16743008289889,90.44615815355432,25259,5822,30.07413836785085,9.820559028777222,2379,7743,,,,-1.443896591
6/18/25 13:45,BANKNIFTY.NSE.OPT.26Jun2025.57300.CALL,CALL,57300,26-Jun-25,75.58235633825386,79.53962386469944,79.47066396913038,16735,4540,15.818414406609904,4.053389156837376,2834,6347,,,,1.583280302944929
6/18/25 13:45,BANKNIFTY.NSE.OPT.26Jun2025.57400.CALL,CALL,57400,26-Jun-25,67.27823293862957,70.85383509513413,67.91074659281324,17539,4828,28.785394261007102,0.6843903726888634,7620,8111,,,,0.9947651922503224
6/18/25 13:45,BANKNIFTY.NSE.OPT.26Jun2025.57500.CALL,CALL,57500,26-Jun-25,58.11642050233877,59.427115417064925,56.97711860333749,93023,37300,15.453487751920115,-1.906284736,4837,8141,,,,0.35198255587380567
6/18/25 13:45,BANKNIFTY.NSE.OPT.26Jun2025.57600.CALL,CALL,57600,26-Jun-25,50.39187132665275,53.85495900877721,52.255521890210574,14635,4306,24.65141768,6.808479931419786,9007,3355,,,,0.7003893325563517
6/18/25 13:45,BANKNIFTY.NSE.OPT.26Jun2025.57700.CALL,CALL,57700,26-Jun-25,45.09646776284663,45.99612714408882,44.75833399425716,12867,3902,16.777126292876137,5.011064109389183,6233,9326,,,,-0.359984191
6/18/25 13:45,BANKNIFTY.NSE.OPT.26Jun2025.57800.CALL,CALL,57800,26-Jun-25,39.20125085714953,40.97007087587879,41.73624524,20158,4632,18.113171242143146,-8.00679207,1366,1763,,,,1.1662760813521817
6/18/25 13:45,BANKNIFTY.NSE.OPT.26Jun2025.57900.CALL,CALL,57900,26-Jun-25,33.32978439242999,36.6702841,34.222005310948106,8663,2629,29.323882734864036,-6.314618953,3686,2160,,,,1.6517039579248203
6/18/25 13:45,BANKNIFTY.NSE.OPT.26Jun2025.58000.CALL,CALL,58000,26-Jun-25,30.027114547538066,31.525316079542396,29.239264547590047,85478,39245,33.69341846616946,-7.468395667,6598,7906,,,,1.8328127809841601
6/18/25 13:45,BANKNIFTY.NSE.OPT.26Jun2025.58100.CALL,CALL,58100,26-Jun-25,26.49945021,28.039899184007762,27.09150274336706,9249,3034,33.220208098519215,-2.162404108,3920,4100,,,,-1.233012645
6/18/25 13:45,BANKNIFTY.NSE.OPT.26Jun2025.58200.CALL,CALL,58200,26-Jun-25,24.373462018032765,25.105682227264996,24.58076268067045,14750,4330,15.069043094794441,-4.684602066,7906,6302,,,,0.680682606
6/18/25 13:45,BANKNIFTY.NSE.OPT.26Jun2025.58300.CALL,CALL,58300,26-Jun-25,20.785433302174113,22.059124461894918,21.62373257,10168,4003,22.71694842,-8.723032631,4001,3415,,,,0.833998733
6/18/25 13:45,BANKNIFTY.NSE.OPT.26Jun2025.58400.CALL,CALL,58400,26-Jun-25,18.885205040134835,19.62295486712957,19.516381289520545,10141,2415,24.557704736415655,5.687364019475945,4379,3181,,,,-0.582471448
6/18/25 13:45,BANKNIFTY.NSE.OPT.26Jun2025.58500.CALL,CALL,58500,26-Jun-25,16.20323281374062,17.315546655636055,16.438634124409635,54313,32469,29.844764519332493,-3.558118318,7867,4392,,,,-0.832835761
6/18/25 13:45,BANKNIFTY.NSE.OPT.26Jun2025.58600.CALL,CALL,58600,26-Jun-25,14.363653258402108,15.789889511381297,15.616138088479081,6559,2581,19.852539731992593,-3.880898828,4733,9802,,,,-1.648210274
6/18/25 13:45,BANKNIFTY.NSE.OPT.26Jun2025.58700.CALL,CALL,58700,26-Jun-25,13.370219202949531,14.7796094,13.885245842518536,12642,1915,31.663486513671756,6.964306461739685,4637,1604,,,,-1.436767898
6/18/25 13:45,BANKNIFTY.NSE.OPT.26Jun2025.58800.CALL,CALL,58800,26-Jun-25,11.628904316041476,13.054019641956467,12.795246604962076,8405,3743,20.001422556637287,-3.169227867,5222,7238,,,,0.14317377393220498
6/18/25 13:45,BANKNIFTY.NSE.OPT.26Jun2025.58900.CALL,CALL,58900,26-Jun-25,11.406450037467947,11.514038206405607,11.82662156882475,8819,4010,26.67698018135378,2.833357631721217,9163,7312,,,,0.14931137186424825
6/18/25 13:45,BANKNIFTY.NSE.OPT.26Jun2025.59000.CALL,CALL,59000,26-Jun-25,10.38191912567611,10.658309331190651,10.731907099077961,70938,45900,24.569788785701405,0.8676554893264683,3370,1419,,,,-1.641505163
6/18/25 13:45,BANKNIFTY.NSE.OPT.26Jun2025.59100.CALL,CALL,59100,26-Jun-25,9.730457496706258,10.019355734394892,9.852736317144608,5893,1933,32.90773632645208,-5.015577496,4681,1240,,,,-0.60663544
6/18/25 13:45,BANKNIFTY.NSE.OPT.26Jun2025.59200.CALL,CALL,59200,26-Jun-25,9.574498725957499,9.826549042871571,9.762493057,3252,1670,29.438090064735455,2.904859692232602,4489,7279,,,,-0.408931077
6/18/25 13:45,BANKNIFTY.NSE.OPT.26Jun2025.59300.CALL,CALL,59300,26-Jun-25,8.774868943639792,9.342226644,8.866125294612106,3474,1572,26.237335932313666,6.900782971302284,9526,3229,,,,-1.380633098
6/18/25 13:45,BANKNIFTY.NSE.OPT.26Jun2025.59400.CALL,CALL,59400,26-Jun-25,8.554485966443615,9.609245146225167,8.624880986988243,1418,1312,27.324628028853738,-9.960999078,4690,7872,,,,-0.551556258
6/18/25 13:45,BANKNIFTY.NSE.OPT.26Jun2025.59500.CALL,CALL,59500,26-Jun-25,7.660924379,8.011582325515594,8.084056924022326,35669,31964,19.62834636710007,-2.622669664,9853,6042,,,,-0.513211521
6/18/25 13:45,BANKNIFTY.NSE.OPT.26Jun2025.59600.CALL,CALL,59600,26-Jun-25,7.695792052582358,7.8801191031660665,7.698949002583922,1839,1711,30.386271675379533,4.008576288536583,4049,3029,,,,1.0358891394684795
6/18/25 13:45,BANKNIFTY.NSE.OPT.26Jun2025.59700.CALL,CALL,59700,26-Jun-25,7.126943721517483,7.644271232483555,7.561149014589111,3411,6273,21.061121781922235,-8.842430916,8751,3284,,,,0.14833425809673217
6/18/25 13:45,BANKNIFTY.NSE.OPT.26Jun2025.59800.CALL,CALL,59800,26-Jun-25,7.072344397283496,7.726297549546427,7.096455091332155,1479,1923,28.361613972638352,-0.806466147,2780,6776,,,,-0.52850044
6/18/25 13:45,BANKNIFTY.NSE.OPT.26Jun2025.59900.CALL,CALL,59900,26-Jun-25,7.008420664879263,7.795024462867853,7.293587093732687,1966,1727,31.424980092275103,4.776779351075691,3649,8785,,,,1.1442702283816977
6/18/25 13:45,BANKNIFTY.NSE.OPT.26Jun2025.60000.CALL,CALL,60000,26-Jun-25,6.835687628879361,6.838430138994108,6.885967332705113,40649,51265,22.25783548,-6.288411741,1511,1825,,,,-0.892752902
6/18/25 13:45,BANKNIFTY.NSE.OPT.26Jun2025.60100.CALL,CALL,60100,26-Jun-25,6.583835331,7.079331991,6.604281856044133,1135,1369,28.247256788252635,-6.44715943,2136,3157,,,,-1.834424364
6/18/25 13:45,BANKNIFTY.NSE.OPT.26Jun2025.60200.CALL,CALL,60200,26-Jun-25,5.387989077672544,6.377028963348485,6.527449329306546,2173,3462,31.677663441061313,-0.794332093,4625,7708,,,,0.901256587
6/18/25 13:45,BANKNIFTY.NSE.OPT.26Jun2025.60300.CALL,CALL,60300,26-Jun-25,6.408842980260279,6.881011095844848,6.631707506403721,1811,1676,28.80569827130718,4.572984897391299,3929,1421,,,,1.1314882479668587
6/18/25 13:45,BANKNIFTY.NSE.OPT.26Jun2025.60400.CALL,CALL,60400,26-Jun-25,6.4748900025865685,7.930781868983083,6.601771387979883,771,1112,31.393582075981694,5.169197939632422,7705,5223,,,,-1.422527299
6/18/25 13:45,BANKNIFTY.NSE.OPT.26Jun2025.60500.CALL,CALL,60500,26-Jun-25,5.306700076541705,6.032217697608637,5.9313611812944345,14722,15946,17.166469174979582,9.075724551448737,6294,8388,,,,-1.019683185
6/18/25 13:45,BANKNIFTY.NSE.OPT.26Jun2025.60600.CALL,CALL,60600,26-Jun-25,5.055460391474398,6.927105289709558,7.122234130660173,1284,1406,17.021541368572983,-9.48600072,1589,1322,,,,0.19430596569640635
6/18/25 13:45,BANKNIFTY.NSE.OPT.26Jun2025.60700.CALL,CALL,60700,26-Jun-25,5.985853668363492,7.066126771,5.959440980334244,892,895,17.976652492001723,-3.874514476,6578,7504,,,,-0.287610939
6/18/25 13:45,BANKNIFTY.NSE.OPT.26Jun2025.60800.CALL,CALL,60800,26-Jun-25,5.049923706873769,6.520698448559074,5.758640700017496,495,789,34.978783595480955,3.8894181909890317,7205,7154,,,,1.061801850966047
6/18/25 13:45,BANKNIFTY.NSE.OPT.26Jun2025.60900.CALL,CALL,60900,26-Jun-25,5.427621253790339,6.059037569454097,5.861549479587744,1137,901,29.642970702591914,3.4088630519022534,2381,5295,,,,0.078875537
6/18/25 13:45,BANKNIFTY.NSE.OPT.26Jun2025.61000.CALL,CALL,61000,26-Jun-25,5.358541492,5.379573120724775,5.259928985288726,30197,26674,20.614144823041418,-4.328684189,2855,8971,,,,-1.169395709
6/18/25 13:45,BANKNIFTY.NSE.OPT.26Jun2025.61100.CALL,CALL,61100,26-Jun-25,4.242707045661383,7.309299340571798,5.3137932122045175,366,234,31.996839025267306,8.689448286259786,2031,5062,,,,1.4921402189081499
6/18/25 13:45,BANKNIFTY.NSE.OPT.26Jun2025.61200.CALL,CALL,61200,26-Jun-25,5.434668574251699,7.475006000058876,5.470771945194236,289,225,15.63230784,-5.398278825,6079,9758,,,,-1.171997133
6/18/25 13:45,BANKNIFTY.NSE.OPT.26Jun2025.61300.CALL,CALL,61300,26-Jun-25,4.0586135912933905,6.805831459167137,5.419101086648949,295,129,17.740853366279733,-1.727300682,6901,1776,,,,-1.093438082
6/18/25 13:45,BANKNIFTY.NSE.OPT.26Jun2025.61400.CALL,CALL,61400,26-Jun-25,4.115933364501348,5.350774052985226,5.2617274528827265,924,449,18.165259690608863,2.927763650167467,9939,4467,,,,-0.919203182
6/18/25 13:45,BANKNIFTY.NSE.OPT.26Jun2025.61500.CALL,CALL,61500,26-Jun-25,4.602391195186452,5.294801481534793,5.374247920179141,5687,7528,33.31444536975762,-7.403660825,9243,1298,,,,1.436096761667363
6/18/25 13:45,BANKNIFTY.NSE.OPT.26Jun2025.61600.CALL,CALL,61600,26-Jun-25,4.855722792863788,5.988451343,5.1002632038253335,1250,537,18.025727461854274,-0.12591107,8468,3932,,,,1.3085832412128826
6/18/25 13:45,BANKNIFTY.NSE.OPT.26Jun2025.61700.CALL,CALL,61700,26-Jun-25,4.145095317296843,5.591230678196425,5.807479046054767,164,168,30.076441754481984,-5.630241737,2171,9878,,,,-1.537533199
6/18/25 13:45,BANKNIFTY.NSE.OPT.26Jun2025.61800.CALL,CALL,61800,26-Jun-25,4.352422267479116,6.927344546,4.987139116740997,548,213,26.056108291589187,-0.938081218,1795,3709,,,,1.353366985406688
6/18/25 13:45,BANKNIFTY.NSE.OPT.26Jun2025.62000.CALL,CALL,62000,26-Jun-25,4.612986933742149,4.858303036091068,4.833667326421423,10119,13826,26.67910997528817,8.812492270977405,9340,7095,,,,0.37465643103594726
6/18/25 13:45,BANKNIFTY.NSE.OPT.26Jun2025.62500.CALL,CALL,62500,26-Jun-25,4.5637148245675645,4.875746333013062,4.873641057037973,6611,7828,16.094851139447513,-9.328929531,9125,8429,,,,-1.64737472
6/18/25 13:45,BANKNIFTY.NSE.OPT.26Jun2025.63000.CALL,CALL,63000,26-Jun-25,4.253147791687114,4.644504901283175,4.490598961870097,9868,30327,16.18254012847945,-5.113410738,4613,5218,,,,1.8205234212543604
6/18/25 13:45,BANKNIFTY.NSE.OPT.26Jun2025.63500.CALL,CALL,63500,26-Jun-25,3.779492322268279,4.035335588614774,3.7891854467790194,7295,10516,18.39350574,-8.301261935,6542,6431,,,,-1.225681582
6/18/25 13:45,BANKNIFTY.NSE.OPT.26Jun2025.64000.CALL,CALL,64000,26-Jun-25,3.8408222609326024,4.057856376813254,4.022353116445372,7431,8642,27.430521440569514,4.171595290749973,7055,1785,,,,1.3348352565759378
6/18/25 13:45,BANKNIFTY.NSE.OPT.26Jun2025.64500.CALL,CALL,64500,26-Jun-25,3.7371415513253003,3.9021012596163356,3.875168761812339,23159,25507,28.41864408656882,-5.34715215,7266,5315,,,,-1.862083668
6/18/25 14:00,BANKNIFTY.NSE.OPT.26Jun2025.40500.CALL,CALL,40500,26-Jun-25,14902.67904276999,15410.176506436921,15228.48935289826,33,4,25.779542623169128,-7.221923891,3580,1988,,,,1.134650950439294
6/18/25 14:00,BANKNIFTY.NSE.OPT.26Jun2025.42000.CALL,CALL,42000,26-Jun-25,13137.42477050133,14159.42104,13611.840876539727,77,0,15.95807536756164,9.271579933256152,2331,3525,,,,-1.525598466
6/18/25 14:00,BANKNIFTY.NSE.OPT.26Jun2025.42500.CALL,CALL,42500,26-Jun-25,12631.373648074661,13793.076980581896,10872.446718672081,54,1,24.426517231526113,-7.666456594,1220,6988,,,,0.42030249996529045
6/18/25 14:00,BANKNIFTY.NSE.OPT.26Jun2025.43000.CALL,CALL,43000,26-Jun-25,12417.891543676502,12778.705897316826,12812.326058697656,73,113,23.632429415379036,-6.734828797,2177,4647,,,,1.727326261048364
6/18/25 14:00,BANKNIFTY.NSE.OPT.26Jun2025.43500.CALL,CALL,43500,26-Jun-25,11636.334726871633,12292.406482398304,11538.630622498611,51,1,24.024077180405605,-8.888685927,5250,9233,,,,-0.819066685
6/18/25 14:00,BANKNIFTY.NSE.OPT.26Jun2025.44000.CALL,CALL,44000,26-Jun-25,11785.218366963283,11814.450806128447,11674.543395345896,4,35,30.279539441115226,-4.981056702,3145,9619,,,,0.8908484582537364
6/18/25 14:00,BANKNIFTY.NSE.OPT.26Jun2025.44500.CALL,CALL,44500,26-Jun-25,10728.05749983808,11308.459882371606,11123.815764284296,87,3,18.969599349344893,1.1352742757345862,9011,6201,,,,0.39694761093860675
6/18/25 14:00,BANKNIFTY.NSE.OPT.26Jun2025.44900.CALL,CALL,44900,26-Jun-25,10251.800092855208,11288.332689658675,8864.945721425089,43,2,33.63523742642259,4.1452775802363835,3094,8371,,,,0.5573181082432672
6/18/25 14:00,BANKNIFTY.NSE.OPT.26Jun2025.45000.CALL,CALL,45000,26-Jun-25,10777.475871958506,10884.074836179414,10709.030340777947,72,1893,28.145245752198775,8.386415448150032,7882,6678,,,,1.8680525811129112
6/18/25 14:00,BANKNIFTY.NSE.OPT.26Jun2025.45100.CALL,CALL,45100,26-Jun-25,10470.142387153335,10850.146802209661,9019.716277988096,4,1,18.73576045001529,-2.439282631,5265,7867,,,,-0.005604713
6/18/25 14:00,BANKNIFTY.NSE.OPT.26Jun2025.45200.CALL,CALL,45200,26-Jun-25,10095.122081616644,10964.142711385635,9081.734349638955,58,2,23.793666070174854,-4.487596996,7021,4050,,,,0.6421188158461333
6/18/25 14:00,BANKNIFTY.NSE.OPT.26Jun2025.45300.CALL,CALL,45300,26-Jun-25,10239.837444719142,10641.240836814803,9008.018924763352,45,3,33.302314635400464,9.301241546773316,1760,8475,,,,1.5820893217349101
6/18/25 14:00,BANKNIFTY.NSE.OPT.26Jun2025.45400.CALL,CALL,45400,26-Jun-25,9994.816004224545,10512.267521625747,8421.643108939763,63,2,31.95840237247968,9.329909004187531,6951,9264,,,,-1.566603063
6/18/25 14:00,BANKNIFTY.NSE.OPT.26Jun2025.45500.CALL,CALL,45500,26-Jun-25,9774.166304727942,10459.68434860762,5424.496835298414,99,1,24.740435754598394,-2.648954254,8123,9375,,,,1.4252262051754978
6/18/25 14:00,BANKNIFTY.NSE.OPT.26Jun2025.45600.CALL,CALL,45600,26-Jun-25,9982.773495346077,10521.705675018275,8439.253114591225,80,3,28.60455268423712,-4.605141163,6721,8440,,,,1.7204692675339524
6/18/25 14:00,BANKNIFTY.NSE.OPT.26Jun2025.45700.CALL,CALL,45700,26-Jun-25,9630.986738199044,10178.964467913705,8544.394589466889,53,3,24.266917204216863,-3.371049729,1327,6213,,,,-0.012542047
6/18/25 14:00,BANKNIFTY.NSE.OPT.26Jun2025.45800.CALL,CALL,45800,26-Jun-25,9493.105841504954,10352.363938494987,8299.651698725203,92,4,20.204208692052354,5.856948290106159,2414,2513,,,,0.8524483499626632
6/18/25 14:00,BANKNIFTY.NSE.OPT.26Jun2025.45900.CALL,CALL,45900,26-Jun-25,9459.756268446685,9945.679904821522,8265.575774545518,35,4,16.04311545817808,-5.420984321,1796,9911,,,,0.073885273
6/18/25 14:00,BANKNIFTY.NSE.OPT.26Jun2025.46000.CALL,CALL,46000,26-Jun-25,9869.866821797077,10112.145139690461,9844.510606,51,422,26.156692778422794,-5.803975078,6931,9427,,,,0.2834289117881803
6/18/25 14:00,BANKNIFTY.NSE.OPT.26Jun2025.46100.CALL,CALL,46100,26-Jun-25,9251.626071179737,9788.124349641543,8118.110100501413,16,4,34.984663180715614,-0.882140116,6708,5532,,,,0.932957728
6/18/25 14:00,BANKNIFTY.NSE.OPT.26Jun2025.46200.CALL,CALL,46200,26-Jun-25,9097.533805838619,9833.859287612262,8120.110918,79,4,24.54647239931735,-2.160482743,2722,8688,,,,0.8502930104737798
6/18/25 14:00,BANKNIFTY.NSE.OPT.26Jun2025.46300.CALL,CALL,46300,26-Jun-25,9340.229320720364,9670.359873614017,9465.633324946717,68,9,26.138884834854597,-4.553211884,8253,3216,,,,0.4832286075559815
6/18/25 14:00,BANKNIFTY.NSE.OPT.26Jun2025.46400.CALL,CALL,46400,26-Jun-25,8849.027938295421,9661.070390112873,7783.130299649664,33,3,16.648891393142705,4.873022836578457,9099,5511,,,,1.6451996008920173
6/18/25 14:00,BANKNIFTY.NSE.OPT.26Jun2025.46500.CALL,CALL,46500,26-Jun-25,9278.876601599984,9478.233807524304,9234.428381533042,15,8,22.282017230325373,-6.428269596,1671,8755,,,,0.4118955852508108
6/18/25 14:00,BANKNIFTY.NSE.OPT.26Jun2025.46600.CALL,CALL,46600,26-Jun-25,8885.551288,9445.717018282736,4232.457915,85,0,26.108834095511497,-4.210698738,3528,6333,,,,1.7240755469106377
6/18/25 14:00,BANKNIFTY.NSE.OPT.26Jun2025.46700.CALL,CALL,46700,26-Jun-25,8791.245417207117,9341.973571151875,4216.991296287868,36,0,29.91324059942203,-7.254135753,7135,9320,,,,-0.413633421
6/18/25 14:00,BANKNIFTY.NSE.OPT.26Jun2025.46800.CALL,CALL,46800,26-Jun-25,8641.772876716277,9196.177399719141,4094.215738039242,59,0,28.367112218273093,-5.231583466,6610,1723,,,,0.18737393992362872
6/18/25 14:00,BANKNIFTY.NSE.OPT.26Jun2025.46900.CALL,CALL,46900,26-Jun-25,8669.639664104992,9284.002844949782,4164.410097991261,2,2,17.608081558029056,2.673123966,2530,7644,,,,0.867665509
6/18/25 14:00,BANKNIFTY.NSE.OPT.26Jun2025.47000.CALL,CALL,47000,26-Jun-25,8631.755475116006,9001.809239534927,9105.347988230935,88,350,32.42941825952401,7.927551642832697,4880,2338,,,,0.28502900999344805
6/18/25 14:00,BANKNIFTY.NSE.OPT.26Jun2025.47100.CALL,CALL,47100,26-Jun-25,8488.250074436583,8764.222480471752,4020.0356457966636,82,5,19.29182220201935,9.151596678806818,2920,5767,,,,0.36769359198879314
6/18/25 14:00,BANKNIFTY.NSE.OPT.26Jun2025.47200.CALL,CALL,47200,26-Jun-25,8375.525236516427,8782.734969793033,8041.177770663266,38,2,20.463108126271916,-5.924629821,1817,5315,,,,-0.893465076
6/18/25 14:00,BANKNIFTY.NSE.OPT.26Jun2025.47300.CALL,CALL,47300,26-Jun-25,8365.421154926355,8828.651016011809,8509.756151180925,86,5,20.94264557514632,-9.091921495,2974,6166,,,,-1.654002734
6/18/25 14:00,BANKNIFTY.NSE.OPT.26Jun2025.47400.CALL,CALL,47400,26-Jun-25,7974.038412,8761.091937668241,6863.312036,24,2,22.76614085593792,4.353416184,5856,3435,,,,-0.542261031
6/18/25 14:00,BANKNIFTY.NSE.OPT.26Jun2025.47500.CALL,CALL,47500,26-Jun-25,7908.689568,8336.986655026934,9194.418244,75,4,19.951169363666917,4.376111096401791,6405,8391,,,,-1.870658145
6/18/25 14:00,BANKNIFTY.NSE.OPT.26Jun2025.47600.CALL,CALL,47600,26-Jun-25,8000.419645255412,8558.234904,4633.992941913057,26,2,24.352251505211395,-6.054622381,4472,4313,,,,0.49691096767430487
6/18/25 14:00,BANKNIFTY.NSE.OPT.26Jun2025.47700.CALL,CALL,47700,26-Jun-25,7832.936301029976,8530.121877794621,4671.739675933954,77,2,22.272986312589097,7.172033179845105,4062,1709,,,,-1.583934987
6/18/25 14:00,BANKNIFTY.NSE.OPT.26Jun2025.47800.CALL,CALL,47800,26-Jun-25,7706.350507,8396.572377290418,4555.268864813792,10,2,15.216456062575883,-0.75628861,7597,5333,,,,0.5188368025642198
6/18/25 14:00,BANKNIFTY.NSE.OPT.26Jun2025.47900.CALL,CALL,47900,26-Jun-25,7486.777631384636,8306.737468386664,4643.107720304092,93,2,19.831342403593567,8.008509452576401,5546,1859,,,,0.12720283023573487
6/18/25 14:00,BANKNIFTY.NSE.OPT.26Jun2025.48000.CALL,CALL,48000,26-Jun-25,7931.832735569612,7776.700154537593,7750.504836344741,95,829,17.08428436773883,0.6298735352176958,9797,3274,,,,-0.727028464
6/18/25 14:00,BANKNIFTY.NSE.OPT.26Jun2025.48100.CALL,CALL,48100,26-Jun-25,7335.163569578344,7872.373457749776,4388.350674,88,2,22.787084824208424,9.182921680226158,6790,4534,,,,1.8368898585292714
6/18/25 14:00,BANKNIFTY.NSE.OPT.26Jun2025.48200.CALL,CALL,48200,26-Jun-25,7383.269922696314,7868.3332874701755,4186.339124583231,95,2,22.645595483519315,7.170138831555292,6968,8459,,,,0.5679297579469007
6/18/25 14:00,BANKNIFTY.NSE.OPT.26Jun2025.48300.CALL,CALL,48300,26-Jun-25,7505.277523881861,7813.227641147555,7465.041695719582,61,2,34.17358875031799,-6.823886153,5934,8464,,,,0.4078783026840238
6/18/25 14:00,BANKNIFTY.NSE.OPT.26Jun2025.48400.CALL,CALL,48400,26-Jun-25,7297.917938407415,7774.446606840082,7511.552068053018,55,3,34.42942516493011,-4.418849989,2971,4711,,,,-1.336297966
6/18/25 14:00,BANKNIFTY.NSE.OPT.26Jun2025.48500.CALL,CALL,48500,26-Jun-25,7182.187754896958,7541.700745821926,7466.344510640275,49,39,31.954143944134533,-7.614022051,4985,6043,,,,-1.505391063
6/18/25 14:00,BANKNIFTY.NSE.OPT.26Jun2025.48600.CALL,CALL,48600,26-Jun-25,6905.468342785612,7319.4605046061015,7275.837729790842,44,4,32.20969139870624,0.6668230201705754,6581,5671,,,,0.9471097625989793
6/18/25 14:00,BANKNIFTY.NSE.OPT.26Jun2025.48700.CALL,CALL,48700,26-Jun-25,6888.798719298812,7605.039776120266,6892.931102432762,26,4,26.485445216301613,1.8580869733424557,8202,4407,,,,-1.709404011
6/18/25 14:00,BANKNIFTY.NSE.OPT.26Jun2025.48800.CALL,CALL,48800,26-Jun-25,6777.959016901105,7376.409504266702,6892.380158,56,5,33.32115366926181,5.952846123,9445,7549,,,,-1.588687633
6/18/25 14:00,BANKNIFTY.NSE.OPT.26Jun2025.48900.CALL,CALL,48900,26-Jun-25,6840.103499328548,7122.904533156854,6856.115361719336,23,1,32.57529378165988,-9.257455289,3741,8343,,,,0.6159707339129308
6/18/25 14:00,BANKNIFTY.NSE.OPT.26Jun2025.49000.CALL,CALL,49000,26-Jun-25,6761.384874923748,6921.568681452796,6760.735531864446,208,1631,23.970239712238154,-2.320659348,4858,1954,,,,-1.29998381
6/18/25 14:00,BANKNIFTY.NSE.OPT.26Jun2025.49100.CALL,CALL,49100,26-Jun-25,6444.880957222472,6921.781020441639,6476.775557,91,1,15.595727127483494,7.925648963203148,9613,5362,,,,-1.066832664
6/18/25 14:00,BANKNIFTY.NSE.OPT.26Jun2025.49200.CALL,CALL,49200,26-Jun-25,6521.956698751775,6952.421956898659,6619.469090867941,36,15,30.109158339781676,-7.479850056,7891,4673,,,,-0.5325413
6/18/25 14:00,BANKNIFTY.NSE.OPT.26Jun2025.49300.CALL,CALL,49300,26-Jun-25,5971.398731646128,6798.872914788937,6725.221240088771,51,32,15.107690434232845,-2.310878494,2614,6850,,,,1.6900222892227132
6/18/25 14:00,BANKNIFTY.NSE.OPT.26Jun2025.49400.CALL,CALL,49400,26-Jun-25,6266.636263962324,6675.146258145587,6356.437769560263,44,0,15.248240395298385,-2.210335819,2687,4460,,,,-1.882113012
6/18/25 14:00,BANKNIFTY.NSE.OPT.26Jun2025.49500.CALL,CALL,49500,26-Jun-25,6289.102936513756,6358.840530799365,6343.969857431268,49,402,33.66434865624527,-2.578810288,3774,8798,,,,1.1025248228715054
6/18/25 14:00,BANKNIFTY.NSE.OPT.26Jun2025.49600.CALL,CALL,49600,26-Jun-25,5986.367798,6508.813566837052,6484.049523141222,44,2,26.766040224038186,-1.117156913,6449,6292,,,,0.6629177740896073
6/18/25 14:00,BANKNIFTY.NSE.OPT.26Jun2025.49700.CALL,CALL,49700,26-Jun-25,5604.404318054939,6378.820601532908,5975.321969812756,5,1,19.054233884643217,-8.505756779,7909,7122,,,,1.4229187838608746
6/18/25 14:00,BANKNIFTY.NSE.OPT.26Jun2025.49800.CALL,CALL,49800,26-Jun-25,5655.955267245191,6172.341616390466,5754.423875831983,23,63,25.585834121860778,5.720407766134862,2528,6692,,,,0.6105419511623471
6/18/25 14:00,BANKNIFTY.NSE.OPT.26Jun2025.49900.CALL,CALL,49900,26-Jun-25,5648.806599508912,6107.190047464396,5859.8579356535465,50,1,18.07478858646894,-9.086141862,5110,1295,,,,1.4647154206408408
6/18/25 14:00,BANKNIFTY.NSE.OPT.26Jun2025.50000.CALL,CALL,50000,26-Jun-25,5832.271177721297,5830.178798716645,5948.757936688443,140,5593,34.91767062863315,1.7418034109726133,1859,3855,,,,-1.271856709
6/18/25 14:00,BANKNIFTY.NSE.OPT.26Jun2025.50100.CALL,CALL,50100,26-Jun-25,5527.131831072411,5892.949531181165,5694.573578956754,68,6,28.69396897269266,-1.841190735,2897,8841,,,,1.6456774534771137
6/18/25 14:00,BANKNIFTY.NSE.OPT.26Jun2025.50200.CALL,CALL,50200,26-Jun-25,5462.039865516422,5862.420914014592,5353.665626,29,20,31.423578108574638,0.9678994833672263,3871,2053,,,,-0.843395218
6/18/25 14:00,BANKNIFTY.NSE.OPT.26Jun2025.50300.CALL,CALL,50300,26-Jun-25,5525.177136098013,5746.251702177747,5282.724268608115,85,12,26.833176989205924,-7.369382862,1086,2036,,,,1.6331640855948573
6/18/25 14:00,BANKNIFTY.NSE.OPT.26Jun2025.50400.CALL,CALL,50400,26-Jun-25,5331.569748,5610.187529,5289.905051,49,41,29.83505541,9.206570700616439,8381,7929,,,,1.7958702692674593
6/18/25 14:00,BANKNIFTY.NSE.OPT.26Jun2025.50500.CALL,CALL,50500,26-Jun-25,5277.711176,5305.675563606161,5550.864406809675,82,275,24.261785902264066,2.2202816339671916,8712,1431,,,,-1.189381172
6/18/25 14:00,BANKNIFTY.NSE.OPT.26Jun2025.50600.CALL,CALL,50600,26-Jun-25,5156.227719484728,5434.472104747152,5168.924397597378,50,50,31.422311410412632,-2.602937351,2183,1872,,,,-0.494047188
6/18/25 14:00,BANKNIFTY.NSE.OPT.26Jun2025.50700.CALL,CALL,50700,26-Jun-25,4951.518026208309,5279.133854869822,5229.748218757933,31,14,20.989470941433215,-1.926691984,1613,8724,,,,-1.376451366
6/18/25 14:00,BANKNIFTY.NSE.OPT.26Jun2025.50800.CALL,CALL,50800,26-Jun-25,4852.542731,5175.104593791986,5067.425540152245,36,16,29.402825288090213,-2.346699338,1111,9603,,,,0.4919123792225588
6/18/25 14:00,BANKNIFTY.NSE.OPT.26Jun2025.50900.CALL,CALL,50900,26-Jun-25,4737.979809,5168.762946291747,4627.289733374176,35,24,34.13776624449345,-8.445683122,2942,5036,,,,1.3015622703421852
6/18/25 14:00,BANKNIFTY.NSE.OPT.26Jun2025.51000.CALL,CALL,51000,26-Jun-25,4828.614866159933,4948.778812682035,4972.032975355719,96,2921,28.749437275292706,-1.517316273,4867,7142,,,,1.154341294238407
6/18/25 14:00,BANKNIFTY.NSE.OPT.26Jun2025.51100.CALL,CALL,51100,26-Jun-25,4569.071951942872,4845.534690714984,4626.215898847764,9,31,33.92870870492336,1.120828904349482,1858,1969,,,,0.22550552213475816
6/18/25 14:00,BANKNIFTY.NSE.OPT.26Jun2025.51200.CALL,CALL,51200,26-Jun-25,4604.568448310956,4746.758277042398,4126.545374657413,5,34,25.458414467559063,-0.939002948,4002,8268,,,,-0.852988797
6/18/25 14:00,BANKNIFTY.NSE.OPT.26Jun2025.51300.CALL,CALL,51300,26-Jun-25,4463.253662301167,4766.111437912856,4679.254126762281,59,22,16.11048469319549,-7.439125793,2136,9850,,,,-1.905234551
6/18/25 14:00,BANKNIFTY.NSE.OPT.26Jun2025.51400.CALL,CALL,51400,26-Jun-25,4257.152746549954,4617.521941959129,4429.939598019307,0,33,21.041535764101262,3.4153111652039225,5218,2564,,,,0.009665574
6/18/25 14:00,BANKNIFTY.NSE.OPT.26Jun2025.51500.CALL,CALL,51500,26-Jun-25,4311.759384464374,4343.277032477703,4271.902349707749,103,619,23.81719596920652,5.9995149877029235,1869,5998,,,,0.20717520026727643
6/18/25 14:00,BANKNIFTY.NSE.OPT.26Jun2025.51600.CALL,CALL,51600,26-Jun-25,4208.36363,4454.038710465263,4201.132218,49,26,32.50212450614237,-2.437099231,8379,5579,,,,1.9133337824906214
6/18/25 14:00,BANKNIFTY.NSE.OPT.26Jun2025.51700.CALL,CALL,51700,26-Jun-25,4001.583710656399,4329.855373622874,4130.9252069521035,8,27,32.41478531020838,9.877067263600296,9035,5866,,,,0.564592231
6/18/25 14:00,BANKNIFTY.NSE.OPT.26Jun2025.51800.CALL,CALL,51800,26-Jun-25,3978.597468,4128.010309168292,3972.7297312017536,27,63,18.0605158,-9.074498558,9123,5302,,,,1.2553424584724104
6/18/25 14:00,BANKNIFTY.NSE.OPT.26Jun2025.51900.CALL,CALL,51900,26-Jun-25,3734.351917574381,4212.217409,4046.8930404683742,89,40,34.61891554,-1.286425956,9772,3668,,,,-0.147190697
6/18/25 14:00,BANKNIFTY.NSE.OPT.26Jun2025.52000.CALL,CALL,52000,26-Jun-25,3888.310544603798,3829.6860272496356,3828.309036680332,133,3799,26.094802448071228,6.512342114073576,4077,1701,,,,-0.546467616
6/18/25 14:00,BANKNIFTY.NSE.OPT.26Jun2025.52100.CALL,CALL,52100,26-Jun-25,3631.7195189365707,3908.7288749120685,4441.243333053633,46,10,31.035325564574347,-1.920015182,8308,4304,,,,1.1624840215950036
6/18/25 14:00,BANKNIFTY.NSE.OPT.26Jun2025.52200.CALL,CALL,52200,26-Jun-25,3586.6623314304848,3882.171642053574,3485.032648654903,89,89,19.272327144979464,-7.011582008,6922,1133,,,,-1.581332599
6/18/25 14:00,BANKNIFTY.NSE.OPT.26Jun2025.52300.CALL,CALL,52300,26-Jun-25,3480.042502283633,3665.7195129716206,3438.6408968642254,82,17,19.62421233836085,0.006341982,4469,4185,,,,-0.005723474
6/18/25 14:00,BANKNIFTY.NSE.OPT.26Jun2025.52400.CALL,CALL,52400,26-Jun-25,3312.9604973073415,3667.1035419242116,4494.674406729923,26,2,17.306959970305297,3.916556305548472,5485,3780,,,,0.3956434386770664
6/18/25 14:00,BANKNIFTY.NSE.OPT.26Jun2025.52500.CALL,CALL,52500,26-Jun-25,3346.0382541321487,3499.807440361434,3365.550794724732,147,1983,27.798894143572408,4.494922099979963,8425,1069,,,,-0.760666466
6/18/25 14:00,BANKNIFTY.NSE.OPT.26Jun2025.52600.CALL,CALL,52600,26-Jun-25,3160.8158317438765,3417.3142375496313,3208.206430421835,17,10,27.28287634,-1.02964169,1842,2227,,,,0.7119142476813156
6/18/25 14:00,BANKNIFTY.NSE.OPT.26Jun2025.52700.CALL,CALL,52700,26-Jun-25,3020.649806882874,3402.2480929486665,3918.032846103531,29,4,18.166022601726745,2.851675662442247,5481,6979,,,,-1.482958835
6/18/25 14:00,BANKNIFTY.NSE.OPT.26Jun2025.52800.CALL,CALL,52800,26-Jun-25,2996.158401803519,3266.806088062566,3046.6123971690477,26,80,17.124528796154756,-5.43640139,2603,6313,,,,-1.317786082
6/18/25 14:00,BANKNIFTY.NSE.OPT.26Jun2025.52900.CALL,CALL,52900,26-Jun-25,2886.4379798715004,3201.355026963331,2935.8478074814734,46,12,16.583623750538948,-4.059018402,6024,1847,,,,1.1461116222487497
6/18/25 14:00,BANKNIFTY.NSE.OPT.26Jun2025.53000.CALL,CALL,53000,26-Jun-25,2933.8425728642183,2966.1968394898095,2905.7140605375134,1006,4459,26.58789651712797,9.653047235604944,1305,1364,,,,-1.748639785
6/18/25 14:00,BANKNIFTY.NSE.OPT.26Jun2025.53100.CALL,CALL,53100,26-Jun-25,2719.387910886041,2940.536234192016,2627.361140024498,41,101,31.041742318420226,-4.899907451,3284,6303,,,,-1.00977286
6/18/25 14:00,BANKNIFTY.NSE.OPT.26Jun2025.53200.CALL,CALL,53200,26-Jun-25,2611.001028513453,2771.5038644216647,2898.4249104060546,6,19,20.33854120541439,-7.458032347,8258,8723,,,,-1.825819191
6/18/25 14:00,BANKNIFTY.NSE.OPT.26Jun2025.53300.CALL,CALL,53300,26-Jun-25,2580.6785241371867,2684.1954380816096,2710.9337355630432,95,69,20.63782491362952,0.5531849790800241,8672,6418,,,,1.4098556631737584
6/18/25 14:00,BANKNIFTY.NSE.OPT.26Jun2025.53400.CALL,CALL,53400,26-Jun-25,2459.924959981442,2560.047343634173,2617.414369250902,96,31,31.093106029755134,-8.562584334,3020,8055,,,,-1.779954088
6/18/25 14:00,BANKNIFTY.NSE.OPT.26Jun2025.53500.CALL,CALL,53500,26-Jun-25,2410.1652779992855,2558.693952275731,2464.588560198583,110,1772,20.938576025249766,9.508884585338556,8554,1196,,,,-1.967494758
6/18/25 14:00,BANKNIFTY.NSE.OPT.26Jun2025.53600.CALL,CALL,53600,26-Jun-25,2229.0840662955884,2386.191260420989,2175.6490237479056,30,74,25.27867207651063,-0.769492066,5738,4763,,,,-1.16918011
6/18/25 14:00,BANKNIFTY.NSE.OPT.26Jun2025.53700.CALL,CALL,53700,26-Jun-25,2097.685491901309,2305.0004959153066,2227.6322355094994,56,79,16.44717091631594,-0.922906099,8609,8165,,,,1.9666538577462767
6/18/25 14:00,BANKNIFTY.NSE.OPT.26Jun2025.53800.CALL,CALL,53800,26-Jun-25,2127.089157548666,2232.1214334664264,2111.661897683478,13,55,34.67509718567423,7.239687687546738,6351,4092,,,,1.5081027473131878
6/18/25 14:00,BANKNIFTY.NSE.OPT.26Jun2025.53900.CALL,CALL,53900,26-Jun-25,1973.729449784787,2184.555326705821,1956.9776163461993,16,76,33.850246733877036,4.016073131523157,7124,5240,,,,-0.272248328
6/18/25 14:00,BANKNIFTY.NSE.OPT.26Jun2025.54000.CALL,CALL,54000,26-Jun-25,1913.0059160047763,1985.118291815836,1922.0231148989699,857,6620,22.30115476,-9.656391216,2818,4445,,,,-0.41377058
6/18/25 14:00,BANKNIFTY.NSE.OPT.26Jun2025.54100.CALL,CALL,54100,26-Jun-25,1738.5546570947574,1937.9547173780027,1816.2519826821901,46,148,18.40015123823587,-1.301884535,6697,9647,,,,-0.626357461
6/18/25 14:00,BANKNIFTY.NSE.OPT.26Jun2025.54200.CALL,CALL,54200,26-Jun-25,1723.095945487877,1873.127736175608,1657.5587592806273,23,74,16.850526413456237,-6.945863474,5298,3110,,,,-1.790194613
6/18/25 14:00,BANKNIFTY.NSE.OPT.26Jun2025.54300.CALL,CALL,54300,26-Jun-25,1601.055022693822,1807.4856157054112,1738.1550076036506,75,104,28.73983679146957,-4.26152641,9671,9381,,,,0.45185897855376256
6/18/25 14:00,BANKNIFTY.NSE.OPT.26Jun2025.54400.CALL,CALL,54400,26-Jun-25,1581.1022353056262,1674.0038206867835,1568.9857736083845,95,113,18.53523869274493,2.0844122543688286,8702,2429,,,,1.9723103326584024
6/18/25 14:00,BANKNIFTY.NSE.OPT.26Jun2025.54500.CALL,CALL,54500,26-Jun-25,1519.3073220136823,1508.201305318787,1485.803133159329,1215,2248,30.719978791818335,-4.851764088,3552,7433,,,,-1.212467408
6/18/25 14:00,BANKNIFTY.NSE.OPT.26Jun2025.54600.CALL,CALL,54600,26-Jun-25,1397.0049077273309,1445.7046833430995,1398.7586606583477,225,468,30.032484540704584,4.785748089687358,9746,9291,,,,0.8171208838401198
6/18/25 14:00,BANKNIFTY.NSE.OPT.26Jun2025.54700.CALL,CALL,54700,26-Jun-25,1325.7018335933096,1345.5761599082177,1322.6686080519112,115,286,25.365893829182387,-3.569535948,3996,1426,,,,1.8895323386205236
6/18/25 14:00,BANKNIFTY.NSE.OPT.26Jun2025.54800.CALL,CALL,54800,26-Jun-25,1259.555211330105,1251.5002558908143,1217.7764355554903,325,428,15.577314831476079,9.249390920494655,1207,7444,,,,1.0905591860412471
6/18/25 14:00,BANKNIFTY.NSE.OPT.26Jun2025.54900.CALL,CALL,54900,26-Jun-25,1161.0966209841083,1177.8732187858636,1138.2139458469385,410,491,22.779873279892623,7.973492441948661,8800,5080,,,,0.4600669480223658
6/18/25 14:00,BANKNIFTY.NSE.OPT.26Jun2025.55000.CALL,CALL,55000,26-Jun-25,1078.1552012572317,1086.3837968745624,1087.0564959505652,18348,17499,17.545042886260624,0.8722276764902333,3707,3095,,,,1.980067334
6/18/25 14:00,BANKNIFTY.NSE.OPT.26Jun2025.55100.CALL,CALL,55100,26-Jun-25,1021.2119586884068,1008.3276905845836,995.3937591687773,1376,523,25.718305945775757,7.053057348277228,7612,9528,,,,-0.148015555
6/18/25 14:00,BANKNIFTY.NSE.OPT.26Jun2025.55200.CALL,CALL,55200,26-Jun-25,941.0110403143929,937.0773118863892,914.0851455401082,3879,1412,34.06206337106668,9.511510294244687,5233,7738,,,,1.5892730774578028
6/18/25 14:00,BANKNIFTY.NSE.OPT.26Jun2025.55300.CALL,CALL,55300,26-Jun-25,856.3075729514966,868.5715939108022,838.8223071,7104,1422,19.58759082494864,2.9583325411243084,7926,5918,,,,-1.329328353
6/18/25 14:00,BANKNIFTY.NSE.OPT.26Jun2025.55400.CALL,CALL,55400,26-Jun-25,775.9785526674017,783.0302449276858,772.2644211441407,11572,2630,29.73590098564103,-6.045583383,9907,1880,,,,-0.561848931
6/18/25 14:00,BANKNIFTY.NSE.OPT.26Jun2025.55500.CALL,CALL,55500,26-Jun-25,715.1739188,713.7115591471727,726.8242556248653,100595,18772,26.515297367682756,-0.168215187,1382,1006,,,,1.5858502872801705
6/18/25 14:00,BANKNIFTY.NSE.OPT.26Jun2025.55600.CALL,CALL,55600,26-Jun-25,637.1029518,655.0711324,661.1680234612802,72215,5602,26.72325042819267,-2.933550029,1062,4621,,,,1.6920988175699243
6/18/25 14:00,BANKNIFTY.NSE.OPT.26Jun2025.55700.CALL,CALL,55700,26-Jun-25,592.8620541,591.0328146456986,587.2602640256334,152126,6758,27.000566825921112,-5.823878733,1620,7223,,,,1.7671224096268987
6/18/25 14:00,BANKNIFTY.NSE.OPT.26Jun2025.55800.CALL,CALL,55800,26-Jun-25,533.1801816325794,536.8489870336542,545.4348185510124,191937,15276,21.308752271557626,6.187010584526277,6455,7216,,,,1.6599085794630226
6/18/25 14:00,BANKNIFTY.NSE.OPT.26Jun2025.55900.CALL,CALL,55900,26-Jun-25,480.57092178949426,475.98275572458357,478.1731934393614,134379,10876,18.059202192433908,-8.77674831,1435,3950,,,,1.6364420596500597
6/18/25 14:00,BANKNIFTY.NSE.OPT.26Jun2025.56000.CALL,CALL,56000,26-Jun-25,422.1724853169325,421.1586655925181,419.1725119315289,278568,86654,33.48268849300852,0.42126020272207754,8483,1994,,,,-0.622258678
6/18/25 14:00,BANKNIFTY.NSE.OPT.26Jun2025.56100.CALL,CALL,56100,26-Jun-25,379.7852333985505,387.7450003,388.77373768875714,46563,7398,34.37783780288038,-2.00789147,1356,2462,,,,-0.391660191
6/18/25 14:00,BANKNIFTY.NSE.OPT.26Jun2025.56200.CALL,CALL,56200,26-Jun-25,340.1397590187972,331.3993195553103,340.6833223616774,47307,8698,32.893999261372805,-4.417808102,3805,8671,,,,0.5891571673195921
6/18/25 14:00,BANKNIFTY.NSE.OPT.26Jun2025.56300.CALL,CALL,56300,26-Jun-25,293.2532,294.38182468095664,307.3854753508693,36237,7411,26.446542277865582,3.696200877622971,2152,3847,,,,1.9127606704241717
6/18/25 14:00,BANKNIFTY.NSE.OPT.26Jun2025.56400.CALL,CALL,56400,26-Jun-25,263.5696566525158,261.36456489716267,264.5645595,32423,6497,20.100620399435485,0.5150458258105477,4062,5798,,,,1.927355731
6/18/25 14:00,BANKNIFTY.NSE.OPT.26Jun2025.56500.CALL,CALL,56500,26-Jun-25,234.02316661009235,235.11538156474066,234.5600923722546,112181,40141,17.672930377968953,-5.64111358,8553,6263,,,,0.47245545193722016
6/18/25 14:00,BANKNIFTY.NSE.OPT.26Jun2025.56600.CALL,CALL,56600,26-Jun-25,206.34040175562092,204.56318243443337,206.95093126390927,32251,11302,25.45722227181027,0.6585730920915402,5580,5153,,,,-0.35111993
6/18/25 14:00,BANKNIFTY.NSE.OPT.26Jun2025.56700.CALL,CALL,56700,26-Jun-25,181.30674315157174,177.00703416770725,178.06528506295265,30325,9894,29.536064541867184,-1.260102861,6326,5378,,,,0.6512542942817534
6/18/25 14:00,BANKNIFTY.NSE.OPT.26Jun2025.56800.CALL,CALL,56800,26-Jun-25,156.90221433898634,160.63502167231232,155.75793688933334,27730,12265,28.432722034560186,-0.970001163,7854,6822,,,,-0.300794494
6/18/25 14:00,BANKNIFTY.NSE.OPT.26Jun2025.56900.CALL,CALL,56900,26-Jun-25,134.5225876811433,140.47836269038538,134.6371045517213,20617,11991,22.063147014753255,-5.962461771,6735,8371,,,,-0.802013926
6/18/25 14:00,BANKNIFTY.NSE.OPT.26Jun2025.57000.CALL,CALL,57000,26-Jun-25,117.20450572088069,120.6686700220117,123.06300088412107,114691,55327,31.815420849380025,2.932467618659542,4245,9934,,,,-0.411076502
6/18/25 14:00,BANKNIFTY.NSE.OPT.26Jun2025.57100.CALL,CALL,57100,26-Jun-25,100.01173833522023,104.23834674801681,101.42883418681481,15905,5509,33.48217370049507,-2.251947782,8713,9344,,,,1.210524675311051
6/18/25 14:00,BANKNIFTY.NSE.OPT.26Jun2025.57200.CALL,CALL,57200,26-Jun-25,87.93854098774574,91.01746631652699,91.91774522,25246,6144,18.444957616798096,9.660646112342821,9736,2730,,,,-0.860726845
6/18/25 14:00,BANKNIFTY.NSE.OPT.26Jun2025.57300.CALL,CALL,57300,26-Jun-25,76.74117919,79.30787909734492,81.65082674382293,16698,4653,21.73770764,-7.262250774,1825,1112,,,,0.5360465415865683
6/18/25 14:00,BANKNIFTY.NSE.OPT.26Jun2025.57400.CALL,CALL,57400,26-Jun-25,66.45557902448894,70.84013343,65.59235849600812,17554,4694,29.31193354812079,-7.000809321,5745,9592,,,,-1.723547185
6/18/25 14:00,BANKNIFTY.NSE.OPT.26Jun2025.57500.CALL,CALL,57500,26-Jun-25,58.67269105182176,60.021234413380604,58.15816317678815,92988,38051,33.67020044739546,-7.033764411,2491,1172,,,,0.4209268860915265
6/18/25 14:00,BANKNIFTY.NSE.OPT.26Jun2025.57600.CALL,CALL,57600,26-Jun-25,50.841246923276024,53.77057498593728,50.67464318257052,14669,4001,21.21956733,-8.825872872,9336,3956,,,,1.217250321085841
6/18/25 14:00,BANKNIFTY.NSE.OPT.26Jun2025.57700.CALL,CALL,57700,26-Jun-25,45.30345707274296,46.662374817098325,46.196831099665715,12862,3635,30.31905848590042,4.093728925166264,7606,5627,,,,-1.061868913
6/18/25 14:00,BANKNIFTY.NSE.OPT.26Jun2025.57800.CALL,CALL,57800,26-Jun-25,39.93622895812193,41.312601836662054,40.440432772785186,20070,4977,29.764851438265655,3.3853860444834467,1977,9992,,,,0.7994042567544435
6/18/25 14:00,BANKNIFTY.NSE.OPT.26Jun2025.57900.CALL,CALL,57900,26-Jun-25,33.50977177638983,36.20378846268222,33.68624715490321,8630,2534,25.56860400242921,-4.720704336,9987,4035,,,,1.6991375142112912
6/18/25 14:00,BANKNIFTY.NSE.OPT.26Jun2025.58000.CALL,CALL,58000,26-Jun-25,30.475256040808528,31.602064221169854,30.896679539083213,85407,38558,29.126115970977306,-7.808962749,3922,1245,,,,-1.193543542
6/18/25 14:00,BANKNIFTY.NSE.OPT.26Jun2025.58100.CALL,CALL,58100,26-Jun-25,26.166491315099076,27.590125822950885,26.66366184453867,9236,2898,17.332535409539233,-0.408660114,8491,3705,,,,0.4402949764444868
6/18/25 14:00,BANKNIFTY.NSE.OPT.26Jun2025.58200.CALL,CALL,58200,26-Jun-25,24.32113716289904,25.48814537196001,24.87951846639517,14809,4138,22.160458031460905,9.335741126,1531,6839,,,,-1.387882916
6/18/25 14:00,BANKNIFTY.NSE.OPT.26Jun2025.58300.CALL,CALL,58300,26-Jun-25,21.047524447388632,22.30826071270653,21.04036086219383,10150,3665,30.736564116571365,-9.335136662,5156,8526,,,,-0.299434236
6/18/25 14:00,BANKNIFTY.NSE.OPT.26Jun2025.58400.CALL,CALL,58400,26-Jun-25,19.288506036858646,19.67379561518719,19.48849831217408,10116,2430,18.569487795545395,4.231387552339443,4222,1173,,,,-0.507680622
6/18/25 14:00,BANKNIFTY.NSE.OPT.26Jun2025.58500.CALL,CALL,58500,26-Jun-25,16.69684674959561,17.349133991083505,16.88076218797959,54317,31573,22.032822518396536,-0.174568565,3008,8315,,,,0.37242578814855687
6/18/25 14:00,BANKNIFTY.NSE.OPT.26Jun2025.58600.CALL,CALL,58600,26-Jun-25,14.343931623232347,15.57590183467614,16.029136508901964,6520,2645,18.54894635546096,2.4447164778926584,4327,8422,,,,1.5653320789812666
6/18/25 14:00,BANKNIFTY.NSE.OPT.26Jun2025.58700.CALL,CALL,58700,26-Jun-25,13.723106902411187,14.654061739273132,13.65956488635496,12720,2206,31.04877139518147,-4.670157643,1867,7428,,,,1.7742261574663334
6/18/25 14:00,BANKNIFTY.NSE.OPT.26Jun2025.58800.CALL,CALL,58800,26-Jun-25,11.541525098594036,13.116902123606419,12.628757554868198,8408,4117,16.123210390088403,-7.538128083,8539,8920,,,,1.210040871456994
6/18/25 14:00,BANKNIFTY.NSE.OPT.26Jun2025.58900.CALL,CALL,58900,26-Jun-25,11.193821437438213,11.784090740970687,11.362389562811268,8830,4189,24.847753112660758,-0.724782375,4882,3692,,,,1.1092142365804287
6/18/25 14:00,BANKNIFTY.NSE.OPT.26Jun2025.59000.CALL,CALL,59000,26-Jun-25,10.407778514587958,10.95192792479761,10.498053495650312,70959,51707,21.80194987812329,2.5723815850166467,2255,5438,,,,-1.720131414
6/18/25 14:00,BANKNIFTY.NSE.OPT.26Jun2025.59100.CALL,CALL,59100,26-Jun-25,9.806788991826911,10.299272295409066,10.125414098246852,5860,1826,29.88857260734082,-8.135214229,3073,8050,,,,-1.727971014
6/18/25 14:00,BANKNIFTY.NSE.OPT.26Jun2025.59200.CALL,CALL,59200,26-Jun-25,9.509570828264078,9.937695237,10.132714635718152,3243,1731,16.42770963492126,-1.794104782,6137,6516,,,,-1.658512245
6/18/25 14:00,BANKNIFTY.NSE.OPT.26Jun2025.59300.CALL,CALL,59300,26-Jun-25,8.884469098632625,9.157605973620582,8.865635607153367,3500,1680,19.224608371379688,6.8758862668432705,6744,5291,,,,-1.709039924
6/18/25 14:00,BANKNIFTY.NSE.OPT.26Jun2025.59400.CALL,CALL,59400,26-Jun-25,8.403282703066564,9.442494119450078,8.59319869,1428,1429,32.708563292249195,3.289308961547608,2796,8951,,,,1.268225379311175
6/18/25 14:00,BANKNIFTY.NSE.OPT.26Jun2025.59500.CALL,CALL,59500,26-Jun-25,7.743384112025228,8.084488601,8.240980186720021,35693,33555,24.178387575806596,2.3163672818084446,1675,2836,,,,0.19473420818585252
6/18/25 14:00,BANKNIFTY.NSE.OPT.26Jun2025.59600.CALL,CALL,59600,26-Jun-25,7.701524966,8.140689967726852,7.750978790230337,1764,1689,25.703989116351877,7.172330505587212,4305,4077,,,,1.9709614532766127
6/18/25 14:00,BANKNIFTY.NSE.OPT.26Jun2025.59700.CALL,CALL,59700,26-Jun-25,6.954679467671254,7.768465623099158,7.441180398294504,3421,5961,23.75704747085139,2.9991737683931206,3626,8427,,,,-0.459369923
6/18/25 14:00,BANKNIFTY.NSE.OPT.26Jun2025.59800.CALL,CALL,59800,26-Jun-25,6.875028422396349,7.834229528331303,7.126564114853866,1443,1742,16.71055553,-1.48904601,4711,7862,,,,1.784069630747109
6/18/25 14:00,BANKNIFTY.NSE.OPT.26Jun2025.59900.CALL,CALL,59900,26-Jun-25,7.108934475675582,7.759132868952145,7.101229447452587,1952,1648,23.449272685889646,3.4244204129058495,9117,8934,,,,-1.947683095
6/18/25 14:00,BANKNIFTY.NSE.OPT.26Jun2025.60000.CALL,CALL,60000,26-Jun-25,6.779613142091532,6.889298203779579,6.888237132971894,40647,48353,27.780877600816456,-6.607808361,4493,3244,,,,-0.458431464
6/18/25 14:00,BANKNIFTY.NSE.OPT.26Jun2025.60100.CALL,CALL,60100,26-Jun-25,6.571965219879472,7.000128397,6.802207897817809,1134,1472,22.27142019562671,2.9278689520719965,8087,8403,,,,1.4168291463478369
6/18/25 14:00,BANKNIFTY.NSE.OPT.26Jun2025.60200.CALL,CALL,60200,26-Jun-25,5.496937649914501,6.522926731592353,6.290623754259246,2223,3197,33.68595359,-8.665950267,9595,1117,,,,-0.114357271
6/18/25 14:00,BANKNIFTY.NSE.OPT.26Jun2025.60300.CALL,CALL,60300,26-Jun-25,6.346742690408975,6.759079640123543,6.660982103429692,1830,1722,19.979313625903245,7.342666028986457,2917,3126,,,,1.9228309675495274
6/18/25 14:00,BANKNIFTY.NSE.OPT.26Jun2025.60400.CALL,CALL,60400,26-Jun-25,6.307536128075502,8.081827222566995,6.4859149354399825,745,1022,25.744525428576782,6.183523801012893,8901,2693,,,,1.5917119952512193
6/18/25 14:00,BANKNIFTY.NSE.OPT.26Jun2025.60500.CALL,CALL,60500,26-Jun-25,5.372076396097454,6.118624259069962,6.090216149659986,14681,16708,33.27228854,2.761496166359116,1000,1053,,,,-0.931847423
6/18/25 14:00,BANKNIFTY.NSE.OPT.26Jun2025.60600.CALL,CALL,60600,26-Jun-25,4.934970323613255,7.030978983232217,6.942681592262371,1267,1365,15.17600019553074,5.072749502658498,7666,8537,,,,-1.056206436
6/18/25 14:00,BANKNIFTY.NSE.OPT.26Jun2025.60700.CALL,CALL,60700,26-Jun-25,6.012010880786278,7.0620853270396875,6.010647371010557,854,864,22.124038184683418,0.4353156620368672,7646,8847,,,,0.8727637222032518
6/18/25 14:00,BANKNIFTY.NSE.OPT.26Jun2025.60800.CALL,CALL,60800,26-Jun-25,4.914468656,6.4554698745232955,5.760224115213516,523,831,33.94658755730558,-7.983348452,8504,2134,,,,-1.601066117
6/18/25 14:00,BANKNIFTY.NSE.OPT.26Jun2025.60900.CALL,CALL,60900,26-Jun-25,5.387262046695075,5.983243326470035,5.934133707017546,1138,971,32.78386012968538,-5.655077299,2824,5014,,,,1.929670505331953
6/18/25 14:00,BANKNIFTY.NSE.OPT.26Jun2025.61000.CALL,CALL,61000,26-Jun-25,5.278934762983096,5.445057828277399,5.338714626727789,30232,28118,33.73066120992993,-9.756618312,1259,4465,,,,1.5696092834396231
6/18/25 14:00,BANKNIFTY.NSE.OPT.26Jun2025.61100.CALL,CALL,61100,26-Jun-25,4.353677917256404,7.367023135457751,5.190709823813493,387,254,17.545520536217325,-4.970958798,1044,6691,,,,1.609936057904847
6/18/25 14:00,BANKNIFTY.NSE.OPT.26Jun2025.61200.CALL,CALL,61200,26-Jun-25,5.254810596695899,7.557026237039005,5.357709993,286,237,18.283635264059853,-2.347218582,5750,9475,,,,0.7408957663655764
6/18/25 14:00,BANKNIFTY.NSE.OPT.26Jun2025.61300.CALL,CALL,61300,26-Jun-25,4.089635109291958,6.868369536724737,5.277264670302611,344,142,24.55952394410841,3.933040464012816,1636,8208,,,,-1.7649183
6/18/25 14:00,BANKNIFTY.NSE.OPT.26Jun2025.61400.CALL,CALL,61400,26-Jun-25,4.076255659787208,5.391217845431885,5.178434308,997,461,22.931497236096355,-4.663919826,6449,2283,,,,-1.259688395
6/18/25 14:00,BANKNIFTY.NSE.OPT.26Jun2025.61500.CALL,CALL,61500,26-Jun-25,4.700912809,5.339299514214937,5.5141530182886465,5634,7980,24.455565468819984,-9.267132447,5392,1535,,,,1.5061479913801397
6/18/25 14:00,BANKNIFTY.NSE.OPT.26Jun2025.61600.CALL,CALL,61600,26-Jun-25,4.879669506960658,6.049023747564618,5.247248683881156,1224,553,24.134789087798044,-9.66395322,2113,9273,,,,0.2686991850343756
6/18/25 14:00,BANKNIFTY.NSE.OPT.26Jun2025.61700.CALL,CALL,61700,26-Jun-25,4.126257605567065,5.790769426864555,5.808250857891269,162,161,27.336344338151868,6.502059595976004,2674,1221,,,,-0.869325165
6/18/25 14:00,BANKNIFTY.NSE.OPT.26Jun2025.61800.CALL,CALL,61800,26-Jun-25,4.3539168024908115,6.765399071805741,5.0237672586000865,503,224,24.447028643813287,2.870532540980232,9840,1993,,,,-0.516323344
6/18/25 14:00,BANKNIFTY.NSE.OPT.26Jun2025.62000.CALL,CALL,62000,26-Jun-25,4.589934908738425,4.825979980889378,4.564499984308474,10143,13586,23.277739625452007,-1.400764486,6237,5069,,,,-0.617964306
6/18/25 14:00,BANKNIFTY.NSE.OPT.26Jun2025.62500.CALL,CALL,62500,26-Jun-25,4.703576067879735,4.738863638756762,4.656010324885179,6643,7265,23.228427183578916,-8.315982048,8401,8278,,,,-0.128701622
6/18/25 14:00,BANKNIFTY.NSE.OPT.26Jun2025.63000.CALL,CALL,63000,26-Jun-25,4.279563427821906,4.5335261773959985,4.295712245431203,9852,29738,33.21364348262422,2.097994651258837,1698,5638,,,,-1.556433185
6/18/25 14:00,BANKNIFTY.NSE.OPT.26Jun2025.63500.CALL,CALL,63500,26-Jun-25,3.836856025243901,4.055790828651154,3.878614468362473,7322,10027,18.059691911283885,-3.595722149,1251,7854,,,,1.478710886367152
6/18/25 14:00,BANKNIFTY.NSE.OPT.26Jun2025.64000.CALL,CALL,64000,26-Jun-25,3.7779706288679846,4.020239223679568,4.0874804819031025,7404,7924,15.259729165704918,8.696373758446253,3120,5696,,,,-0.362287548
6/18/25 14:00,BANKNIFTY.NSE.OPT.26Jun2025.64500.CALL,CALL,64500,26-Jun-25,3.787596673330147,3.879800814064028,3.8822837104631227,23215,27471,23.962223761557567,4.3575678230270825,9750,4630,,,,1.1475534156249267
6/18/25 14:15,BANKNIFTY.NSE.OPT.26Jun2025.40500.CALL,CALL,40500,26-Jun-25,15093.449814667307,15645.15735734569,14901.010953337603,24,4,22.224702666321267,-6.323786947,2250,4441,,,,1.390070533432381
6/18/25 14:15,BANKNIFTY.NSE.OPT.26Jun2025.42000.CALL,CALL,42000,26-Jun-25,13208.664009397746,13828.67834507987,13546.936750067442,54,1,32.63152321681575,-4.499495883,5247,4580,,,,0.10317946852087312
6/18/25 14:15,BANKNIFTY.NSE.OPT.26Jun2025.42500.CALL,CALL,42500,26-Jun-25,12893.617439131027,13625.61067,10688.512256636257,99,1,21.771465587344228,-9.437534694,4685,8084,,,,1.1690475910190088
6/18/25 14:15,BANKNIFTY.NSE.OPT.26Jun2025.43000.CALL,CALL,43000,26-Jun-25,12613.734928449307,13064.550103347081,12956.93348,59,101,27.408740549599457,-1.575837076,1667,7587,,,,0.037050251
6/18/25 14:15,BANKNIFTY.NSE.OPT.26Jun2025.43500.CALL,CALL,43500,26-Jun-25,11909.98832713028,12681.774121587034,11590.604731940171,71,1,21.651828183232684,5.000652549031416,9623,7730,,,,0.052236042
6/18/25 14:15,BANKNIFTY.NSE.OPT.26Jun2025.44000.CALL,CALL,44000,26-Jun-25,11664.55496954045,11890.141356099797,12094.117113072678,2,37,24.39322286757402,8.113049048046516,5524,7353,,,,-1.133463122
6/18/25 14:15,BANKNIFTY.NSE.OPT.26Jun2025.44500.CALL,CALL,44500,26-Jun-25,10776.061346582372,11317.869977833958,11416.138126456559,3,2,18.250798649826553,4.223152359388374,1007,5009,,,,-1.405515257
6/18/25 14:15,BANKNIFTY.NSE.OPT.26Jun2025.44900.CALL,CALL,44900,26-Jun-25,10485.524980442542,10928.106435386833,9393.015976382747,35,1,25.30147652833378,-8.038726331,6897,9204,,,,-1.794489856
6/18/25 14:15,BANKNIFTY.NSE.OPT.26Jun2025.45000.CALL,CALL,45000,26-Jun-25,10838.161853968702,10916.97595980631,10678.308272610004,105,1986,34.15511138993824,0.4451386358883056,3754,3576,,,,0.8504624661437248
6/18/25 14:15,BANKNIFTY.NSE.OPT.26Jun2025.45100.CALL,CALL,45100,26-Jun-25,10133.833197821521,10927.973816859001,8866.531192551478,87,2,31.551962177869047,-7.442673275,3783,5894,,,,0.28176499505813224
6/18/25 14:15,BANKNIFTY.NSE.OPT.26Jun2025.45200.CALL,CALL,45200,26-Jun-25,9999.609056552144,10725.284685983323,8759.284941041671,40,2,24.80113969897771,4.893678013321166,4783,1945,,,,-0.362041002
6/18/25 14:15,BANKNIFTY.NSE.OPT.26Jun2025.45300.CALL,CALL,45300,26-Jun-25,9897.488230887255,10551.20189001269,8711.672012,73,3,28.63310144,-1.178527282,5203,2468,,,,-0.924005418
6/18/25 14:15,BANKNIFTY.NSE.OPT.26Jun2025.45400.CALL,CALL,45400,26-Jun-25,9932.717390057376,10502.544211384495,8715.273756,29,3,29.049207748946237,-6.242584412,4260,7484,,,,-1.585050639
6/18/25 14:15,BANKNIFTY.NSE.OPT.26Jun2025.45500.CALL,CALL,45500,26-Jun-25,9725.893339732302,10440.846409651524,5343.913136320336,9,1,33.29342395252329,7.053288129613094,1557,2986,,,,-1.879414814
6/18/25 14:15,BANKNIFTY.NSE.OPT.26Jun2025.45600.CALL,CALL,45600,26-Jun-25,9897.169638376186,10534.58879630061,8707.202007559636,35,4,18.667247208978527,-9.471255837,1918,5376,,,,-0.80050192
6/18/25 14:15,BANKNIFTY.NSE.OPT.26Jun2025.45700.CALL,CALL,45700,26-Jun-25,9662.518105244686,10355.829684143551,8440.538885556603,31,3,30.27516947616876,-3.450230089,9579,8525,,,,0.5516224876910836
6/18/25 14:15,BANKNIFTY.NSE.OPT.26Jun2025.45800.CALL,CALL,45800,26-Jun-25,9502.030138600932,10297.957648409987,8410.915332354782,42,3,31.54534949081073,-9.88507624,4939,8618,,,,-1.294762635
6/18/25 14:15,BANKNIFTY.NSE.OPT.26Jun2025.45900.CALL,CALL,45900,26-Jun-25,9663.646197119648,10226.107101794183,8429.622736,8,3,16.511471766012846,7.633634840461131,8266,8289,,,,-0.134857226
6/18/25 14:15,BANKNIFTY.NSE.OPT.26Jun2025.46000.CALL,CALL,46000,26-Jun-25,9718.160316979236,10092.168165653266,9856.132269719246,25,410,15.591769966784563,-7.809779194,9336,9600,,,,-1.438419144
6/18/25 14:15,BANKNIFTY.NSE.OPT.26Jun2025.46100.CALL,CALL,46100,26-Jun-25,9141.338537293155,9761.879260023326,8008.002400254024,85,4,32.048664206757536,0.14900252,1360,8848,,,,0.11750846579599816
6/18/25 14:15,BANKNIFTY.NSE.OPT.26Jun2025.46200.CALL,CALL,46200,26-Jun-25,9430.031186019782,9819.739461469519,7884.462224439407,24,4,29.11461371715371,0.8173429153250957,3714,3754,,,,-1.768789582
6/18/25 14:15,BANKNIFTY.NSE.OPT.26Jun2025.46300.CALL,CALL,46300,26-Jun-25,9290.086312130525,9556.566185443196,9337.052603,21,10,26.768558179669085,4.157900664853184,9779,4694,,,,1.9489701467332554
6/18/25 14:15,BANKNIFTY.NSE.OPT.26Jun2025.46400.CALL,CALL,46400,26-Jun-25,8989.813541539383,9444.088998487752,7691.249573,54,3,28.417215798019342,6.2393687187799145,9458,8949,,,,-1.219559376
6/18/25 14:15,BANKNIFTY.NSE.OPT.26Jun2025.46500.CALL,CALL,46500,26-Jun-25,9192.724060380511,9535.684128513867,9030.475860937067,68,8,31.627840390613674,-6.59005412,8233,6926,,,,-1.601092427
6/18/25 14:15,BANKNIFTY.NSE.OPT.26Jun2025.46600.CALL,CALL,46600,26-Jun-25,9006.815262849981,9659.445783526697,4445.162764396029,17,0,34.00985903278228,4.249145641337588,9683,8182,,,,-1.739535211
6/18/25 14:15,BANKNIFTY.NSE.OPT.26Jun2025.46700.CALL,CALL,46700,26-Jun-25,8923.959781723599,9531.759863,4208.481142281697,20,0,16.216218342044044,0.049142019,9290,6198,,,,-1.744809233
6/18/25 14:15,BANKNIFTY.NSE.OPT.26Jun2025.46800.CALL,CALL,46800,26-Jun-25,8623.051192188454,9264.994578623206,4257.260912621197,60,0,18.56754891647582,0.17441570334554868,6530,7907,,,,1.8923842175607088
6/18/25 14:15,BANKNIFTY.NSE.OPT.26Jun2025.46900.CALL,CALL,46900,26-Jun-25,8495.101640950126,9010.527455311458,4206.018024077818,70,2,29.79491728391778,-4.547529822,7113,8697,,,,-0.977886293
6/18/25 14:15,BANKNIFTY.NSE.OPT.26Jun2025.47000.CALL,CALL,47000,26-Jun-25,8567.449749882318,8945.012821770311,8695.959839278014,43,322,20.681624777328796,3.519995236921943,1890,9075,,,,0.1649168310501854
6/18/25 14:15,BANKNIFTY.NSE.OPT.26Jun2025.47100.CALL,CALL,47100,26-Jun-25,8437.632020088058,8960.483247,4005.1683277355705,96,4,22.462237001650575,-8.488165461,7552,1748,,,,-1.543517913
6/18/25 14:15,BANKNIFTY.NSE.OPT.26Jun2025.47200.CALL,CALL,47200,26-Jun-25,8095.859788379755,9001.311442628352,8176.335798750734,72,2,17.11869037182797,-7.806845889,6230,5989,,,,-0.616371437
6/18/25 14:15,BANKNIFTY.NSE.OPT.26Jun2025.47300.CALL,CALL,47300,26-Jun-25,8433.664117857557,8571.678159595258,8439.076294197072,29,5,22.54569793596118,1.568554518038443,7714,3530,,,,0.09507466
6/18/25 14:15,BANKNIFTY.NSE.OPT.26Jun2025.47400.CALL,CALL,47400,26-Jun-25,8252.500418659438,8920.450741539331,6823.130763907995,77,2,33.08312158247013,1.586841103119415,4382,1301,,,,-1.616451499
6/18/25 14:15,BANKNIFTY.NSE.OPT.26Jun2025.47500.CALL,CALL,47500,26-Jun-25,8129.258941897046,8612.682304000788,9291.453963158787,38,4,33.922629679144535,-5.608935805,7903,6300,,,,-0.812177447
6/18/25 14:15,BANKNIFTY.NSE.OPT.26Jun2025.47600.CALL,CALL,47600,26-Jun-25,7924.033324519896,8411.478102472673,4856.1002089665835,55,1,24.244916715696505,-1.325574208,7753,9041,,,,0.13686080723065652
6/18/25 14:15,BANKNIFTY.NSE.OPT.26Jun2025.47700.CALL,CALL,47700,26-Jun-25,7681.933587,8513.838211,4803.7447579117625,11,2,18.96294945138113,7.436137042217879,1148,8128,,,,-1.604133346
6/18/25 14:15,BANKNIFTY.NSE.OPT.26Jun2025.47800.CALL,CALL,47800,26-Jun-25,7550.679853203454,8153.676504699543,4575.086508648703,54,2,31.9642791,-1.598302411,4594,9610,,,,0.28832886405328395
6/18/25 14:15,BANKNIFTY.NSE.OPT.26Jun2025.47900.CALL,CALL,47900,26-Jun-25,7503.657603616689,8363.944715030628,4580.559284,19,2,24.62667888544692,8.531766665225678,2500,6068,,,,-1.621288379
6/18/25 14:15,BANKNIFTY.NSE.OPT.26Jun2025.48000.CALL,CALL,48000,26-Jun-25,7809.700108543037,7995.926674135503,7946.3057558381915,107,866,15.602528792175232,-7.360169809,2955,3413,,,,0.7274417445425176
6/18/25 14:15,BANKNIFTY.NSE.OPT.26Jun2025.48100.CALL,CALL,48100,26-Jun-25,7458.8304751628475,7955.7667138310635,4440.559017541288,60,2,23.59101553133312,-7.28509053,9944,2956,,,,-0.244472431
6/18/25 14:15,BANKNIFTY.NSE.OPT.26Jun2025.48200.CALL,CALL,48200,26-Jun-25,7272.975744786982,7816.877098810684,4301.755375739784,69,2,18.323809056960744,-5.737112678,7963,6410,,,,0.4425353292294276
6/18/25 14:15,BANKNIFTY.NSE.OPT.26Jun2025.48300.CALL,CALL,48300,26-Jun-25,7367.145943963516,7614.0380059195095,7625.491773453119,36,1,18.342992616573895,-6.171172105,6501,3809,,,,1.483075278927998
6/18/25 14:15,BANKNIFTY.NSE.OPT.26Jun2025.48400.CALL,CALL,48400,26-Jun-25,7279.563385853499,7492.551921155156,7363.441788077517,82,3,23.025258761906166,-4.725166838,7315,1411,,,,-0.162666719
6/18/25 14:15,BANKNIFTY.NSE.OPT.26Jun2025.48500.CALL,CALL,48500,26-Jun-25,7356.328593,7378.703550691508,7298.606708167599,28,39,23.221635394010143,-1.633329814,3498,8910,,,,1.000170241135383
6/18/25 14:15,BANKNIFTY.NSE.OPT.26Jun2025.48600.CALL,CALL,48600,26-Jun-25,6890.576377864269,7293.6025058051755,7188.382021984819,54,4,21.06643511,-9.312481631,2331,5001,,,,-1.637296432
6/18/25 14:15,BANKNIFTY.NSE.OPT.26Jun2025.48700.CALL,CALL,48700,26-Jun-25,6873.638595968218,7586.548789546022,7178.001106,89,4,34.37728927404105,-6.209829236,6205,3908,,,,-1.912672839
6/18/25 14:15,BANKNIFTY.NSE.OPT.26Jun2025.48800.CALL,CALL,48800,26-Jun-25,6721.779598777794,7129.404769065648,6652.537615187445,44,5,22.610976561902056,-6.260272984,2113,1825,,,,-0.391252744
6/18/25 14:15,BANKNIFTY.NSE.OPT.26Jun2025.48900.CALL,CALL,48900,26-Jun-25,6812.242064829617,7126.675270993189,7038.790590011173,71,0,18.27739734949093,9.623712174317575,3947,6946,,,,-1.594615307
6/18/25 14:15,BANKNIFTY.NSE.OPT.26Jun2025.49000.CALL,CALL,49000,26-Jun-25,6747.8356443696985,7057.201687271829,6987.481430037195,135,1747,29.030996489267224,-8.133696232,6796,1772,,,,-1.148437556
6/18/25 14:15,BANKNIFTY.NSE.OPT.26Jun2025.49100.CALL,CALL,49100,26-Jun-25,6439.168916257251,7048.296477263296,6424.6681071412995,31,1,34.59766339,0.31883636889095257,1760,3294,,,,0.548598504
6/18/25 14:15,BANKNIFTY.NSE.OPT.26Jun2025.49200.CALL,CALL,49200,26-Jun-25,6467.791245808558,6956.022021880296,6789.044920875704,86,14,15.098771058630454,3.3600346581126885,9999,5413,,,,1.4154079927578525
6/18/25 14:15,BANKNIFTY.NSE.OPT.26Jun2025.49300.CALL,CALL,49300,26-Jun-25,6130.1720862986795,6839.703315215543,6555.728590481529,85,32,24.44442999554665,-4.587283411,6914,2034,,,,-1.902880697
6/18/25 14:15,BANKNIFTY.NSE.OPT.26Jun2025.49400.CALL,CALL,49400,26-Jun-25,6067.141926129576,6693.639946309142,6660.0212525951965,12,1,31.85682930800616,9.688876262683056,8607,2796,,,,-1.049702809
6/18/25 14:15,BANKNIFTY.NSE.OPT.26Jun2025.49500.CALL,CALL,49500,26-Jun-25,6434.188706132153,6333.426104295722,6153.054792798257,51,418,29.39124555,-4.595653514,9504,4755,,,,1.9406446199670198
6/18/25 14:15,BANKNIFTY.NSE.OPT.26Jun2025.49600.CALL,CALL,49600,26-Jun-25,5931.133775,6309.307773283405,6716.856982204835,72,3,33.53591725614022,-5.049992333,9512,8753,,,,-1.113562793
6/18/25 14:15,BANKNIFTY.NSE.OPT.26Jun2025.49700.CALL,CALL,49700,26-Jun-25,5730.356199,6350.673066997951,6109.578977818246,16,1,30.49447347455356,-5.151811279,5931,6417,,,,0.8481392056431294
6/18/25 14:15,BANKNIFTY.NSE.OPT.26Jun2025.49800.CALL,CALL,49800,26-Jun-25,5634.086599530711,6221.876067148253,5861.037029557836,38,65,17.227501034185245,-6.89306308,1752,9556,,,,-1.553170063
6/18/25 14:15,BANKNIFTY.NSE.OPT.26Jun2025.49900.CALL,CALL,49900,26-Jun-25,5714.993774977547,6288.563742232916,6085.794425,53,0,29.77577628915423,-9.556581144,5051,5766,,,,-0.202930813
6/18/25 14:15,BANKNIFTY.NSE.OPT.26Jun2025.50000.CALL,CALL,50000,26-Jun-25,5896.13254,5796.186498193537,5963.240188744046,117,5140,20.259426394826143,-5.882579919,5813,9134,,,,1.910156118774371
6/18/25 14:15,BANKNIFTY.NSE.OPT.26Jun2025.50100.CALL,CALL,50100,26-Jun-25,5582.204719837513,5929.245357464082,5885.011952662098,92,6,25.88862856161031,3.675841242616544,1885,7931,,,,0.21649916
6/18/25 14:15,BANKNIFTY.NSE.OPT.26Jun2025.50200.CALL,CALL,50200,26-Jun-25,5518.1273126852975,5913.183861,5455.9032130896485,45,20,23.664432979195887,6.4232623529442705,7062,2944,,,,-0.824052411
6/18/25 14:15,BANKNIFTY.NSE.OPT.26Jun2025.50300.CALL,CALL,50300,26-Jun-25,5394.576586595864,5617.075260180335,5499.36091,46,12,21.524669860376626,-1.494072207,3802,7313,,,,-0.7445682
6/18/25 14:15,BANKNIFTY.NSE.OPT.26Jun2025.50400.CALL,CALL,50400,26-Jun-25,5275.046720660546,5736.922918864193,5056.867767085804,1,37,20.789414568240225,8.366317998329261,4026,2313,,,,-1.030139801
6/18/25 14:15,BANKNIFTY.NSE.OPT.26Jun2025.50500.CALL,CALL,50500,26-Jun-25,5309.168948967972,5331.871628804009,5425.206990139183,30,274,24.95634544255316,1.4070569800212258,9514,5272,,,,0.20484785962614893
6/18/25 14:15,BANKNIFTY.NSE.OPT.26Jun2025.50600.CALL,CALL,50600,26-Jun-25,5156.108965180562,5497.796838731136,5117.499014997468,55,48,34.371181404173655,1.3658255656084535,7172,7746,,,,-1.894287103
6/18/25 14:15,BANKNIFTY.NSE.OPT.26Jun2025.50700.CALL,CALL,50700,26-Jun-25,5018.717953485212,5293.233226,4996.6009939404585,70,14,28.633067192417876,-0.314906335,1920,9386,,,,-0.367975968
6/18/25 14:15,BANKNIFTY.NSE.OPT.26Jun2025.50800.CALL,CALL,50800,26-Jun-25,4973.289534,5311.870080673566,5100.0330854746635,82,18,23.238986108060534,-7.071965661,6712,9039,,,,1.9099403073388186
6/18/25 14:15,BANKNIFTY.NSE.OPT.26Jun2025.50900.CALL,CALL,50900,26-Jun-25,4879.117796927734,5050.347882197172,4801.962775812849,51,26,33.20634914951498,9.470863777637767,2575,9359,,,,-1.40287688
6/18/25 14:15,BANKNIFTY.NSE.OPT.26Jun2025.51000.CALL,CALL,51000,26-Jun-25,4844.601089650627,4966.218710003186,4908.453341001252,56,2717,31.780854297443568,7.6142194915837464,6832,7921,,,,1.3978581598958644
6/18/25 14:15,BANKNIFTY.NSE.OPT.26Jun2025.51100.CALL,CALL,51100,26-Jun-25,4598.641553357801,4909.793629828907,4583.335594,67,34,20.38550766667263,-0.491789831,4066,6245,,,,-0.157799646
6/18/25 14:15,BANKNIFTY.NSE.OPT.26Jun2025.51200.CALL,CALL,51200,26-Jun-25,4481.673978706129,4755.375245733012,3960.947548114782,14,32,29.588852620103943,7.010673995218589,9408,9842,,,,1.3769087159350022
6/18/25 14:15,BANKNIFTY.NSE.OPT.26Jun2025.51300.CALL,CALL,51300,26-Jun-25,4446.6724513302015,4654.216515,4698.786409662414,87,20,17.60424652284386,-4.974878384,7690,7041,,,,-0.768402319
6/18/25 14:15,BANKNIFTY.NSE.OPT.26Jun2025.51400.CALL,CALL,51400,26-Jun-25,4314.499162938591,4612.973499986599,4536.929266679544,49,30,16.607889960079866,9.508390426799743,4550,5169,,,,-1.830642843
6/18/25 14:15,BANKNIFTY.NSE.OPT.26Jun2025.51500.CALL,CALL,51500,26-Jun-25,4288.1293856772045,4380.256055465022,4420.784510988765,134,613,19.790647482910238,-6.950003431,2090,9997,,,,1.3291555814877207
6/18/25 14:15,BANKNIFTY.NSE.OPT.26Jun2025.51600.CALL,CALL,51600,26-Jun-25,4116.656656915145,4350.664382356511,4202.010099840486,30,28,24.813471890468467,2.827890719429627,4944,2618,,,,0.23498833328410207
6/18/25 14:15,BANKNIFTY.NSE.OPT.26Jun2025.51700.CALL,CALL,51700,26-Jun-25,4031.274331626125,4406.261509143435,4258.514463965076,49,24,18.59113079005969,-3.398664009,6282,1738,,,,0.6703248176467338
6/18/25 14:15,BANKNIFTY.NSE.OPT.26Jun2025.51800.CALL,CALL,51800,26-Jun-25,4015.3234801877406,4232.500468667457,3909.1777686600826,86,62,34.37930370603244,-6.078094383,1767,4068,,,,-0.216167748
6/18/25 14:15,BANKNIFTY.NSE.OPT.26Jun2025.51900.CALL,CALL,51900,26-Jun-25,3794.475240765858,4110.990785,4136.766082482392,17,42,28.950466801653572,-0.524534158,4478,3014,,,,-1.027072516
6/18/25 14:15,BANKNIFTY.NSE.OPT.26Jun2025.52000.CALL,CALL,52000,26-Jun-25,3812.8369823882613,3829.189850702924,3994.5821243724554,115,3984,28.418117461074136,6.169991829562591,2399,3517,,,,1.3681888135827163
6/18/25 14:15,BANKNIFTY.NSE.OPT.26Jun2025.52100.CALL,CALL,52100,26-Jun-25,3703.8408129125683,3893.917670307288,4356.769831209948,20,10,31.056194012853364,-0.660226459,2440,5978,,,,-0.136131794
6/18/25 14:15,BANKNIFTY.NSE.OPT.26Jun2025.52200.CALL,CALL,52200,26-Jun-25,3564.2046555651677,3813.8267272094195,3455.258417,34,87,17.261654053265257,1.547431211848787,9243,1660,,,,-0.400344956
6/18/25 14:15,BANKNIFTY.NSE.OPT.26Jun2025.52300.CALL,CALL,52300,26-Jun-25,3442.1728339267506,3690.915940629812,3405.023227,46,18,16.19867353284427,4.039194978454976,1424,7744,,,,1.0667650154184818
6/18/25 14:15,BANKNIFTY.NSE.OPT.26Jun2025.52400.CALL,CALL,52400,26-Jun-25,3312.3018820529937,3616.7890943621273,4380.610942066172,10,2,29.98151780412979,4.763353301,1285,8308,,,,-1.292021654
6/18/25 14:15,BANKNIFTY.NSE.OPT.26Jun2025.52500.CALL,CALL,52500,26-Jun-25,3421.779042117498,3440.643490027429,3494.4974555944887,157,2225,31.07031028163628,4.975892066689047,8811,1392,,,,-1.730531601
6/18/25 14:15,BANKNIFTY.NSE.OPT.26Jun2025.52600.CALL,CALL,52600,26-Jun-25,3116.3069979656507,3384.2250121411453,3111.8522069217324,96,10,25.528798009381536,-9.856645458,7979,3914,,,,1.9053177752621688
6/18/25 14:15,BANKNIFTY.NSE.OPT.26Jun2025.52700.CALL,CALL,52700,26-Jun-25,3136.598961678406,3382.1616455285966,3866.2789747308334,93,4,16.312196775229882,-8.185989781,1676,4004,,,,-0.326697421
6/18/25 14:15,BANKNIFTY.NSE.OPT.26Jun2025.52800.CALL,CALL,52800,26-Jun-25,3012.8246935757847,3180.0427412830686,3018.562162998814,34,76,16.34306823739187,0.18551226122112752,2001,7023,,,,-0.855124791
6/18/25 14:15,BANKNIFTY.NSE.OPT.26Jun2025.52900.CALL,CALL,52900,26-Jun-25,2913.781507372037,3099.198174734429,2968.8748040782707,79,10,31.40267762928243,-9.235476312,5268,9092,,,,-1.99190522
6/18/25 14:15,BANKNIFTY.NSE.OPT.26Jun2025.53000.CALL,CALL,53000,26-Jun-25,2932.8764938725008,2927.823652087696,2981.988744431349,1003,3986,33.795479041729294,-7.475598731,1249,1680,,,,-1.316677434
6/18/25 14:15,BANKNIFTY.NSE.OPT.26Jun2025.53100.CALL,CALL,53100,26-Jun-25,2705.6295905062398,2989.030540476483,2709.7964672814096,76,102,15.194115432410516,-3.387224872,1731,1227,,,,-0.348627583
6/18/25 14:15,BANKNIFTY.NSE.OPT.26Jun2025.53200.CALL,CALL,53200,26-Jun-25,2629.788332132032,2781.285187140829,2851.257734158848,96,19,26.582224001956224,3.7079239307294785,6755,8463,,,,0.5610823404542273
6/18/25 14:15,BANKNIFTY.NSE.OPT.26Jun2025.53300.CALL,CALL,53300,26-Jun-25,2506.1347626912807,2739.2613494195316,2696.2857926943516,1,78,23.492682571710944,-1.163075683,8998,5535,,,,1.7991852670636934
6/18/25 14:15,BANKNIFTY.NSE.OPT.26Jun2025.53400.CALL,CALL,53400,26-Jun-25,2443.8853690321835,2558.164231222183,2662.1595252037196,24,29,32.99354443348491,8.352292376,7330,7785,,,,0.6532656514414925
6/18/25 14:15,BANKNIFTY.NSE.OPT.26Jun2025.53500.CALL,CALL,53500,26-Jun-25,2373.3978559672937,2474.6981908719304,2357.452949005902,107,1686,19.67751518679442,-7.285160138,5543,5131,,,,0.053474539
6/18/25 14:15,BANKNIFTY.NSE.OPT.26Jun2025.53600.CALL,CALL,53600,26-Jun-25,2290.765340286885,2371.466457931445,2240.896762133706,97,76,30.605029377167945,-6.110810597,4265,9506,,,,-1.243527767
6/18/25 14:15,BANKNIFTY.NSE.OPT.26Jun2025.53700.CALL,CALL,53700,26-Jun-25,2133.9515646907867,2351.489814060416,2281.3965546806926,41,83,20.86834162094617,6.852671439042581,6389,1933,,,,-1.723525938
6/18/25 14:15,BANKNIFTY.NSE.OPT.26Jun2025.53800.CALL,CALL,53800,26-Jun-25,2080.0274925656686,2264.632812086303,2093.7202176185842,98,55,30.586630572234863,6.831647162078379,8863,3120,,,,-0.036733143
6/18/25 14:15,BANKNIFTY.NSE.OPT.26Jun2025.53900.CALL,CALL,53900,26-Jun-25,1913.6964394271135,2142.411155923663,1939.765318614256,29,68,15.631669560252641,-3.672973089,4013,7053,,,,-0.324052132
6/18/25 14:15,BANKNIFTY.NSE.OPT.26Jun2025.54000.CALL,CALL,54000,26-Jun-25,1922.449439079482,1936.470645807229,2008.947090166706,912,6076,15.43209460748378,-4.113699778,3576,8009,,,,1.7230265163937282
6/18/25 14:15,BANKNIFTY.NSE.OPT.26Jun2025.54100.CALL,CALL,54100,26-Jun-25,1784.7074963637313,1939.957591043819,1830.8511629885484,58,134,31.90835237905096,-1.565654912,5872,9837,,,,-1.261022769
6/18/25 14:15,BANKNIFTY.NSE.OPT.26Jun2025.54200.CALL,CALL,54200,26-Jun-25,1749.7927823518708,1917.6654614041179,1731.5048567066526,48,73,32.55908320667852,7.548000992115465,8664,5509,,,,-1.51334479
6/18/25 14:15,BANKNIFTY.NSE.OPT.26Jun2025.54300.CALL,CALL,54300,26-Jun-25,1566.8910726998013,1816.394781342607,1694.6029840766287,94,104,21.531724192224384,-8.558119932,2969,2427,,,,-0.282458988
6/18/25 14:15,BANKNIFTY.NSE.OPT.26Jun2025.54400.CALL,CALL,54400,26-Jun-25,1559.9975034907748,1691.3992783709866,1505.832640645418,75,109,21.268735053529994,-7.775204547,8131,6607,,,,-1.854604444
6/18/25 14:15,BANKNIFTY.NSE.OPT.26Jun2025.54500.CALL,CALL,54500,26-Jun-25,1509.5763193860591,1493.4680273430558,1475.8144757718708,1214,2263,34.30511100170473,1.5501855945261127,9293,5468,,,,0.5642123739576954
6/18/25 14:15,BANKNIFTY.NSE.OPT.26Jun2025.54600.CALL,CALL,54600,26-Jun-25,1404.701923444561,1439.6806797262718,1434.402148,226,508,30.13103389248386,7.963645395580862,2135,3139,,,,1.0118056532551947
6/18/25 14:15,BANKNIFTY.NSE.OPT.26Jun2025.54700.CALL,CALL,54700,26-Jun-25,1320.3320692365562,1366.9899105312081,1381.2936531086646,163,284,19.621986343911132,-1.131913244,3786,4842,,,,0.526488907
6/18/25 14:15,BANKNIFTY.NSE.OPT.26Jun2025.54800.CALL,CALL,54800,26-Jun-25,1227.6715379409247,1238.8844186236483,1271.2697543874744,292,405,34.89133194206423,5.805507877,5292,1198,,,,-0.061901566
6/18/25 14:15,BANKNIFTY.NSE.OPT.26Jun2025.54900.CALL,CALL,54900,26-Jun-25,1172.0492961569064,1173.1327248395692,1127.9141037414715,404,467,34.392233738884244,4.384249436152583,6140,6756,,,,1.5434883120774159
6/18/25 14:15,BANKNIFTY.NSE.OPT.26Jun2025.55000.CALL,CALL,55000,26-Jun-25,1089.8012231901203,1085.1128929574988,1074.6467245585452,18410,16873,34.55921317245168,-6.242100875,8034,8893,,,,0.5156924402200933
6/18/25 14:15,BANKNIFTY.NSE.OPT.26Jun2025.55100.CALL,CALL,55100,26-Jun-25,988.9231353168162,1012.9267661262816,976.5451631727796,1460,570,34.73934951411978,8.673992994954112,9258,5599,,,,-1.957388441
6/18/25 14:15,BANKNIFTY.NSE.OPT.26Jun2025.55200.CALL,CALL,55200,26-Jun-25,927.5239431,943.5226148285453,911.2724933701749,3965,1246,29.742657339542372,-9.178930261,7638,3153,,,,-0.826236768
6/18/25 14:15,BANKNIFTY.NSE.OPT.26Jun2025.55300.CALL,CALL,55300,26-Jun-25,864.7379961823067,856.9306785775645,872.7862001742267,7133,1525,24.46329425409235,2.5727831388204656,9776,8005,,,,1.6894490360241292
6/18/25 14:15,BANKNIFTY.NSE.OPT.26Jun2025.55400.CALL,CALL,55400,26-Jun-25,780.9206082837944,802.6062938927414,768.0953097880459,11553,2568,20.507156318641556,-8.978894937,3564,7873,,,,1.5015348064461747
6/18/25 14:15,BANKNIFTY.NSE.OPT.26Jun2025.55500.CALL,CALL,55500,26-Jun-25,725.0345031766036,701.8812618957388,701.7854670299902,100628,17046,31.78053822351665,4.304332943117515,1994,5110,,,,-0.982418946
6/18/25 14:15,BANKNIFTY.NSE.OPT.26Jun2025.55600.CALL,CALL,55600,26-Jun-25,653.0568534951466,651.2773603,646.6882425969183,72171,5485,30.876482155332248,0.798478443,7319,5877,,,,-0.431211709
6/18/25 14:15,BANKNIFTY.NSE.OPT.26Jun2025.55700.CALL,CALL,55700,26-Jun-25,594.7931783056181,602.4479875901282,573.7085802372953,152115,6461,19.436949014763943,-4.879400685,1322,9822,,,,-0.22849818
6/18/25 14:15,BANKNIFTY.NSE.OPT.26Jun2025.55800.CALL,CALL,55800,26-Jun-25,524.6788103242135,540.7719883211516,540.1838732,191942,15962,19.97361631884549,1.8201448905601687,6521,7638,,,,-0.380777138
6/18/25 14:15,BANKNIFTY.NSE.OPT.26Jun2025.55900.CALL,CALL,55900,26-Jun-25,474.09587098056573,483.4030858439219,473.17555951590856,134352,11039,30.600474714820862,3.312925654190515,7573,3072,,,,-0.379033904
6/18/25 14:15,BANKNIFTY.NSE.OPT.26Jun2025.56000.CALL,CALL,56000,26-Jun-25,415.54481685113063,434.26581798462485,430.21344632739755,278518,86893,27.39654482843646,3.561006431762628,1898,5931,,,,-1.698879369
6/18/25 14:15,BANKNIFTY.NSE.OPT.26Jun2025.56100.CALL,CALL,56100,26-Jun-25,385.5113192695724,381.6171341635201,369.054682,46573,7354,30.134299227960355,3.854790864000739,2068,1290,,,,-1.222292175
6/18/25 14:15,BANKNIFTY.NSE.OPT.26Jun2025.56200.CALL,CALL,56200,26-Jun-25,329.24665680783056,343.2262479350708,331.8702462,47273,7991,24.324847457965674,-2.505066464,7219,4792,,,,0.099909125
6/18/25 14:15,BANKNIFTY.NSE.OPT.26Jun2025.56300.CALL,CALL,56300,26-Jun-25,293.0720126306036,295.42629982714976,297.0073076886784,36295,7014,18.23350876684279,7.655737811988196,9240,1869,,,,-1.293975137
6/18/25 14:15,BANKNIFTY.NSE.OPT.26Jun2025.56400.CALL,CALL,56400,26-Jun-25,261.9079428503547,268.1665135869704,263.73824447638447,32442,6883,20.559488145383302,3.4334451385444495,2012,5724,,,,-1.831780039
6/18/25 14:15,BANKNIFTY.NSE.OPT.26Jun2025.56500.CALL,CALL,56500,26-Jun-25,236.9523845801725,237.96957054410385,229.27722105468052,112134,40999,32.38562385065063,8.866903653498259,2322,5869,,,,0.11539499368756401
6/18/25 14:15,BANKNIFTY.NSE.OPT.26Jun2025.56600.CALL,CALL,56600,26-Jun-25,204.28824605877514,204.81755233771662,198.75032860617256,32335,11135,21.037719606362174,-5.579683545,2662,5437,,,,0.698235378
6/18/25 14:15,BANKNIFTY.NSE.OPT.26Jun2025.56700.CALL,CALL,56700,26-Jun-25,181.14801316212274,176.7608804354392,178.9060220970855,30326,9696,30.95909123377488,-7.269007091,4414,2856,,,,0.6328057600938317
6/18/25 14:15,BANKNIFTY.NSE.OPT.26Jun2025.56800.CALL,CALL,56800,26-Jun-25,155.97604592589764,158.19568130532173,157.51091748353508,27729,12433,22.90022351590781,-5.75031093,9104,7217,,,,0.5082594484625651
6/18/25 14:15,BANKNIFTY.NSE.OPT.26Jun2025.56900.CALL,CALL,56900,26-Jun-25,136.90087929939554,138.60706858371924,137.00820117614424,20566,10706,27.317051051217128,3.052401546,1370,1698,,,,-0.075508009
6/18/25 14:15,BANKNIFTY.NSE.OPT.26Jun2025.57000.CALL,CALL,57000,26-Jun-25,117.61803109955454,119.62826335342807,118.55841710367764,114643,54832,30.99833969,-9.48128817,6611,6419,,,,0.9644502603519065
6/18/25 14:15,BANKNIFTY.NSE.OPT.26Jun2025.57100.CALL,CALL,57100,26-Jun-25,99.78220801013327,103.72876602637997,101.7151882943444,15899,5310,30.77665921234665,4.592490691240901,4756,3278,,,,1.2356483255982447
6/18/25 14:15,BANKNIFTY.NSE.OPT.26Jun2025.57200.CALL,CALL,57200,26-Jun-25,90.77522263,91.78462682875356,89.98451747618768,25213,6001,32.17497562156258,2.084809927366349,2601,8391,,,,-1.195004596
6/18/25 14:15,BANKNIFTY.NSE.OPT.26Jun2025.57300.CALL,CALL,57300,26-Jun-25,77.79743407366645,78.53782791018548,81.54246057323881,16670,4579,25.861932399605116,-5.737759538,7316,3992,,,,0.45652776336441825
6/18/25 14:15,BANKNIFTY.NSE.OPT.26Jun2025.57400.CALL,CALL,57400,26-Jun-25,65.97753515201538,68.55425963007299,67.61153649870575,17547,4713,19.354685819110415,-8.471702836,5156,6475,,,,0.5618934476210624
6/18/25 14:15,BANKNIFTY.NSE.OPT.26Jun2025.57500.CALL,CALL,57500,26-Jun-25,57.775970845262016,61.18424041,59.92744095304781,93030,36660,28.34674739392091,-4.728516206,3652,2664,,,,-1.416662727
6/18/25 14:15,BANKNIFTY.NSE.OPT.26Jun2025.57600.CALL,CALL,57600,26-Jun-25,51.20172098174845,52.520837528880584,52.37542142497423,14638,4206,22.812534241808578,9.995117532962073,5967,8440,,,,0.1902538498740194
6/18/25 14:15,BANKNIFTY.NSE.OPT.26Jun2025.57700.CALL,CALL,57700,26-Jun-25,44.29925892383673,46.42642366279923,46.84460458302891,12884,4135,24.634641546414066,-6.120851225,6428,9080,,,,1.7787649352350452
6/18/25 14:15,BANKNIFTY.NSE.OPT.26Jun2025.57800.CALL,CALL,57800,26-Jun-25,39.042238410838735,41.13955609059045,40.00263140621671,20078,4805,22.257607666911728,2.057907745327565,9452,6744,,,,-1.619724693
6/18/25 14:15,BANKNIFTY.NSE.OPT.26Jun2025.57900.CALL,CALL,57900,26-Jun-25,33.307214505006634,36.568672950482735,35.19485018446204,8574,2396,15.425581247657155,-2.673123509,9638,4018,,,,-1.460929604
6/18/25 14:15,BANKNIFTY.NSE.OPT.26Jun2025.58000.CALL,CALL,58000,26-Jun-25,29.661188514018182,31.06866685848595,29.779687385114716,85444,37714,31.364207189285047,2.3100430096771873,5659,2630,,,,1.7104869004842564
6/18/25 14:15,BANKNIFTY.NSE.OPT.26Jun2025.58100.CALL,CALL,58100,26-Jun-25,26.515043041965733,27.85865481622509,26.956604448671804,9300,3037,27.99833696000028,9.048575458662054,4394,4314,,,,-1.251604159
6/18/25 14:15,BANKNIFTY.NSE.OPT.26Jun2025.58200.CALL,CALL,58200,26-Jun-25,24.21127641,24.945461616028624,23.951320336706637,14809,4738,15.399786703162512,-9.209226682,6479,5641,,,,0.3045098950277927
6/18/25 14:15,BANKNIFTY.NSE.OPT.26Jun2025.58300.CALL,CALL,58300,26-Jun-25,20.695011927957204,21.66770398443251,20.55097507784986,10139,3680,16.49877518401266,2.0030026597857216,1504,6616,,,,-0.548122687
6/18/25 14:15,BANKNIFTY.NSE.OPT.26Jun2025.58400.CALL,CALL,58400,26-Jun-25,18.952065076854815,19.557653721026256,19.687394873966277,10138,2206,32.859127462347054,-0.152737572,7341,8334,,,,0.2682309181775464
6/18/25 14:15,BANKNIFTY.NSE.OPT.26Jun2025.58500.CALL,CALL,58500,26-Jun-25,16.480937007845466,17.79180642381842,16.943230315484747,54316,31034,26.36876030972692,7.514796548419984,2763,3626,,,,1.4827338256174625
6/18/25 14:15,BANKNIFTY.NSE.OPT.26Jun2025.58600.CALL,CALL,58600,26-Jun-25,14.367549435117606,15.610569010017542,15.478748774893608,6557,2682,16.924308965284737,8.155443816678513,8371,7420,,,,1.2958246414278047
6/18/25 14:15,BANKNIFTY.NSE.OPT.26Jun2025.58700.CALL,CALL,58700,26-Jun-25,13.581025094428293,14.428891725936435,13.453884996208576,12686,2104,24.575471569267687,0.8900847861758727,3487,6809,,,,1.065268912341018
6/18/25 14:15,BANKNIFTY.NSE.OPT.26Jun2025.58800.CALL,CALL,58800,26-Jun-25,11.43549973300827,12.957292296901697,12.66856272,8435,3892,28.66244054681704,-9.366921949,6954,7400,,,,1.3863935479370944
6/18/25 14:15,BANKNIFTY.NSE.OPT.26Jun2025.58900.CALL,CALL,58900,26-Jun-25,11.08964263,11.906457275007995,11.54758194874694,8816,3888,30.654376854019077,0.852460203,2661,2851,,,,1.5768031763146566
6/18/25 14:15,BANKNIFTY.NSE.OPT.26Jun2025.59000.CALL,CALL,59000,26-Jun-25,10.53136235993251,10.642911892342614,10.662488593437676,70905,46194,22.40152026818322,5.411129634578437,3351,5362,,,,-0.180757772
6/18/25 14:15,BANKNIFTY.NSE.OPT.26Jun2025.59100.CALL,CALL,59100,26-Jun-25,10.090460710360086,9.960020982675285,9.835853818172389,5861,1825,19.008609704890198,1.495342674326972,7984,3783,,,,1.870541088611143
6/18/25 14:15,BANKNIFTY.NSE.OPT.26Jun2025.59200.CALL,CALL,59200,26-Jun-25,9.405741818437225,9.89411763,9.651141179033253,3276,1722,17.777962876610324,-4.181100173,5962,9202,,,,1.7521241602888211
6/18/25 14:15,BANKNIFTY.NSE.OPT.26Jun2025.59300.CALL,CALL,59300,26-Jun-25,8.929760448136118,9.176514671407062,8.848099877128655,3433,1698,31.92537948945775,7.485931166214275,2888,3562,,,,1.679074606034666
6/18/25 14:15,BANKNIFTY.NSE.OPT.26Jun2025.59400.CALL,CALL,59400,26-Jun-25,8.652031966388012,9.366924620200429,8.670951846687903,1485,1265,32.51917986736513,-9.909453001,4283,8841,,,,-1.214107805
6/18/25 14:15,BANKNIFTY.NSE.OPT.26Jun2025.59500.CALL,CALL,59500,26-Jun-25,7.8792969418261585,8.005102905467743,7.931672341929547,35632,33345,16.096680753602122,-3.478379138,2302,7497,,,,1.1092330866262419
6/18/25 14:15,BANKNIFTY.NSE.OPT.26Jun2025.59600.CALL,CALL,59600,26-Jun-25,7.6482488683847905,7.858724339929954,7.777821205059938,1806,1644,21.164313591067682,0.016948185972424312,7955,2541,,,,-0.28223266
6/18/25 14:15,BANKNIFTY.NSE.OPT.26Jun2025.59700.CALL,CALL,59700,26-Jun-25,7.042058788542709,7.7516249431508095,7.775653206250931,3436,6052,31.20660594106686,-9.339631141,5359,5740,,,,-0.527554527
6/18/25 14:15,BANKNIFTY.NSE.OPT.26Jun2025.59800.CALL,CALL,59800,26-Jun-25,6.8957791352356015,7.6935521755647525,7.096305080903114,1492,1795,18.635980929237203,-0.88561195,9916,4171,,,,1.2219833129066289
6/18/25 14:15,BANKNIFTY.NSE.OPT.26Jun2025.59900.CALL,CALL,59900,26-Jun-25,7.2850591162501495,7.919232553386042,7.370481877434647,1944,1661,16.500750408280705,-9.564138517,9971,8661,,,,0.2860717566946289
6/18/25 14:15,BANKNIFTY.NSE.OPT.26Jun2025.60000.CALL,CALL,60000,26-Jun-25,6.666130585655606,6.869978311400061,6.885303929485988,40632,50594,22.618971848508345,-4.057272681,5781,5172,,,,0.8055332787488898
6/18/25 14:15,BANKNIFTY.NSE.OPT.26Jun2025.60100.CALL,CALL,60100,26-Jun-25,6.827086659600569,7.069415194867868,6.958911759,1120,1407,24.10051365208128,0.4603393096883224,3241,9484,,,,0.9157662770207442
6/18/25 14:15,BANKNIFTY.NSE.OPT.26Jun2025.60200.CALL,CALL,60200,26-Jun-25,5.469390745009537,6.299038033233831,6.376200104824034,2246,3569,31.437580334234077,-6.271135665,3572,2257,,,,-1.909249271
6/18/25 14:15,BANKNIFTY.NSE.OPT.26Jun2025.60300.CALL,CALL,60300,26-Jun-25,6.385383406128163,6.826849064151662,6.642712037913903,1881,1593,26.012838231738005,-5.593996309,8443,3689,,,,-1.237271021
6/18/25 14:15,BANKNIFTY.NSE.OPT.26Jun2025.60400.CALL,CALL,60400,26-Jun-25,6.317545894195749,8.018571543419565,6.534042291,740,1075,30.10395606587184,0.36319488968494085,4110,8813,,,,1.0959983305295027
6/18/25 14:15,BANKNIFTY.NSE.OPT.26Jun2025.60500.CALL,CALL,60500,26-Jun-25,5.355158037927041,5.993556436671389,6.106030558157539,14735,17020,16.21992633831084,5.132494112604169,9222,8840,,,,-0.480896676
6/18/25 14:15,BANKNIFTY.NSE.OPT.26Jun2025.60600.CALL,CALL,60600,26-Jun-25,5.099063842674814,6.9409326822680235,6.857950638055025,1297,1298,22.054884469419463,-0.693061049,1781,8444,,,,0.26298673263252814
6/18/25 14:15,BANKNIFTY.NSE.OPT.26Jun2025.60700.CALL,CALL,60700,26-Jun-25,6.001059168175964,7.000300210848539,5.777479110535939,933,888,17.40093731092537,-1.495874315,4081,2066,,,,-1.364630008
6/18/25 14:15,BANKNIFTY.NSE.OPT.26Jun2025.60800.CALL,CALL,60800,26-Jun-25,5.068699940609818,6.401608093,5.931549652747052,492,768,22.507587002968997,-3.353760535,5008,3227,,,,-0.018803493
6/18/25 14:15,BANKNIFTY.NSE.OPT.26Jun2025.60900.CALL,CALL,60900,26-Jun-25,5.554818873305058,6.107396756036867,5.924171331849835,1124,959,17.10179143950938,-7.859630234,5998,8016,,,,-0.122147329
6/18/25 14:15,BANKNIFTY.NSE.OPT.26Jun2025.61000.CALL,CALL,61000,26-Jun-25,5.449496590184468,5.423975965,5.489711015027169,30268,28010,25.457185357092364,-5.994701657,8580,4339,,,,1.3979201117136508
6/18/25 14:15,BANKNIFTY.NSE.OPT.26Jun2025.61100.CALL,CALL,61100,26-Jun-25,4.383384330260084,7.385807114975009,5.218626449472086,388,248,24.363018076369997,-0.765732222,5717,1805,,,,-0.01873179
6/18/25 14:15,BANKNIFTY.NSE.OPT.26Jun2025.61200.CALL,CALL,61200,26-Jun-25,5.4303390664973685,7.560868550458821,5.470400438532834,289,230,33.192096934219364,6.993144424459622,5549,3967,,,,-1.199972555
6/18/25 14:15,BANKNIFTY.NSE.OPT.26Jun2025.61300.CALL,CALL,61300,26-Jun-25,4.026779096259039,6.774907682363861,5.335644360137414,358,135,31.507337243216448,4.604756224361237,9407,1121,,,,-1.562928523
6/18/25 14:15,BANKNIFTY.NSE.OPT.26Jun2025.61400.CALL,CALL,61400,26-Jun-25,4.050485948027955,5.329564392330512,5.290633233261691,997,447,24.95323081271523,8.862443426079448,9351,6858,,,,0.698333471
6/18/25 14:15,BANKNIFTY.NSE.OPT.26Jun2025.61500.CALL,CALL,61500,26-Jun-25,4.673488929060688,5.311915727,5.301325587401262,5680,7564,31.811342606058247,-3.229279929,3384,2355,,,,0.8867904526302626
6/18/25 14:15,BANKNIFTY.NSE.OPT.26Jun2025.61600.CALL,CALL,61600,26-Jun-25,4.851627267438847,6.015289693962461,5.042215926370276,1228,534,23.947469922633175,-5.18638736,5171,5719,,,,1.227498953971951
6/18/25 14:15,BANKNIFTY.NSE.OPT.26Jun2025.61700.CALL,CALL,61700,26-Jun-25,4.0906670771571525,5.677445121798355,5.631710507,132,170,16.63936992931293,-2.091202464,4774,9627,,,,0.8960466539089769
6/18/25 14:15,BANKNIFTY.NSE.OPT.26Jun2025.61800.CALL,CALL,61800,26-Jun-25,4.279279920412991,6.724936418558262,5.084013411099128,508,204,26.620629015424388,8.004472681017482,1917,4376,,,,0.39225774494574095
6/18/25 14:15,BANKNIFTY.NSE.OPT.26Jun2025.62000.CALL,CALL,62000,26-Jun-25,4.639636685477706,4.941354445475858,4.5738921229534855,10194,13447,15.014876745263237,-7.441336574,5094,8489,,,,-1.897851442
6/18/25 14:15,BANKNIFTY.NSE.OPT.26Jun2025.62500.CALL,CALL,62500,26-Jun-25,4.642453379906319,4.849624118768852,4.866374288621695,6616,7878,26.946064190359266,0.4219719637812691,8453,7697,,,,-0.473522204
6/18/25 14:15,BANKNIFTY.NSE.OPT.26Jun2025.63000.CALL,CALL,63000,26-Jun-25,4.169212605687914,4.644926888022823,4.281398814416456,9860,31997,24.75393618,-1.267952343,4380,1205,,,,0.7506092183082838
6/18/25 14:15,BANKNIFTY.NSE.OPT.26Jun2025.63500.CALL,CALL,63500,26-Jun-25,3.7781223288426498,4.045214571287998,3.8897675758046963,7323,10789,16.88906914816149,5.478668769692909,1346,6888,,,,-1.185987753
6/18/25 14:15,BANKNIFTY.NSE.OPT.26Jun2025.64000.CALL,CALL,64000,26-Jun-25,3.7418604339238466,3.953476870518162,3.9383711105262105,7341,8685,31.828970582229704,-4.591495517,3099,7708,,,,1.5057595980898961
6/18/25 14:15,BANKNIFTY.NSE.OPT.26Jun2025.64500.CALL,CALL,64500,26-Jun-25,3.7405605839794793,3.925677427587981,3.9037713885876744,23239,25087,29.38437423376621,-9.973038773,8950,9622,,,,-0.854256712