timestamp,symbol,option_type,strike,expiry,bid,ask,last,volume,open_interest,impliedVolatility,pchangeinOpenInterest,totalBuyQuantity,totalSellQuantity,underlyingValue,underlying,identifier,pChange
2025-06-18 15:18:47,NIFTY.NSE.OPT.25Jun2026.12000.PUT,PUT,12000,25-Jun-2026,2.3,20.05,20.05,2,4,35.37,-31.57894736842105,5850,75,,,,0.0
2025-06-18 15:18:47,NIFTY.NSE.OPT.31Dec2026.12000.PUT,PUT,12000,31-Dec-2026,20.05,0.0,20.05,0,14,0.0,0.0,4650,0,,,,0.0
2025-06-18 15:18:47,NIFTY.NSE.OPT.24Dec2025.13000.PUT,PUT,13000,24-Dec-2025,6.75,19.45,10.15,1,89,38.98,1.1278195488721805,15750,600,,,,0.0
2025-06-18 15:18:47,NIFTY.NSE.OPT.25Jun2026.13000.PUT,PUT,13000,25-Jun-2026,2.05,0.0,21.6,0,2,0.0,0.0,5625,0,,,,0.0
2025-06-18 15:18:47,NIFTY.NSE.OPT.31Dec2026.13000.PUT,PUT,13000,31-Dec-2026,20.0,0.0,20.3,0,27,0.0,0.0,4125,0,,,,0.0
2025-06-18 15:18:47,NIFTY.NSE.OPT.26Jun2025.14000.PUT,PUT,14000,26-Jun-2025,0.7,0.85,0.7,6865,2751,122.36,-29.941441059153018,2664300,44475,,,,16.666666666666664
2025-06-18 15:18:47,NIFTY.NSE.OPT.25Jun2026.14000.PUT,PUT,14000,25-Jun-2026,20.05,0.0,24.0,0,16,0.0,0.0,4050,0,,,,0.0
2025-06-18 15:18:47,NIFTY.NSE.OPT.31Dec2026.14000.PUT,PUT,14000,31-Dec-2026,20.8,0.0,21.3,0,22,0.0,0.0,3975,0,,,,0.0
2025-06-18 15:18:47,NIFTY.NSE.OPT.26Jun2025.15000.PUT,PUT,15000,26-Jun-2025,0.8,0.95,0.95,1724,1024,111.19,41.41739530602853,125625,7650,,,,35.714285714285715
2025-06-18 15:18:47,NIFTY.NSE.OPT.24Dec2025.15000.PUT,PUT,15000,24-Dec-2025,13.8,16.05,13.8,0,58,0.0,0.0,11325,75,,,,0.0
2025-06-18 15:18:47,NIFTY.NSE.OPT.25Jun2026.15000.PUT,PUT,15000,25-Jun-2026,20.45,0.0,20.2,0,13,0.0,0.0,4050,0,,,,0.0
2025-06-18 15:18:47,NIFTY.NSE.OPT.31Dec2026.15000.PUT,PUT,15000,31-Dec-2026,22.65,0.0,25.05,0,18,0.0,0.0,4425,0,,,,0.0
2025-06-18 15:18:47,NIFTY.NSE.OPT.30Dec2027.15000.PUT,PUT,15000,30-Dec-2027,3.25,0.0,43.05,0,6,0.0,0.0,5625,0,,,,0.0
2025-06-18 15:18:47,NIFTY.NSE.OPT.26Jun2025.16000.PUT,PUT,16000,26-Jun-2025,0.9,1.05,1.05,507,975,98.66,-5.888030888030888,90525,7050,,,,-4.545454545454549
2025-06-18 15:18:47,NIFTY.NSE.OPT.24Dec2025.16000.PUT,PUT,16000,24-Dec-2025,17.1,0.0,16.7,2,50,30.0,-3.821656050955414,9750,0,,,,-10.21505376344087
2025-06-18 15:18:47,NIFTY.NSE.OPT.25Jun2026.16000.PUT,PUT,16000,25-Jun-2026,21.7,0.0,21.0,0,30,0.0,0.0,4350,0,,,,0.0
2025-06-18 15:18:47,NIFTY.NSE.OPT.31Dec2026.16000.PUT,PUT,16000,31-Dec-2026,27.75,0.0,23.3,0,32,0.0,0.0,4200,0,,,,0.0
2025-06-18 15:18:47,NIFTY.NSE.OPT.24Dec2025.16500.PUT,PUT,16500,24-Dec-2025,20.0,0.0,19.6,3,47,28.92,2.1739130434782608,6375,0,,,,-4.854368932038835
2025-06-18 15:18:47,NIFTY.NSE.OPT.26Jun2025.17000.CALL,CALL,17000,26-Jun-2025,7608.5,7808.75,7805.55,122,2509,0.0,-4.454880060921437,300,225,,,,-0.5662420382165582
2025-06-18 15:18:47,NIFTY.NSE.OPT.26Jun2025.17000.PUT,PUT,17000,26-Jun-2025,1.05,1.1,1.1,1471,3908,86.29,0.15376729882111737,54975,20550,,,,-8.333333333333323
2025-06-18 15:18:47,NIFTY.NSE.OPT.25Sep2025.17000.PUT,PUT,17000,25-Sep-2025,10.6,11.5,12.0,0,147,0.0,0.0,65550,2700,,,,0.0
2025-06-18 15:18:47,NIFTY.NSE.OPT.24Dec2025.17000.PUT,PUT,17000,24-Dec-2025,20.3,0.0,27.6,0,539,0.0,0.0,15375,0,,,,-0.5405405405405355
2025-06-18 15:18:47,NIFTY.NSE.OPT.26Mar2026.17000.PUT,PUT,17000,26-Mar-2026,21.95,0.0,0.0,0,0,0.0,0.0,4575,0,,,,0.0
2025-06-18 15:18:47,NIFTY.NSE.OPT.25Jun2026.17000.PUT,PUT,17000,25-Jun-2026,25.95,0.0,0.0,0,0,0.0,0.0,4050,0,,,,0.0
2025-06-18 15:18:47,NIFTY.NSE.OPT.31Dec2026.17000.PUT,PUT,17000,31-Dec-2026,38.8,0.0,97.05,0,38,0.0,0.0,4350,0,,,,0.0
2025-06-18 15:18:47,NIFTY.NSE.OPT.24Jun2027.17000.PUT,PUT,17000,24-Jun-2027,5.0,0.0,0.0,0,0,0.0,0.0,3750,0,,,,0.0
2025-06-18 15:18:47,NIFTY.NSE.OPT.30Dec2027.17000.PUT,PUT,17000,30-Dec-2027,71.05,100.0,94.05,0,189,0.0,0.0,4575,300,,,,0.0
2025-06-18 15:18:47,NIFTY.NSE.OPT.29Jun2028.17000.PUT,PUT,17000,29-Jun-2028,7.0,0.0,0.0,0,0,0.0,0.0,3750,0,,,,0.0
2025-06-18 15:18:47,NIFTY.NSE.OPT.28Dec2028.17000.PUT,PUT,17000,28-Dec-2028,6.0,0.0,0.0,0,0,0.0,0.0,3750,0,,,,0.0
2025-06-18 15:18:47,NIFTY.NSE.OPT.28Jun2029.17000.PUT,PUT,17000,28-Jun-2029,5.05,0.0,0.0,0,0,0.0,0.0,4425,0,,,,0.0
2025-06-18 15:18:47,NIFTY.NSE.OPT.27Dec2029.17000.PUT,PUT,17000,27-Dec-2029,11.0,0.0,0.0,0,0,0.0,0.0,3750,0,,,,0.0
2025-06-18 15:18:47,NIFTY.NSE.OPT.26Jun2025.18000.CALL,CALL,18000,26-Jun-2025,6761.6,6810.1,6815.85,80,1008,0.0,-6.317745432022298,450,375,,,,-0.6334465616024932
2025-06-18 15:18:47,NIFTY.NSE.OPT.26Jun2025.18000.PUT,PUT,18000,26-Jun-2025,1.05,1.15,1.15,2275,6961,74.47,-1.0237452011943693,85350,37725,,,,-11.538461538461549
2025-06-18 15:18:47,NIFTY.NSE.OPT.25Sep2025.18000.PUT,PUT,18000,25-Sep-2025,12.0,16.0,13.4,1,137,29.6,-0.7246376811594203,55500,1500,,,,-0.740740740740738
2025-06-18 15:18:47,NIFTY.NSE.OPT.24Dec2025.18000.CALL,CALL,18000,24-Dec-2025,6278.45,7275.0,7200.0,58,210,0.0,36.36363636363637,300,300,,,,-0.7580978635423846
2025-06-18 15:18:47,NIFTY.NSE.OPT.24Dec2025.18000.PUT,PUT,18000,24-Dec-2025,35.05,35.5,35.95,108,1293,26.29,0.07739938080495357,6300,4200,,,,0.41899441340783716
2025-06-18 15:18:47,NIFTY.NSE.OPT.26Mar2026.18000.PUT,PUT,18000,26-Mar-2026,27.35,0.0,0.0,0,0,0.0,0.0,4500,0,,,,0.0
2025-06-18 15:18:47,NIFTY.NSE.OPT.25Jun2026.18000.PUT,PUT,18000,25-Jun-2026,36.5,0.0,0.0,0,0,0.0,0.0,4050,0,,,,0.0
2025-06-18 15:18:47,NIFTY.NSE.OPT.31Dec2026.18000.PUT,PUT,18000,31-Dec-2026,60.7,0.0,76.1,0,69,0.0,0.0,3975,0,,,,0.0
2025-06-18 15:18:47,NIFTY.NSE.OPT.24Jun2027.18000.PUT,PUT,18000,24-Jun-2027,12.0,0.0,48.55,0,0,0.0,0.0,3975,0,,,,0.0
2025-06-18 15:18:47,NIFTY.NSE.OPT.30Dec2027.18000.PUT,PUT,18000,30-Dec-2027,90.05,171.95,126.0,0,135,0.0,0.0,4650,225,,,,0.0
2025-06-18 15:18:47,NIFTY.NSE.OPT.29Jun2028.18000.PUT,PUT,18000,29-Jun-2028,6.0,0.0,0.0,0,0,0.0,0.0,3750,0,,,,0.0
2025-06-18 15:18:47,NIFTY.NSE.OPT.28Dec2028.18000.PUT,PUT,18000,28-Dec-2028,5.0,0.0,250.0,0,1,0.0,0.0,3750,0,,,,0.0
2025-06-18 15:18:47,NIFTY.NSE.OPT.28Jun2029.18000.PUT,PUT,18000,28-Jun-2029,5.05,0.0,0.0,0,0,0.0,0.0,3675,0,,,,0.0
2025-06-18 15:18:47,NIFTY.NSE.OPT.27Dec2029.18000.PUT,PUT,18000,27-Dec-2029,10.0,0.0,0.0,0,0,0.0,0.0,3750,0,,,,0.0
2025-06-18 15:18:47,NIFTY.NSE.OPT.26Jun2025.19000.CALL,CALL,19000,26-Jun-2025,5780.6,5859.25,5816.45,79,1551,0.0,-4.846625766871166,225,75,,,,-0.7050488668857527
2025-06-18 15:18:47,NIFTY.NSE.OPT.26Jun2025.19000.PUT,PUT,19000,26-Jun-2025,1.05,1.2,1.05,3921,11320,62.35,-8.922441536151041,119250,47625,,,,-27.58620689655172
2025-06-18 15:18:47,NIFTY.NSE.OPT.25Sep2025.19000.CALL,CALL,19000,25-Sep-2025,0.0,6299.95,6408.0,0,9,0.0,0.0,0,150,,,,0.0
2025-06-18 15:18:47,NIFTY.NSE.OPT.25Sep2025.19000.PUT,PUT,19000,25-Sep-2025,15.6,16.0,15.5,527,1911,25.99,6.343906510851419,70950,6600,,,,-8.011869436201788
2025-06-18 15:18:47,NIFTY.NSE.OPT.24Dec2025.19000.CALL,CALL,19000,24-Dec-2025,6247.55,0.0,6300.0,6,94,0.0,1.0676156583629892,600,0,,,,1.6129032258064515
2025-06-18 15:18:47,NIFTY.NSE.OPT.24Dec2025.19000.PUT,PUT,19000,24-Dec-2025,44.1,45.45,44.0,142,2193,23.75,-0.6341537067794051,12000,6750,,,,-1.1235955056179776
2025-06-18 15:18:47,NIFTY.NSE.OPT.26Mar2026.19000.PUT,PUT,19000,26-Mar-2026,41.45,0.0,0.0,0,0,0.0,0.0,4500,0,,,,0.0
2025-06-18 15:18:47,NIFTY.NSE.OPT.25Jun2026.19000.PUT,PUT,19000,25-Jun-2026,59.85,0.0,205.7,0,3,0.0,0.0,3975,0,,,,0.0
2025-06-18 15:18:47,NIFTY.NSE.OPT.31Dec2026.19000.PUT,PUT,19000,31-Dec-2026,156.75,0.0,109.35,0,24,0.0,0.0,4050,0,,,,0.0
2025-06-18 15:18:47,NIFTY.NSE.OPT.24Jun2027.19000.PUT,PUT,19000,24-Jun-2027,128.05,0.0,182.1,0,8,0.0,0.0,4500,0,,,,0.0
2025-06-18 15:18:47,NIFTY.NSE.OPT.30Dec2027.19000.PUT,PUT,19000,30-Dec-2027,7.0,0.0,299.95,0,7,0.0,0.0,3975,0,,,,0.0
2025-06-18 15:18:47,NIFTY.NSE.OPT.29Jun2028.19000.PUT,PUT,19000,29-Jun-2028,5.0,0.0,0.0,0,0,0.0,0.0,3750,0,,,,0.0
2025-06-18 15:18:47,NIFTY.NSE.OPT.28Dec2028.19000.PUT,PUT,19000,28-Dec-2028,4.0,0.0,0.0,0,0,0.0,0.0,3750,0,,,,0.0
2025-06-18 15:18:47,NIFTY.NSE.OPT.28Jun2029.19000.PUT,PUT,19000,28-Jun-2029,7.0,0.0,0.0,0,0,0.0,0.0,3750,0,,,,0.0
2025-06-18 15:18:47,NIFTY.NSE.OPT.27Dec2029.19000.PUT,PUT,19000,27-Dec-2029,6.0,0.0,0.0,0,0,0.0,0.0,3750,0,,,,0.0
2025-06-18 15:18:47,NIFTY.NSE.OPT.24Dec2025.19500.CALL,CALL,19500,24-Dec-2025,0.0,0.0,5980.0,0,15,0.0,0.0,0,0,,,,0.0
2025-06-18 15:18:47,NIFTY.NSE.OPT.26Jun2025.20000.CALL,CALL,20000,26-Jun-2025,4807.0,4814.0,4815.0,686,4491,0.0,-8.178286648947045,375,600,,,,-0.9605693481703894
2025-06-18 15:18:47,NIFTY.NSE.OPT.26Jun2025.20000.PUT,PUT,20000,26-Jun-2025,1.4,1.45,1.45,18752,29172,52.91,7.273663308082665,131775,50100,,,,-14.705882352941178
2025-06-18 15:18:47,NIFTY.NSE.OPT.25Sep2025.20000.CALL,CALL,20000,25-Sep-2025,5032.3,5070.0,5032.1,577,771,0.0,173.40425531914894,1500,675,,,,-1.2965360323251236
2025-06-18 15:18:47,NIFTY.NSE.OPT.25Sep2025.20000.PUT,PUT,20000,25-Sep-2025,21.15,21.9,21.2,1382,7601,23.02,0.29027576197387517,49200,15300,,,,-11.850311850311856
2025-06-18 15:18:47,NIFTY.NSE.OPT.24Dec2025.20000.CALL,CALL,20000,24-Dec-2025,5353.5,5375.0,5355.4,254,2297,0.0,6.621287128712871,1950,1575,,,,-0.8378621091905604
2025-06-18 15:18:47,NIFTY.NSE.OPT.24Dec2025.20000.PUT,PUT,20000,24-Dec-2025,63.0,64.5,63.0,643,8871,21.87,1.0210666160561777,32325,16875,,,,-2.3255813953488373
2025-06-18 15:18:47,NIFTY.NSE.OPT.26Mar2026.20000.PUT,PUT,20000,26-Mar-2026,75.2,0.0,0.0,0,0,0.0,0.0,4575,0,,,,0.0
2025-06-18 15:18:47,NIFTY.NSE.OPT.25Jun2026.20000.PUT,PUT,20000,25-Jun-2026,119.85,0.0,0.0,0,0,0.0,0.0,3900,0,,,,0.0
2025-06-18 15:18:47,NIFTY.NSE.OPT.31Dec2026.20000.PUT,PUT,20000,31-Dec-2026,202.65,240.0,241.0,0,164,0.0,0.0,4500,150,,,,0.0
2025-06-18 15:18:47,NIFTY.NSE.OPT.24Jun2027.20000.PUT,PUT,20000,24-Jun-2027,6.0,0.0,0.0,0,0,0.0,0.0,3750,0,,,,0.0
2025-06-18 15:18:47,NIFTY.NSE.OPT.30Dec2027.20000.PUT,PUT,20000,30-Dec-2027,25.55,0.0,460.0,0,52,0.0,0.0,4125,0,,,,0.0
2025-06-18 15:18:47,NIFTY.NSE.OPT.29Jun2028.20000.PUT,PUT,20000,29-Jun-2028,10.0,0.0,400.0,0,0,0.0,0.0,3750,0,,,,0.0
2025-06-18 15:18:47,NIFTY.NSE.OPT.28Dec2028.20000.PUT,PUT,20000,28-Dec-2028,206.6,365.0,316.05,0,14,0.0,0.0,4500,75,,,,0.0
2025-06-18 15:18:47,NIFTY.NSE.OPT.28Jun2029.20000.PUT,PUT,20000,28-Jun-2029,6.0,0.0,0.0,0,0,0.0,0.0,3750,0,,,,0.0
2025-06-18 15:18:47,NIFTY.NSE.OPT.27Dec2029.20000.PUT,PUT,20000,27-Dec-2029,11.0,0.0,0.0,0,0,0.0,0.0,3750,0,,,,0.0
2025-06-18 15:18:47,NIFTY.NSE.OPT.26Jun2025.20400.CALL,CALL,20400,26-Jun-2025,0.0,4658.2,3787.65,0,7,0.0,0.0,0,75,,,,-0.14368194880176682
2025-06-18 15:18:47,NIFTY.NSE.OPT.26Jun2025.20400.PUT,PUT,20400,26-Jun-2025,1.55,1.7,1.55,790,414,48.82,22.123893805309734,90525,6900,,,,-16.216216216216218
2025-06-18 15:18:47,NIFTY.NSE.OPT.26Jun2025.20450.CALL,CALL,20450,26-Jun-2025,0.0,0.0,4426.9,0,16,0.0,0.0,0,0,,,,0.0
2025-06-18 15:18:47,NIFTY.NSE.OPT.26Jun2025.20450.PUT,PUT,20450,26-Jun-2025,1.35,1.7,1.7,586,167,48.72,-10.21505376344086,39450,7350,,,,-10.526315789473681
2025-06-18 15:18:47,NIFTY.NSE.OPT.26Jun2025.20500.CALL,CALL,20500,26-Jun-2025,4298.35,4309.85,4309.55,11,296,0.0,-0.3367003367003367,450,2325,,,,-4.087287456601079
2025-06-18 15:18:47,NIFTY.NSE.OPT.26Jun2025.20500.PUT,PUT,20500,26-Jun-2025,1.6,1.65,1.7,10468,6986,48.16,54.86588339614276,77550,63450,,,,-10.526315789473681
2025-06-18 15:18:47,NIFTY.NSE.OPT.26Jun2025.20550.CALL,CALL,20550,26-Jun-2025,0.0,0.0,3644.7,0,9,0.0,0.0,0,0,,,,-0.1506766752506712
2025-06-18 15:18:47,NIFTY.NSE.OPT.26Jun2025.20550.PUT,PUT,20550,26-Jun-2025,1.5,1.95,1.85,329,292,48.02,13.618677042801556,26250,7125,,,,-7.499999999999996
2025-06-18 15:18:47,NIFTY.NSE.OPT.26Jun2025.20600.CALL,CALL,20600,26-Jun-2025,3978.2,0.0,4353.7,0,8,0.0,0.0,75,0,,,,0.0
2025-06-18 15:18:47,NIFTY.NSE.OPT.26Jun2025.20600.PUT,PUT,20600,26-Jun-2025,1.4,1.8,1.8,569,245,47.33,16.666666666666668,23025,7725,,,,-9.999999999999998
2025-06-18 15:18:47,NIFTY.NSE.OPT.26Jun2025.20650.CALL,CALL,20650,26-Jun-2025,3930.65,0.0,4304.25,0,8,0.0,0.0,1875,0,,,,0.0
2025-06-18 15:18:47,NIFTY.NSE.OPT.26Jun2025.20650.PUT,PUT,20650,26-Jun-2025,1.65,1.9,1.75,879,444,46.64,52.577319587628864,27900,5550,,,,-18.604651162790695
2025-06-18 15:18:47,NIFTY.NSE.OPT.26Jun2025.20700.CALL,CALL,20700,26-Jun-2025,3882.85,0.0,4254.9,0,8,0.0,0.0,75,0,,,,0.0
2025-06-18 15:18:47,NIFTY.NSE.OPT.26Jun2025.20700.PUT,PUT,20700,26-Jun-2025,1.5,1.95,1.75,532,177,46.09,19.594594594594593,22875,10050,,,,-16.66666666666667
2025-06-18 15:18:47,NIFTY.NSE.OPT.26Jun2025.20750.CALL,CALL,20750,26-Jun-2025,3834.7,4715.85,4205.45,0,8,0.0,0.0,75,1800,,,,0.0
2025-06-18 15:18:47,NIFTY.NSE.OPT.26Jun2025.20750.PUT,PUT,20750,26-Jun-2025,1.6,2.0,1.75,366,127,45.54,19.81132075471698,24150,10050,,,,-18.604651162790695
2025-06-18 15:18:47,NIFTY.NSE.OPT.26Jun2025.20800.CALL,CALL,20800,26-Jun-2025,3786.5,4231.9,4156.2,0,8,0.0,0.0,375,1800,,,,0.0
2025-06-18 15:18:47,NIFTY.NSE.OPT.26Jun2025.20800.PUT,PUT,20800,26-Jun-2025,1.8,2.05,1.8,1174,219,45.12,-25.76271186440678,22350,6075,,,,-20.0
2025-06-18 15:18:47,NIFTY.NSE.OPT.26Jun2025.20850.CALL,CALL,20850,26-Jun-2025,3738.95,4180.5,4106.85,0,8,0.0,0.0,75,75,,,,0.0
2025-06-18 15:18:47,NIFTY.NSE.OPT.26Jun2025.20850.PUT,PUT,20850,26-Jun-2025,1.5,2.0,1.95,358,139,44.94,21.92982456140351,24750,5550,,,,-11.363636363636372
2025-06-18 15:18:47,NIFTY.NSE.OPT.26Jun2025.20900.CALL,CALL,20900,26-Jun-2025,0.0,0.0,3930.0,1,8,0.0,-11.11111111111111,0,0,,,,-3.1423290203327174
2025-06-18 15:18:47,NIFTY.NSE.OPT.26Jun2025.20900.PUT,PUT,20900,26-Jun-2025,1.65,2.15,1.9,986,1023,44.27,2.3,21150,10050,,,,-19.148936170212774
2025-06-18 15:18:47,NIFTY.NSE.OPT.26Jun2025.20950.CALL,CALL,20950,26-Jun-2025,3643.1,4076.35,4008.15,0,8,0.0,0.0,1800,1800,,,,0.0
2025-06-18 15:18:47,NIFTY.NSE.OPT.26Jun2025.20950.PUT,PUT,20950,26-Jun-2025,1.6,2.0,1.9,370,175,43.71,71.56862745098039,26550,4350,,,,-17.391304347826082
2025-06-18 15:18:47,NIFTY.NSE.OPT.26Jun2025.21000.CALL,CALL,21000,26-Jun-2025,3797.35,3818.8,3814.6,946,4974,0.0,-7.02803738317757,825,2775,,,,-1.07365145228216
2025-06-18 15:18:47,NIFTY.NSE.OPT.26Jun2025.21000.PUT,PUT,21000,26-Jun-2025,1.95,2.05,2.05,15585,41742,43.51,-0.9875391378601474,210300,48300,,,,-14.583333333333337
2025-06-18 15:18:47,NIFTY.NSE.OPT.25Sep2025.21000.CALL,CALL,21000,25-Sep-2025,4076.55,4107.2,4107.3,1057,1665,0.0,144.1348973607038,2850,1500,,,,-0.9800021697464925
2025-06-18 15:18:47,NIFTY.NSE.OPT.25Sep2025.21000.PUT,PUT,21000,25-Sep-2025,36.1,38.5,37.2,767,8645,20.91,3.2855436081242533,69225,20250,,,,-2.2339027595269236
2025-06-18 15:18:47,NIFTY.NSE.OPT.24Dec2025.21000.CALL,CALL,21000,24-Dec-2025,4437.85,4465.0,4460.0,48,1698,0.0,2.535721473133427,2325,2475,,,,-0.898799008987986
2025-06-18 15:18:47,NIFTY.NSE.OPT.24Dec2025.21000.PUT,PUT,21000,24-Dec-2025,100.6,103.0,100.6,1927,9096,20.49,-0.7203405246116346,51150,50625,,,,-2.3300970873786464
2025-06-18 15:18:47,NIFTY.NSE.OPT.26Mar2026.21000.PUT,PUT,21000,26-Mar-2026,156.05,200.95,162.75,1,5,20.58,-16.666666666666668,5550,225,,,,-1.957831325301205
2025-06-18 15:18:47,NIFTY.NSE.OPT.25Jun2026.21000.PUT,PUT,21000,25-Jun-2026,230.9,0.0,249.9,0,4682,0.0,0.0,7125,0,,,,0.0
2025-06-18 15:18:47,NIFTY.NSE.OPT.31Dec2026.21000.CALL,CALL,21000,31-Dec-2026,4500.0,0.0,0.0,0,0,0.0,0.0,75,0,,,,0.0
2025-06-18 15:18:47,NIFTY.NSE.OPT.31Dec2026.21000.PUT,PUT,21000,31-Dec-2026,285.0,311.95,310.8,11,68,21.44,-12.820512820512821,4125,825,,,,1.9016393442622985
2025-06-18 15:18:47,NIFTY.NSE.OPT.24Jun2027.21000.PUT,PUT,21000,24-Jun-2027,5.0,0.0,500.0,0,4,0.0,0.0,3750,0,,,,0.0
2025-06-18 15:18:47,NIFTY.NSE.OPT.30Dec2027.21000.PUT,PUT,21000,30-Dec-2027,12.0,0.0,440.05,0,1,0.0,0.0,3975,0,,,,0.0
2025-06-18 15:18:47,NIFTY.NSE.OPT.29Jun2028.21000.PUT,PUT,21000,29-Jun-2028,3.0,0.0,0.0,0,0,0.0,0.0,3750,0,,,,0.0
2025-06-18 15:18:47,NIFTY.NSE.OPT.28Dec2028.21000.PUT,PUT,21000,28-Dec-2028,302.05,0.0,618.05,0,16,0.0,0.0,4800,0,,,,0.0
2025-06-18 15:18:47,NIFTY.NSE.OPT.28Jun2029.21000.PUT,PUT,21000,28-Jun-2029,10.0,0.0,0.0,0,0,0.0,0.0,3750,0,,,,0.0
2025-06-18 15:18:47,NIFTY.NSE.OPT.27Dec2029.21000.PUT,PUT,21000,27-Dec-2029,15.0,0.0,0.0,0,0,0.0,0.0,4500,0,,,,0.0
2025-06-18 15:18:47,NIFTY.NSE.OPT.26Jun2025.21050.CALL,CALL,21050,26-Jun-2025,3551.0,4414.5,3750.25,0,9,0.0,0.0,1800,1800,,,,0.0
2025-06-18 15:18:47,NIFTY.NSE.OPT.26Jun2025.21050.PUT,PUT,21050,26-Jun-2025,1.7,2.2,2.0,315,139,42.84,-3.4722222222222223,28050,4050,,,,-16.666666666666664
2025-06-18 15:18:47,NIFTY.NSE.OPT.26Jun2025.21100.CALL,CALL,21100,26-Jun-2025,3498.8,4360.3,3860.0,0,8,0.0,0.0,375,1800,,,,0.0
2025-06-18 15:18:47,NIFTY.NSE.OPT.26Jun2025.21100.PUT,PUT,21100,26-Jun-2025,1.8,2.15,2.1,859,356,42.51,3.7900874635568513,23175,4200,,,,-15.999999999999998
2025-06-18 15:18:47,NIFTY.NSE.OPT.26Jun2025.21150.CALL,CALL,21150,26-Jun-2025,3455.15,4311.4,3811.0,0,9,0.0,0.0,1800,1800,,,,0.0
2025-06-18 15:18:47,NIFTY.NSE.OPT.26Jun2025.21150.PUT,PUT,21150,26-Jun-2025,1.7,2.25,2.0,756,128,41.74,8.474576271186441,24450,5550,,,,-20.0
2025-06-18 15:18:47,NIFTY.NSE.OPT.26Jun2025.21200.CALL,CALL,21200,26-Jun-2025,3082.85,4255.45,3901.6,0,12,0.0,0.0,1800,1800,,,,0.0
2025-06-18 15:18:47,NIFTY.NSE.OPT.26Jun2025.21200.PUT,PUT,21200,26-Jun-2025,1.95,2.3,1.95,529,357,41.08,29.347826086956523,19950,5550,,,,-26.41509433962264
2025-06-18 15:18:47,NIFTY.NSE.OPT.26Jun2025.21250.CALL,CALL,21250,26-Jun-2025,3373.3,4175.6,3712.5,0,11,0.0,0.0,75,1800,,,,0.0
2025-06-18 15:18:47,NIFTY.NSE.OPT.26Jun2025.21250.PUT,PUT,21250,26-Jun-2025,1.85,2.35,1.95,446,189,40.53,-26.171875,26700,5625,,,,-27.777777777777786
2025-06-18 15:18:47,NIFTY.NSE.OPT.26Jun2025.21300.CALL,CALL,21300,26-Jun-2025,3324.65,4143.45,3703.3,0,12,0.0,0.0,1800,1800,,,,0.0
2025-06-18 15:18:47,NIFTY.NSE.OPT.26Jun2025.21300.PUT,PUT,21300,26-Jun-2025,1.9,2.35,2.15,1353,464,40.4,172.94117647058823,24750,6150,,,,-18.867924528301888
2025-06-18 15:18:47,NIFTY.NSE.OPT.26Jun2025.21350.CALL,CALL,21350,26-Jun-2025,3287.7,4087.55,3613.85,0,12,0.0,0.0,75,1800,,,,0.0
2025-06-18 15:18:47,NIFTY.NSE.OPT.26Jun2025.21350.PUT,PUT,21350,26-Jun-2025,1.95,2.4,2.15,461,309,39.85,10.357142857142858,35925,5550,,,,-21.818181818181824
2025-06-18 15:18:47,NIFTY.NSE.OPT.26Jun2025.21400.CALL,CALL,21400,26-Jun-2025,3269.8,4008.8,3470.0,0,23,0.0,0.0,1875,1800,,,,0.0
2025-06-18 15:18:47,NIFTY.NSE.OPT.26Jun2025.21400.PUT,PUT,21400,26-Jun-2025,1.9,2.45,2.35,462,534,39.69,3.8910505836575875,26550,8775,,,,-17.543859649122805
2025-06-18 15:18:47,NIFTY.NSE.OPT.26Jun2025.21450.CALL,CALL,21450,26-Jun-2025,2869.25,3968.5,3515.6,0,21,0.0,0.0,1800,1800,,,,0.0
2025-06-18 15:18:47,NIFTY.NSE.OPT.26Jun2025.21450.PUT,PUT,21450,26-Jun-2025,2.15,2.4,2.35,334,107,39.13,62.121212121212125,28650,4050,,,,-14.545454545454541
2025-06-18 15:18:47,NIFTY.NSE.OPT.26Jun2025.21500.CALL,CALL,21500,26-Jun-2025,3297.7,3319.05,3323.5,177,1081,0.0,-11.610793131643499,1950,2175,,,,-1.1892374015162777
2025-06-18 15:18:47,NIFTY.NSE.OPT.26Jun2025.21500.PUT,PUT,21500,26-Jun-2025,2.2,2.4,2.2,11336,11469,38.29,2.429222113066,54225,27900,,,,-24.13793103448275
2025-06-18 15:18:47,NIFTY.NSE.OPT.26Jun2025.21550.CALL,CALL,21550,26-Jun-2025,2785.4,3856.4,3417.6,0,21,0.0,0.0,1800,1800,,,,0.0
2025-06-18 15:18:47,NIFTY.NSE.OPT.26Jun2025.21550.PUT,PUT,21550,26-Jun-2025,2.0,2.55,2.35,1079,134,38.02,103.03030303030303,28050,4050,,,,-21.666666666666664
2025-06-18 15:18:47,NIFTY.NSE.OPT.26Jun2025.21600.CALL,CALL,21600,26-Jun-2025,3128.4,3797.9,3405.4,0,22,0.0,0.0,1875,1800,,,,0.008810313940858768
2025-06-18 15:18:47,NIFTY.NSE.OPT.26Jun2025.21600.PUT,PUT,21600,26-Jun-2025,2.05,2.55,2.3,1422,304,37.38,6.293706293706293,27450,4200,,,,-23.33333333333334
2025-06-18 15:18:47,NIFTY.NSE.OPT.26Jun2025.21650.CALL,CALL,21650,26-Jun-2025,2693.4,3743.0,3355.0,0,27,0.0,0.0,1800,1800,,,,0.0
2025-06-18 15:18:47,NIFTY.NSE.OPT.26Jun2025.21650.PUT,PUT,21650,26-Jun-2025,2.0,2.55,2.5,180,118,37.17,103.44827586206897,28725,4350,,,,-19.35483870967742
2025-06-18 15:18:47,NIFTY.NSE.OPT.26Jun2025.21700.CALL,CALL,21700,26-Jun-2025,3024.75,3690.0,3307.6,0,18,0.0,0.0,1875,1800,,,,0.010582810492097939
2025-06-18 15:18:47,NIFTY.NSE.OPT.26Jun2025.21700.PUT,PUT,21700,26-Jun-2025,2.15,2.65,2.55,713,668,36.7,1.059001512859304,26625,4350,,,,-19.04761904761905
2025-06-18 15:18:47,NIFTY.NSE.OPT.26Jun2025.21750.CALL,CALL,21750,26-Jun-2025,2609.55,3615.75,3261.05,0,25,0.0,0.0,1800,1800,,,,0.016868578438895318
2025-06-18 15:18:47,NIFTY.NSE.OPT.26Jun2025.21750.PUT,PUT,21750,26-Jun-2025,2.15,2.65,2.5,284,137,36.06,3.787878787878788,28050,5400,,,,-21.875000000000007
2025-06-18 15:18:47,NIFTY.NSE.OPT.26Jun2025.21800.CALL,CALL,21800,26-Jun-2025,2773.85,3594.8,3205.15,0,53,0.0,0.0,1875,1800,,,,0.010921118322513388
2025-06-18 15:18:47,NIFTY.NSE.OPT.26Jun2025.21800.PUT,PUT,21800,26-Jun-2025,2.4,2.7,2.65,3139,2722,35.75,-1.839163360980887,29100,7200,,,,-18.461538461538467
2025-06-18 15:18:47,NIFTY.NSE.OPT.26Jun2025.21850.CALL,CALL,21850,26-Jun-2025,2511.55,3488.05,3155.95,0,25,0.0,0.0,1800,1800,,,,0.0
2025-06-18 15:18:47,NIFTY.NSE.OPT.26Jun2025.21850.PUT,PUT,21850,26-Jun-2025,2.3,2.8,2.5,946,146,34.95,-51.973684210526315,27525,4050,,,,-28.57142857142857
2025-06-18 15:18:47,NIFTY.NSE.OPT.26Jun2025.21900.CALL,CALL,21900,26-Jun-2025,2824.55,3465.15,3111.05,0,30,0.0,0.0,1875,1800,,,,0.0
2025-06-18 15:18:47,NIFTY.NSE.OPT.26Jun2025.21900.PUT,PUT,21900,26-Jun-2025,2.55,2.9,2.5,1463,528,34.4,-37.36654804270463,29100,4125,,,,-29.57746478873239
2025-06-18 15:18:47,NIFTY.NSE.OPT.26Jun2025.21950.CALL,CALL,21950,26-Jun-2025,2750.25,3410.75,2935.0,0,35,0.0,0.0,75,1800,,,,0.0
2025-06-18 15:18:47,NIFTY.NSE.OPT.26Jun2025.21950.PUT,PUT,21950,26-Jun-2025,2.3,2.85,2.5,525,119,33.84,-23.225806451612904,28500,4425,,,,-31.506849315068493
2025-06-18 15:18:47,NIFTY.NSE.OPT.26Jun2025.22000.CALL,CALL,22000,26-Jun-2025,2805.0,2815.5,2811.1,249,10436,0.0,-0.5811184147851767,2850,2400,,,,-2.059089958887879
2025-06-18 15:18:47,NIFTY.NSE.OPT.26Jun2025.22000.PUT,PUT,22000,26-Jun-2025,2.8,2.9,2.8,33092,43335,33.74,13.90246894110638,95775,69225,,,,-25.333333333333336
2025-06-18 15:18:47,NIFTY.NSE.OPT.25Sep2025.22000.CALL,CALL,22000,25-Sep-2025,3146.95,3191.3,3189.85,17,687,0.0,-0.43478260869565216,1650,2025,,,,-1.183376961323408
2025-06-18 15:18:47,NIFTY.NSE.OPT.25Sep2025.22000.PUT,PUT,22000,25-Sep-2025,75.4,77.5,75.35,1538,11531,19.38,1.380341128890452,41925,26400,,,,-0.985545335085414
2025-06-18 15:18:47,NIFTY.NSE.OPT.24Dec2025.22000.CALL,CALL,22000,24-Dec-2025,3562.25,3580.0,3560.2,210,4681,0.0,2.4063001312527343,3525,2250,,,,-1.434108527131788
2025-06-18 15:18:47,NIFTY.NSE.OPT.24Dec2025.22000.PUT,PUT,22000,24-Dec-2025,165.75,167.8,165.6,2474,17815,19.33,-1.598144090733342,123900,10500,,,,-0.4209260372820307
2025-06-18 15:18:47,NIFTY.NSE.OPT.26Mar2026.22000.PUT,PUT,22000,26-Mar-2026,5.0,0.0,0.0,0,0,0.0,0.0,3825,0,,,,0.0
2025-06-18 15:18:47,NIFTY.NSE.OPT.25Jun2026.22000.PUT,PUT,22000,25-Jun-2026,248.05,350.0,315.0,0,33,0.0,0.0,4650,75,,,,0.0
2025-06-18 15:18:47,NIFTY.NSE.OPT.31Dec2026.22000.CALL,CALL,22000,31-Dec-2026,0.0,0.0,3362.2,0,2,0.0,0.0,0,0,,,,0.0
2025-06-18 15:18:47,NIFTY.NSE.OPT.31Dec2026.22000.PUT,PUT,22000,31-Dec-2026,405.0,410.0,407.0,2,72,20.73,0.0,4125,675,,,,-9.545505056117344
2025-06-18 15:18:47,NIFTY.NSE.OPT.24Jun2027.22000.PUT,PUT,22000,24-Jun-2027,4.0,0.0,0.0,0,0,0.0,0.0,3750,0,,,,0.0
2025-06-18 15:18:47,NIFTY.NSE.OPT.30Dec2027.22000.PUT,PUT,22000,30-Dec-2027,330.05,0.0,485.7,0,1,0.0,0.0,4800,0,,,,0.0
2025-06-18 15:18:47,NIFTY.NSE.OPT.29Jun2028.22000.PUT,PUT,22000,29-Jun-2028,5.0,0.0,520.05,0,1,0.0,0.0,3750,0,,,,0.0
2025-06-18 15:18:47,NIFTY.NSE.OPT.28Dec2028.22000.PUT,PUT,22000,28-Dec-2028,305.05,0.0,521.3,0,3,0.0,0.0,4575,0,,,,0.0
2025-06-18 15:18:47,NIFTY.NSE.OPT.28Jun2029.22000.PUT,PUT,22000,28-Jun-2029,9.0,0.0,0.0,0,0,0.0,0.0,3750,0,,,,0.0
2025-06-18 15:18:47,NIFTY.NSE.OPT.27Dec2029.22000.PUT,PUT,22000,27-Dec-2029,9.0,0.0,0.0,0,0,0.0,0.0,3825,0,,,,0.0
2025-06-18 15:18:47,NIFTY.NSE.OPT.26Jun2025.22050.CALL,CALL,22050,26-Jun-2025,2341.8,3280.05,2958.3,0,33,0.0,0.0,1800,1800,,,,-0.006760182524922024
2025-06-18 15:18:47,NIFTY.NSE.OPT.26Jun2025.22050.PUT,PUT,22050,26-Jun-2025,2.5,3.05,3.1,461,201,33.59,14.857142857142858,27300,4050,,,,-20.51282051282051
2025-06-18 15:18:47,NIFTY.NSE.OPT.26Jun2025.22100.CALL,CALL,22100,26-Jun-2025,2605.4,3252.0,2911.1,0,18,0.0,0.0,150,1800,,,,0.0
2025-06-18 15:18:47,NIFTY.NSE.OPT.26Jun2025.22100.PUT,PUT,22100,26-Jun-2025,2.6,3.15,3.05,1187,879,32.96,6.287787182587667,28725,6000,,,,-21.7948717948718
2025-06-18 15:18:47,NIFTY.NSE.OPT.26Jun2025.22150.CALL,CALL,22150,26-Jun-2025,2553.65,3168.2,2858.35,0,30,0.0,0.0,75,1800,,,,0.008747069731639901
2025-06-18 15:18:47,NIFTY.NSE.OPT.26Jun2025.22150.PUT,PUT,22150,26-Jun-2025,2.75,3.3,3.0,542,166,32.33,-4.597701149425287,26250,4050,,,,-27.710843373493983
2025-06-18 15:18:47,NIFTY.NSE.OPT.26Jun2025.22200.CALL,CALL,22200,26-Jun-2025,2591.8,2619.8,2622.35,8,119,0.0,-5.555555555555555,1875,2325,,,,-4.20639269406393
2025-06-18 15:18:47,NIFTY.NSE.OPT.26Jun2025.22200.PUT,PUT,22200,26-Jun-2025,3.0,3.2,3.0,2847,1491,31.77,5.296610169491525,32250,7050,,,,-28.571428571428577
2025-06-18 15:18:47,NIFTY.NSE.OPT.26Jun2025.22250.CALL,CALL,22250,26-Jun-2025,2446.45,3038.3,2742.05,0,58,0.0,0.0,75,1800,,,,0.0
2025-06-18 15:18:47,NIFTY.NSE.OPT.26Jun2025.22250.PUT,PUT,22250,26-Jun-2025,2.8,3.35,3.05,714,514,31.27,2.594810379241517,31800,4125,,,,-29.885057471264364
2025-06-18 15:18:47,NIFTY.NSE.OPT.31Jul2025.22250.CALL,CALL,22250,31-Jul-2025,2667.7,3387.45,2685.15,57,180,0.0,46.34146341463415,1950,1800,,,,-1.8944099378881956
2025-06-18 15:18:47,NIFTY.NSE.OPT.31Jul2025.22250.PUT,PUT,22250,31-Jul-2025,28.3,29.9,28.8,2908,4440,20.41,7.220478145375513,35175,7275,,,,1.76678445229682
2025-06-18 15:18:47,NIFTY.NSE.OPT.26Jun2025.22300.CALL,CALL,22300,26-Jun-2025,2430.0,2536.8,2534.4,1,111,0.0,-0.8928571428571429,1950,2175,,,,-3.8853177086296085
2025-06-18 15:18:47,NIFTY.NSE.OPT.26Jun2025.22300.PUT,PUT,22300,26-Jun-2025,3.1,3.3,3.1,7361,3740,30.77,-1.4752370916754478,30975,5475,,,,-29.545454545454547
2025-06-18 15:18:47,NIFTY.NSE.OPT.31Jul2025.22300.CALL,CALL,22300,31-Jul-2025,2117.95,2649.4,2645.4,5,7,0.0,0.0,1800,1875,,,,-1.6579925650557585
2025-06-18 15:18:47,NIFTY.NSE.OPT.31Jul2025.22300.PUT,PUT,22300,31-Jul-2025,29.0,30.0,29.5,972,3772,20.2,3.5410376063683775,48525,6675,,,,1.3745704467353903
2025-06-18 15:18:47,NIFTY.NSE.OPT.26Jun2025.22350.CALL,CALL,22350,26-Jun-2025,2357.45,2776.45,2659.55,0,26,0.0,0.0,450,1800,,,,0.005640370008275962
2025-06-18 15:18:47,NIFTY.NSE.OPT.26Jun2025.22350.PUT,PUT,22350,26-Jun-2025,3.1,3.65,3.4,2074,1593,30.56,-4.553624925104853,30300,4275,,,,-28.421052631578945
2025-06-18 15:18:47,NIFTY.NSE.OPT.31Jul2025.22350.CALL,CALL,22350,31-Jul-2025,2076.7,3277.4,2783.0,0,6,0.0,0.0,1800,1800,,,,0.008983918785374181
2025-06-18 15:18:47,NIFTY.NSE.OPT.31Jul2025.22350.PUT,PUT,22350,31-Jul-2025,30.25,31.85,31.0,48,187,20.08,4.4692737430167595,13500,900,,,,2.6490066225165587
2025-06-18 15:18:47,NIFTY.NSE.OPT.26Jun2025.22400.CALL,CALL,22400,26-Jun-2025,2379.35,2571.2,2540.9,0,130,0.0,0.0,1950,1500,,,,0.0
2025-06-18 15:18:47,NIFTY.NSE.OPT.26Jun2025.22400.PUT,PUT,22400,26-Jun-2025,3.5,3.7,3.5,3801,1926,30.26,30.842391304347824,35850,6900,,,,-28.571428571428577
2025-06-18 15:18:47,NIFTY.NSE.OPT.31Jul2025.22400.CALL,CALL,22400,31-Jul-2025,2033.3,3131.0,2735.0,0,8,0.0,0.0,1800,1800,,,,0.007313149041970823
2025-06-18 15:18:47,NIFTY.NSE.OPT.31Jul2025.22400.PUT,PUT,22400,31-Jul-2025,31.45,32.75,32.25,464,1265,19.92,9.429065743944637,21450,675,,,,1.8957345971564028
2025-06-18 15:18:47,NIFTY.NSE.OPT.26Jun2025.22450.CALL,CALL,22450,26-Jun-2025,2226.35,2665.55,2551.5,0,28,0.0,0.0,75,1800,,,,0.0
2025-06-18 15:18:47,NIFTY.NSE.OPT.26Jun2025.22450.PUT,PUT,22450,26-Jun-2025,3.4,3.9,3.75,855,732,29.79,9.417040358744394,30975,4125,,,,-24.242424242424246
2025-06-18 15:18:47,NIFTY.NSE.OPT.31Jul2025.22450.CALL,CALL,22450,31-Jul-2025,2023.85,3166.9,2687.05,0,8,0.0,0.0,1800,1800,,,,0.009304749143963077
2025-06-18 15:18:47,NIFTY.NSE.OPT.31Jul2025.22450.PUT,PUT,22450,31-Jul-2025,32.95,34.5,33.45,42,112,19.74,24.444444444444443,8550,300,,,,-0.5943536404160349
2025-06-18 15:18:47,NIFTY.NSE.OPT.26Jun2025.22500.CALL,CALL,22500,26-Jun-2025,2309.05,2315.0,2315.0,283,3121,0.0,-4.644057439657806,2925,2925,,,,-2.298001645951585
2025-06-18 15:18:47,NIFTY.NSE.OPT.26Jun2025.22500.PUT,PUT,22500,26-Jun-2025,3.8,3.95,4.0,52628,34868,29.47,51.218665972764335,143175,20850,,,,-22.330097087378647
2025-06-18 15:18:47,NIFTY.NSE.OPT.31Jul2025.22500.CALL,CALL,22500,31-Jul-2025,2432.2,2459.55,2442.0,438,2133,0.0,12.027310924369749,2700,2850,,,,-2.106592371369593
2025-06-18 15:18:47,NIFTY.NSE.OPT.31Jul2025.22500.PUT,PUT,22500,31-Jul-2025,34.15,35.0,35.0,6383,16237,19.61,9.82819264069264,79950,24975,,,,0.4304160688665669
2025-06-18 15:18:47,NIFTY.NSE.OPT.26Jun2025.22550.CALL,CALL,22550,26-Jun-2025,2115.9,2421.3,2277.75,2,28,0.0,-6.666666666666667,1800,1500,,,,-4.62881547544279
2025-06-18 15:18:47,NIFTY.NSE.OPT.26Jun2025.22550.PUT,PUT,22550,26-Jun-2025,3.7,4.25,4.0,2124,1794,28.89,4.545454545454546,41250,900,,,,-25.233644859813083
2025-06-18 15:18:47,NIFTY.NSE.OPT.31Jul2025.22550.CALL,CALL,22550,31-Jul-2025,0.0,0.0,2591.45,0,10,0.0,0.0,0,0,,,,0.009648039518369868
2025-06-18 15:18:47,NIFTY.NSE.OPT.31Jul2025.22550.PUT,PUT,22550,31-Jul-2025,36.3,37.75,36.15,29,121,19.41,14.150943396226415,8700,300,,,,-1.2295081967213193
2025-06-18 15:18:47,NIFTY.NSE.OPT.26Jun2025.22600.CALL,CALL,22600,26-Jun-2025,1886.7,2222.2,2230.0,71,112,0.0,-37.07865168539326,1800,2100,,,,-1.6190938368553325
2025-06-18 15:18:47,NIFTY.NSE.OPT.26Jun2025.22600.PUT,PUT,22600,26-Jun-2025,4.25,4.5,4.55,6482,2133,28.54,26.737967914438503,31500,2250,,,,-19.469026548672574
2025-06-18 15:18:47,NIFTY.NSE.OPT.31Jul2025.22600.CALL,CALL,22600,31-Jul-2025,1977.25,0.0,2543.95,0,10,0.0,0.0,1800,0,,,,0.009828203011361402
2025-06-18 15:18:47,NIFTY.NSE.OPT.31Jul2025.22600.PUT,PUT,22600,31-Jul-2025,38.0,39.05,38.65,355,1217,19.36,-1.3776337115072934,35775,600,,,,3.619302949061666
2025-06-18 15:18:47,NIFTY.NSE.OPT.26Jun2025.22650.CALL,CALL,22650,26-Jun-2025,1998.8,2207.95,2200.05,35,27,26.08,-30.76923076923077,375,1875,,,,-3.9195562931260373
2025-06-18 15:18:47,NIFTY.NSE.OPT.26Jun2025.22650.PUT,PUT,22650,26-Jun-2025,4.5,5.0,4.75,2371,1187,28.39,248.09384164222874,53100,2025,,,,-21.48760330578512
2025-06-18 15:18:47,NIFTY.NSE.OPT.31Jul2025.22650.CALL,CALL,22650,31-Jul-2025,2195.35,2709.6,2496.3,0,11,0.0,0.0,75,75,,,,0.010015825003505537
2025-06-18 15:18:47,NIFTY.NSE.OPT.31Jul2025.22650.PUT,PUT,22650,31-Jul-2025,39.8,41.15,39.75,37,163,19.15,14.788732394366198,11550,300,,,,-1.1194029850746339
2025-06-18 15:18:47,NIFTY.NSE.OPT.26Jun2025.22700.CALL,CALL,22700,26-Jun-2025,2071.35,2124.35,2141.95,66,94,0.0,-39.743589743589745,1875,2550,,,,-4.206171735241511
2025-06-18 15:18:47,NIFTY.NSE.OPT.26Jun2025.22700.PUT,PUT,22700,26-Jun-2025,4.7,5.1,5.15,6565,3254,28.11,87.65859284890426,47400,5925,,,,-17.599999999999994
2025-06-18 15:18:47,NIFTY.NSE.OPT.31Jul2025.22700.CALL,CALL,22700,31-Jul-2025,1891.7,2621.9,2375.0,2,13,14.84,18.181818181818183,1800,600,,,,-3.005799232214323
2025-06-18 15:18:47,NIFTY.NSE.OPT.31Jul2025.22700.PUT,PUT,22700,31-Jul-2025,41.4,42.15,41.9,431,1861,19.04,-1.325556733828208,19425,450,,,,-0.8284023668639087
2025-06-18 15:18:47,NIFTY.NSE.OPT.26Jun2025.22750.CALL,CALL,22750,26-Jun-2025,1769.25,2356.35,2238.55,0,32,0.0,0.0,1800,1800,,,,0.0
2025-06-18 15:18:47,NIFTY.NSE.OPT.26Jun2025.22750.PUT,PUT,22750,26-Jun-2025,5.05,5.3,5.25,1780,1385,27.59,20.434782608695652,48450,3525,,,,-21.052631578947373
2025-06-18 15:18:47,NIFTY.NSE.OPT.31Jul2025.22750.CALL,CALL,22750,31-Jul-2025,1859.55,2363.0,2401.45,0,12,0.0,0.0,1800,375,,,,0.01041146093619857
2025-06-18 15:18:47,NIFTY.NSE.OPT.31Jul2025.22750.PUT,PUT,22750,31-Jul-2025,43.7,45.05,44.45,43,142,18.96,20.338983050847457,9675,300,,,,0.11261261261262222
2025-06-18 15:18:47,NIFTY.NSE.OPT.19Jun2025.22800.CALL,CALL,22800,19-Jun-2025,1955.25,1993.7,2008.65,110,75,73.08,-48.97959183673469,1050,975,,,,-2.492718446601937
2025-06-18 15:18:47,NIFTY.NSE.OPT.19Jun2025.22800.PUT,PUT,22800,19-Jun-2025,0.25,0.3,0.3,581618,70550,54.43,-32.34755425141202,7776825,542475,,,,-66.66666666666667
2025-06-18 15:18:47,NIFTY.NSE.OPT.26Jun2025.22800.CALL,CALL,22800,26-Jun-2025,1718.65,2173.45,2015.0,23,197,0.0,10.674157303370787,1575,975,,,,-2.678161752276067
2025-06-18 15:18:47,NIFTY.NSE.OPT.26Jun2025.22800.PUT,PUT,22800,26-Jun-2025,5.3,5.5,5.5,15155,6423,27.18,52.09566658773384,58950,4500,,,,-18.51851851851852
2025-06-18 15:18:47,NIFTY.NSE.OPT.03Jul2025.22800.CALL,CALL,22800,03-Jul-2025,0.0,0.0,2235.1,0,2,0.0,0.0,0,0,,,,0.015661707126072674
2025-06-18 15:18:47,NIFTY.NSE.OPT.03Jul2025.22800.PUT,PUT,22800,03-Jul-2025,10.25,12.0,10.95,2624,1923,22.48,75.13661202185793,52200,2250,,,,-15.11627906976745
2025-06-18 15:18:47,NIFTY.NSE.OPT.31Jul2025.22800.CALL,CALL,22800,31-Jul-2025,1809.15,2543.6,2343.7,0,11,0.0,0.0,1800,1800,,,,0.0
2025-06-18 15:18:47,NIFTY.NSE.OPT.31Jul2025.22800.PUT,PUT,22800,31-Jul-2025,45.75,46.65,46.7,923,3784,18.84,1.693093254501478,33750,1875,,,,1.8538713195201777
2025-06-18 15:18:47,NIFTY.NSE.OPT.28Aug2025.22800.CALL,CALL,22800,28-Aug-2025,1905.05,2772.55,0.0,0,0,0.0,0.0,1800,1800,,,,0.0
2025-06-18 15:18:47,NIFTY.NSE.OPT.28Aug2025.22800.PUT,PUT,22800,28-Aug-2025,80.0,87.0,86.5,229,774,18.11,9.787234042553191,7200,450,,,,1.2287887653598561
2025-06-18 15:18:47,NIFTY.NSE.OPT.19Jun2025.22850.CALL,CALL,22850,19-Jun-2025,1894.45,1996.3,1968.5,2,12,85.82,-14.285714285714286,900,900,,,,-3.062983207760873
2025-06-18 15:18:47,NIFTY.NSE.OPT.19Jun2025.22850.PUT,PUT,22850,19-Jun-2025,0.25,0.3,0.25,126858,15673,52.3,66.78727253378737,2723400,353100,,,,-77.27272727272727
2025-06-18 15:18:47,NIFTY.NSE.OPT.26Jun2025.22850.CALL,CALL,22850,26-Jun-2025,1811.8,2119.8,1990.0,4,31,0.0,0.0,1800,1050,,,,-4.893901739629138
2025-06-18 15:18:47,NIFTY.NSE.OPT.26Jun2025.22850.PUT,PUT,22850,26-Jun-2025,5.55,6.05,6.3,2510,747,27.11,119.70588235294117,50250,6150,,,,-12.500000000000005
2025-06-18 15:18:47,NIFTY.NSE.OPT.03Jul2025.22850.CALL,CALL,22850,03-Jul-2025,0.0,0.0,2186.05,0,2,0.0,0.0,0,0,,,,0.016013176556726166
2025-06-18 15:18:47,NIFTY.NSE.OPT.03Jul2025.22850.PUT,PUT,22850,03-Jul-2025,10.05,33.75,12.95,27,125,22.64,11.607142857142858,19425,450,,,,-6.159420289855082
2025-06-18 15:18:47,NIFTY.NSE.OPT.31Jul2025.22850.CALL,CALL,22850,31-Jul-2025,1767.4,2258.45,2307.05,0,13,0.0,0.0,1800,75,,,,0.010837523842552453
2025-06-18 15:18:47,NIFTY.NSE.OPT.31Jul2025.22850.PUT,PUT,22850,31-Jul-2025,48.15,0.0,48.8,45,117,18.69,23.157894736842106,9675,0,,,,-0.8130081300813123
2025-06-18 15:18:47,NIFTY.NSE.OPT.28Aug2025.22850.CALL,CALL,22850,28-Aug-2025,1850.45,0.0,0.0,0,0,0.0,0.0,1800,0,,,,0.0
2025-06-18 15:18:47,NIFTY.NSE.OPT.28Aug2025.22850.PUT,PUT,22850,28-Aug-2025,81.0,94.95,85.75,28,81,17.78,12.5,2550,75,,,,5.864197530864197
2025-06-18 15:18:47,NIFTY.NSE.OPT.19Jun2025.22900.CALL,CALL,22900,19-Jun-2025,1850.2,1896.4,1918.1,2,22,83.48,0.0,900,975,,,,-7.845680791774775
2025-06-18 15:18:47,NIFTY.NSE.OPT.19Jun2025.22900.PUT,PUT,22900,19-Jun-2025,0.3,0.35,0.3,254806,16142,51.84,-3.681603914314697,2953350,271500,,,,-73.91304347826086
2025-06-18 15:18:47,NIFTY.NSE.OPT.26Jun2025.22900.CALL,CALL,22900,26-Jun-2025,1911.55,2197.05,1912.9,105,108,0.0,-41.62162162162162,2100,1800,,,,-3.1467557783347186
2025-06-18 15:18:47,NIFTY.NSE.OPT.26Jun2025.22900.PUT,PUT,22900,26-Jun-2025,6.05,6.4,6.4,9377,2517,26.57,35.61422413793103,88350,3150,,,,-13.513513513513512
2025-06-18 15:18:47,NIFTY.NSE.OPT.03Jul2025.22900.CALL,CALL,22900,03-Jul-2025,0.0,0.0,2130.85,0,1,0.0,0.0,0,0,,,,0.0
2025-06-18 15:18:47,NIFTY.NSE.OPT.03Jul2025.22900.PUT,PUT,22900,03-Jul-2025,11.2,13.5,12.1,96,284,21.9,9.23076923076923,50400,1650,,,,-13.87900355871887
2025-06-18 15:18:47,NIFTY.NSE.OPT.31Jul2025.22900.CALL,CALL,22900,31-Jul-2025,0.0,2433.35,2260.0,0,15,0.0,0.0,0,1800,,,,0.011063170704723974
2025-06-18 15:18:47,NIFTY.NSE.OPT.31Jul2025.22900.PUT,PUT,22900,31-Jul-2025,40.05,51.55,51.1,433,2319,18.55,2.023757149142103,25425,900,,,,-1.7307692307692282
2025-06-18 15:18:47,NIFTY.NSE.OPT.28Aug2025.22900.CALL,CALL,22900,28-Aug-2025,1804.0,2665.4,0.0,0,0,0.0,0.0,1800,1800,,,,0.0
2025-06-18 15:18:47,NIFTY.NSE.OPT.28Aug2025.22900.PUT,PUT,22900,28-Aug-2025,75.0,110.0,94.05,125,360,17.94,14.64968152866242,5550,300,,,,4.499999999999997
2025-06-18 15:18:47,NIFTY.NSE.OPT.19Jun2025.22950.CALL,CALL,22950,19-Jun-2025,1801.1,1900.65,1756.55,0,3,0.0,0.0,900,900,,,,0.0
2025-06-18 15:18:47,NIFTY.NSE.OPT.19Jun2025.22950.PUT,PUT,22950,19-Jun-2025,0.4,0.55,0.4,45531,3347,51.25,-6.009547879809042,631200,131850,,,,-66.66666666666666
2025-06-18 15:18:47,NIFTY.NSE.OPT.26Jun2025.22950.CALL,CALL,22950,26-Jun-2025,1778.25,1964.15,1855.45,2,38,0.0,5.555555555555555,1800,1275,,,,-9.778512557438434
2025-06-18 15:18:47,NIFTY.NSE.OPT.26Jun2025.22950.PUT,PUT,22950,26-Jun-2025,6.4,6.9,6.7,3559,1028,26.14,13.591160220994475,67275,7575,,,,-16.770186335403732
2025-06-18 15:18:47,NIFTY.NSE.OPT.03Jul2025.22950.CALL,CALL,22950,03-Jul-2025,0.0,0.0,2081.75,0,1,0.0,0.0,0,0,,,,0.0
2025-06-18 15:18:47,NIFTY.NSE.OPT.03Jul2025.22950.PUT,PUT,22950,03-Jul-2025,10.8,0.0,14.75,0,115,0.0,0.0,25875,0,,,,0.0
2025-06-18 15:18:47,NIFTY.NSE.OPT.10Jul2025.22950.PUT,PUT,22950,10-Jul-2025,18.5,24.85,22.7,58,43,20.24,0.0,15975,300,,,,-33.62573099415205
2025-06-18 15:18:47,NIFTY.NSE.OPT.17Jul2025.22950.PUT,PUT,22950,17-Jul-2025,26.0,0.0,0.0,0,0,0.0,0.0,13050,0,,,,0.0
2025-06-18 15:18:47,NIFTY.NSE.OPT.31Jul2025.22950.CALL,CALL,22950,31-Jul-2025,1700.4,2407.85,2213.25,0,14,0.0,0.0,1800,1800,,,,0.011296882060551289
2025-06-18 15:18:47,NIFTY.NSE.OPT.31Jul2025.22950.PUT,PUT,22950,31-Jul-2025,38.0,55.35,54.45,47,196,18.49,13.953488372093023,10050,225,,,,-0.5479452054794468
2025-06-18 15:18:47,NIFTY.NSE.OPT.28Aug2025.22950.CALL,CALL,22950,28-Aug-2025,1767.45,0.0,0.0,0,0,0.0,0.0,1800,0,,,,0.0
2025-06-18 15:18:47,NIFTY.NSE.OPT.28Aug2025.22950.PUT,PUT,22950,28-Aug-2025,50.0,115.95,85.0,0,41,0.0,0.0,1800,75,,,,0.0
2025-06-18 15:18:47,NIFTY.NSE.OPT.19Jun2025.23000.CALL,CALL,23000,19-Jun-2025,1789.0,1793.2,1805.0,137,511,53.39,-16.910569105691057,2775,1275,,,,-1.6750646874574424
2025-06-18 15:18:47,NIFTY.NSE.OPT.19Jun2025.23000.PUT,PUT,23000,19-Jun-2025,0.5,0.55,0.5,341020,35263,51.64,-47.61494466315086,2425200,249900,,,,-62.96296296296296
2025-06-18 15:18:47,NIFTY.NSE.OPT.26Jun2025.23000.CALL,CALL,23000,26-Jun-2025,1814.2,1822.65,1825.0,625,18927,0.0,-0.9195923780275005,4125,1800,,,,-2.531510361033972
2025-06-18 15:18:47,NIFTY.NSE.OPT.26Jun2025.23000.PUT,PUT,23000,26-Jun-2025,7.0,7.25,7.25,67686,59873,25.84,12.883358471593766,206550,58575,,,,-11.585365853658528
2025-06-18 15:18:47,NIFTY.NSE.OPT.03Jul2025.23000.CALL,CALL,23000,03-Jul-2025,0.0,0.0,1950.0,0,2,0.0,0.0,0,0,,,,0.0
2025-06-18 15:18:47,NIFTY.NSE.OPT.03Jul2025.23000.PUT,PUT,23000,03-Jul-2025,14.05,15.35,15.15,5246,3134,21.79,33.41847594721158,67425,4050,,,,-2.88461538461538
2025-06-18 15:18:47,NIFTY.NSE.OPT.10Jul2025.23000.PUT,PUT,23000,10-Jul-2025,23.0,25.6,25.6,838,832,20.3,33.333333333333336,31800,3000,,,,-2.661596958174902
2025-06-18 15:18:47,NIFTY.NSE.OPT.17Jul2025.23000.PUT,PUT,23000,17-Jul-2025,32.0,37.9,36.95,268,184,19.48,22.666666666666668,24750,9525,,,,3.792134831460678
2025-06-18 15:18:47,NIFTY.NSE.OPT.31Jul2025.23000.CALL,CALL,23000,31-Jul-2025,1968.55,1979.8,1980.0,324,1841,0.0,13.923267326732674,2475,6075,,,,-2.1376498208328187
2025-06-18 15:18:47,NIFTY.NSE.OPT.31Jul2025.23000.PUT,PUT,23000,31-Jul-2025,57.0,58.0,57.35,10826,24526,18.38,1.2466974900924703,45450,23325,,,,-1.2908777969018932
2025-06-18 15:18:47,NIFTY.NSE.OPT.28Aug2025.23000.CALL,CALL,23000,28-Aug-2025,2088.95,2154.6,2105.75,10,77,0.0,2.6666666666666665,2550,2475,,,,-2.610766811580789
2025-06-18 15:18:47,NIFTY.NSE.OPT.28Aug2025.23000.PUT,PUT,23000,28-Aug-2025,103.05,104.95,102.9,2753,6280,17.81,10.349674925320683,9600,8250,,,,-2.4182076813655735
2025-06-18 15:18:47,NIFTY.NSE.OPT.25Sep2025.23000.CALL,CALL,23000,25-Sep-2025,2266.15,2283.95,2268.1,403,1855,0.0,8.47953216374269,3600,1725,,,,-2.4410177000666713
2025-06-18 15:18:47,NIFTY.NSE.OPT.25Sep2025.23000.PUT,PUT,23000,25-Sep-2025,154.65,156.9,153.05,2607,9435,17.97,5.266093941760571,32175,15150,,,,-0.5846053913608167
2025-06-18 15:18:47,NIFTY.NSE.OPT.24Dec2025.23000.CALL,CALL,23000,24-Dec-2025,2730.0,2751.75,2737.6,185,5805,0.0,1.6102683780630105,4500,3525,,,,-1.420572189913767
2025-06-18 15:18:47,NIFTY.NSE.OPT.24Dec2025.23000.PUT,PUT,23000,24-Dec-2025,276.05,278.9,278.75,2012,27401,18.45,0.7908385340673623,123525,12525,,,,1.7893007120686422
2025-06-18 15:18:47,NIFTY.NSE.OPT.26Mar2026.23000.PUT,PUT,23000,26-Mar-2026,57.8,0.0,0.0,0,0,0.0,0.0,5625,0,,,,0.0
2025-06-18 15:18:47,NIFTY.NSE.OPT.25Jun2026.23000.PUT,PUT,23000,25-Jun-2026,401.35,443.0,402.0,2,166,18.74,0.6060606060606061,6450,4125,,,,-6.511627906976744
2025-06-18 15:18:47,NIFTY.NSE.OPT.31Dec2026.23000.CALL,CALL,23000,31-Dec-2026,4220.0,4375.0,4388.0,0,63,0.0,0.0,300,300,,,,0.0
2025-06-18 15:18:47,NIFTY.NSE.OPT.31Dec2026.23000.PUT,PUT,23000,31-Dec-2026,576.05,610.0,580.0,11,313,20.76,-1.5723270440251573,4875,825,,,,-1.023890784982935
2025-06-18 15:18:47,NIFTY.NSE.OPT.24Jun2027.23000.PUT,PUT,23000,24-Jun-2027,3.0,0.0,0.0,0,0,0.0,0.0,3750,0,,,,0.0
2025-06-18 15:18:47,NIFTY.NSE.OPT.30Dec2027.23000.PUT,PUT,23000,30-Dec-2027,100.0,0.0,700.05,0,27,0.0,0.0,3975,0,,,,0.0
2025-06-18 15:18:47,NIFTY.NSE.OPT.29Jun2028.23000.PUT,PUT,23000,29-Jun-2028,4.0,0.0,0.0,0,0,0.0,0.0,3750,0,,,,0.0
2025-06-18 15:18:47,NIFTY.NSE.OPT.28Dec2028.23000.PUT,PUT,23000,28-Dec-2028,6.0,0.0,800.0,0,39,0.0,0.0,3825,0,,,,0.0
2025-06-18 15:18:47,NIFTY.NSE.OPT.28Jun2029.23000.PUT,PUT,23000,28-Jun-2029,8.0,0.0,0.0,0,0,0.0,0.0,3750,0,,,,0.0
2025-06-18 15:18:47,NIFTY.NSE.OPT.27Dec2029.23000.PUT,PUT,23000,27-Dec-2029,10.0,0.0,799.95,0,25,0.0,0.0,103875,0,,,,0.0
2025-06-18 15:18:47,NIFTY.NSE.OPT.19Jun2025.23050.CALL,CALL,23050,19-Jun-2025,1681.35,1808.65,1656.7,0,3,0.0,0.0,450,450,,,,0.0
2025-06-18 15:18:47,NIFTY.NSE.OPT.19Jun2025.23050.PUT,PUT,23050,19-Jun-2025,0.4,0.55,0.4,47260,2148,49.24,-24.63157894736842,300150,118650,,,,-70.37037037037037
2025-06-18 15:18:47,NIFTY.NSE.OPT.26Jun2025.23050.CALL,CALL,23050,26-Jun-2025,1493.25,1814.65,1954.2,0,36,0.0,0.0,1800,75,,,,0.0
2025-06-18 15:18:47,NIFTY.NSE.OPT.26Jun2025.23050.PUT,PUT,23050,26-Jun-2025,7.4,7.9,7.4,2592,1386,25.3,38.6,78075,8775,,,,-14.942528735632173
2025-06-18 15:18:47,NIFTY.NSE.OPT.03Jul2025.23050.CALL,CALL,23050,03-Jul-2025,0.0,0.0,1817.2,0,1,0.0,0.0,0,0,,,,0.0
2025-06-18 15:18:47,NIFTY.NSE.OPT.03Jul2025.23050.PUT,PUT,23050,03-Jul-2025,13.0,0.0,12.05,1,41,20.45,0.0,22350,0,,,,-62.808641975308646
2025-06-18 15:18:47,NIFTY.NSE.OPT.10Jul2025.23050.PUT,PUT,23050,10-Jul-2025,21.0,0.0,0.0,0,0,0.0,0.0,15075,0,,,,0.0
2025-06-18 15:18:47,NIFTY.NSE.OPT.17Jul2025.23050.PUT,PUT,23050,17-Jul-2025,27.0,55.95,0.0,0,0,0.0,0.0,12150,75,,,,0.0
2025-06-18 15:18:47,NIFTY.NSE.OPT.31Jul2025.23050.CALL,CALL,23050,31-Jul-2025,1609.25,2302.15,2117.7,0,14,0.0,0.0,1800,1800,,,,0.0
2025-06-18 15:18:47,NIFTY.NSE.OPT.31Jul2025.23050.PUT,PUT,23050,31-Jul-2025,38.0,0.0,59.6,35,168,18.2,20.0,10050,0,,,,-2.214930270713702
2025-06-18 15:18:47,NIFTY.NSE.OPT.28Aug2025.23050.CALL,CALL,23050,28-Aug-2025,0.0,2529.0,0.0,0,0,0.0,0.0,0,1800,,,,0.0
2025-06-18 15:18:47,NIFTY.NSE.OPT.28Aug2025.23050.PUT,PUT,23050,28-Aug-2025,55.35,140.95,140.95,0,44,0.0,0.0,1950,75,,,,0.0
2025-06-18 15:18:47,NIFTY.NSE.OPT.19Jun2025.23100.CALL,CALL,23100,19-Jun-2025,1650.55,1749.85,1715.15,5,28,72.68,-6.666666666666667,900,975,,,,-7.51914159387468
2025-06-18 15:18:47,NIFTY.NSE.OPT.19Jun2025.23100.PUT,PUT,23100,19-Jun-2025,0.45,0.6,0.6,88862,5736,49.83,-47.10438952416083,412725,114450,,,,-58.620689655172406
2025-06-18 15:18:47,NIFTY.NSE.OPT.26Jun2025.23100.CALL,CALL,23100,26-Jun-2025,1590.65,1725.55,1736.25,6,140,0.0,2.18978102189781,1200,1950,,,,-2.73109243697479
2025-06-18 15:18:47,NIFTY.NSE.OPT.26Jun2025.23100.PUT,PUT,23100,26-Jun-2025,7.9,8.2,7.95,9734,4348,24.97,7.517309594460929,72075,4350,,,,-12.637362637362632
2025-06-18 15:18:47,NIFTY.NSE.OPT.03Jul2025.23100.CALL,CALL,23100,03-Jul-2025,0.0,0.0,1850.0,0,2,0.0,0.0,0,0,,,,0.0
2025-06-18 15:18:47,NIFTY.NSE.OPT.03Jul2025.23100.PUT,PUT,23100,03-Jul-2025,16.0,19.1,17.15,810,282,21.29,104.34782608695652,37500,1950,,,,-4.456824512534823
2025-06-18 15:18:47,NIFTY.NSE.OPT.10Jul2025.23100.PUT,PUT,23100,10-Jul-2025,26.1,31.95,31.65,4,31,20.32,3.3333333333333335,14175,75,,,,13.035714285714281
2025-06-18 15:18:47,NIFTY.NSE.OPT.17Jul2025.23100.PUT,PUT,23100,17-Jul-2025,27.15,52.45,0.0,0,0,0.0,0.0,14100,1950,,,,0.0
2025-06-18 15:18:47,NIFTY.NSE.OPT.31Jul2025.23100.CALL,CALL,23100,31-Jul-2025,1778.1,1959.15,2063.35,0,19,0.0,0.0,900,1875,,,,-0.026648577934986283
2025-06-18 15:18:47,NIFTY.NSE.OPT.31Jul2025.23100.PUT,PUT,23100,31-Jul-2025,55.0,65.0,63.25,894,3254,18.13,-0.9738283627510651,7725,75,,,,-1.0946051602814744
2025-06-18 15:18:47,NIFTY.NSE.OPT.28Aug2025.23100.CALL,CALL,23100,28-Aug-2025,1648.5,2473.1,0.0,0,0,0.0,0.0,1800,1800,,,,0.0
2025-06-18 15:18:47,NIFTY.NSE.OPT.28Aug2025.23100.PUT,PUT,23100,28-Aug-2025,105.2,113.05,112.95,59,538,17.69,10.699588477366255,4050,825,,,,4.972118959107815
2025-06-18 15:18:47,NIFTY.NSE.OPT.19Jun2025.23150.CALL,CALL,23150,19-Jun-2025,1598.45,1692.5,1517.1,0,4,0.0,0.0,900,900,,,,-1.2658227848101296
2025-06-18 15:18:47,NIFTY.NSE.OPT.19Jun2025.23150.PUT,PUT,23150,19-Jun-2025,0.55,0.75,0.55,70948,2928,48.05,-47.375988497483824,268950,109725,,,,-64.51612903225806
2025-06-18 15:18:47,NIFTY.NSE.OPT.26Jun2025.23150.CALL,CALL,23150,26-Jun-2025,1618.2,1931.2,1844.6,0,34,0.0,0.0,1875,1800,,,,0.0
2025-06-18 15:18:47,NIFTY.NSE.OPT.26Jun2025.23150.PUT,PUT,23150,26-Jun-2025,8.55,8.85,8.45,3195,622,24.58,91.38461538461539,66450,3075,,,,-12.435233160621772
2025-06-18 15:18:47,NIFTY.NSE.OPT.03Jul2025.23150.CALL,CALL,23150,03-Jul-2025,0.0,0.0,1884.0,0,1,0.0,0.0,0,0,,,,0.0
2025-06-18 15:18:47,NIFTY.NSE.OPT.03Jul2025.23150.PUT,PUT,23150,03-Jul-2025,14.2,0.0,17.45,94,58,20.86,0.0,21750,0,,,,-79.72109238814642
2025-06-18 15:18:47,NIFTY.NSE.OPT.10Jul2025.23150.PUT,PUT,23150,10-Jul-2025,22.5,0.0,0.0,0,0,0.0,0.0,16500,0,,,,0.0
2025-06-18 15:18:47,NIFTY.NSE.OPT.17Jul2025.23150.PUT,PUT,23150,17-Jul-2025,27.1,67.9,54.25,0,2,0.0,0.0,10800,225,,,,0.0
2025-06-18 15:18:47,NIFTY.NSE.OPT.31Jul2025.23150.CALL,CALL,23150,31-Jul-2025,1520.4,2201.35,1898.25,0,17,0.0,0.0,1800,1800,,,,0.0
2025-06-18 15:18:47,NIFTY.NSE.OPT.31Jul2025.23150.PUT,PUT,23150,31-Jul-2025,54.65,70.0,65.15,41,162,17.91,26.5625,9000,2025,,,,-3.3382789317507413
2025-06-18 15:18:47,NIFTY.NSE.OPT.28Aug2025.23150.CALL,CALL,23150,28-Aug-2025,0.0,0.0,2168.2,0,1,0.0,0.0,0,0,,,,0.0
2025-06-18 15:18:47,NIFTY.NSE.OPT.28Aug2025.23150.PUT,PUT,23150,28-Aug-2025,55.1,136.4,152.25,0,29,0.0,0.0,1950,75,,,,-0.03282994090611383
2025-06-18 15:18:47,NIFTY.NSE.OPT.19Jun2025.23200.CALL,CALL,23200,19-Jun-2025,1551.8,1611.05,1643.0,1,8,89.45,-11.11111111111111,900,975,,,,-2.2023809523809526
2025-06-18 15:18:47,NIFTY.NSE.OPT.19Jun2025.23200.PUT,PUT,23200,19-Jun-2025,0.6,0.8,0.6,167588,12957,47.1,-57.808531422989255,290775,117450,,,,-64.70588235294117
2025-06-18 15:18:47,NIFTY.NSE.OPT.26Jun2025.23200.CALL,CALL,23200,26-Jun-2025,1582.85,1625.55,1631.95,20,769,0.0,-0.2594033722438392,225,2100,,,,-3.750995252278017
2025-06-18 15:18:47,NIFTY.NSE.OPT.26Jun2025.23200.PUT,PUT,23200,26-Jun-2025,8.85,9.15,9.2,19181,7860,24.29,43.509220376118314,84375,5250,,,,-6.122448979591851
2025-06-18 15:18:47,NIFTY.NSE.OPT.03Jul2025.23200.CALL,CALL,23200,03-Jul-2025,0.0,0.0,1670.0,1,2,0.0,100.0,0,0,,,,-9.001743679163036
2025-06-18 15:18:47,NIFTY.NSE.OPT.03Jul2025.23200.PUT,PUT,23200,03-Jul-2025,17.85,19.3,19.3,785,770,20.76,-8.659549228944247,56025,975,,,,1.5789473684210564
2025-06-18 15:18:47,NIFTY.NSE.OPT.10Jul2025.23200.PUT,PUT,23200,10-Jul-2025,25.7,39.05,31.35,33,42,19.38,75.0,16125,300,,,,-8.600583090378997
2025-06-18 15:18:47,NIFTY.NSE.OPT.17Jul2025.23200.PUT,PUT,23200,17-Jul-2025,31.15,59.75,35.2,83,66,17.68,-47.2,12750,3225,,,,-47.85185185185185
2025-06-18 15:18:47,NIFTY.NSE.OPT.31Jul2025.23200.CALL,CALL,23200,31-Jul-2025,1707.1,1932.85,1800.0,1,8,0.0,-11.11111111111111,1875,75,,,,-5.263157894736842
2025-06-18 15:18:47,NIFTY.NSE.OPT.31Jul2025.23200.PUT,PUT,23200,31-Jul-2025,68.0,70.5,70.25,1399,3701,17.91,-2.962768746722601,10650,9975,,,,-0.49575070821528944
2025-06-18 15:18:47,NIFTY.NSE.OPT.28Aug2025.23200.CALL,CALL,23200,28-Aug-2025,1913.55,2406.15,1935.35,4,58,0.0,5.454545454545454,2250,1800,,,,-2.746231155778899
2025-06-18 15:18:47,NIFTY.NSE.OPT.28Aug2025.23200.PUT,PUT,23200,28-Aug-2025,116.8,123.95,120.05,244,1119,17.41,12.916246215943492,3750,6600,,,,-0.7030603804797423
2025-06-18 15:18:47,NIFTY.NSE.OPT.19Jun2025.23250.CALL,CALL,23250,19-Jun-2025,1486.95,1592.65,1800.0,0,6,0.0,0.0,900,900,,,,0.0
2025-06-18 15:18:47,NIFTY.NSE.OPT.19Jun2025.23250.PUT,PUT,23250,19-Jun-2025,0.6,0.8,0.65,75216,4043,46.1,-45.13502510517031,190050,116175,,,,-64.86486486486487
2025-06-18 15:18:47,NIFTY.NSE.OPT.26Jun2025.23250.CALL,CALL,23250,26-Jun-2025,1555.55,1681.65,1625.85,2,27,29.05,-6.896551724137931,1875,1200,,,,-4.240657301881792
2025-06-18 15:18:47,NIFTY.NSE.OPT.26Jun2025.23250.PUT,PUT,23250,26-Jun-2025,9.55,10.0,9.55,1824,600,23.8,-24.717691342534504,66300,3300,,,,-6.8292682926829205
2025-06-18 15:18:47,NIFTY.NSE.OPT.03Jul2025.23250.CALL,CALL,23250,03-Jul-2025,0.0,0.0,1784.4,0,2,0.0,0.0,0,0,,,,0.0
2025-06-18 15:18:47,NIFTY.NSE.OPT.03Jul2025.23250.PUT,PUT,23250,03-Jul-2025,18.35,23.4,20.4,526,216,20.47,800.0,21750,1800,,,,-50.4854368932039
2025-06-18 15:18:47,NIFTY.NSE.OPT.10Jul2025.23250.PUT,PUT,23250,10-Jul-2025,27.9,60.0,30.3,7,45,18.78,9.75609756097561,18825,150,,,,-13.428571428571425
2025-06-18 15:18:47,NIFTY.NSE.OPT.17Jul2025.23250.PUT,PUT,23250,17-Jul-2025,27.1,81.9,0.0,0,0,0.0,0.0,11550,225,,,,0.0
2025-06-18 15:18:47,NIFTY.NSE.OPT.31Jul2025.23250.CALL,CALL,23250,31-Jul-2025,1444.05,2067.55,1931.5,0,13,0.0,0.0,1800,1800,,,,0.0
2025-06-18 15:18:47,NIFTY.NSE.OPT.31Jul2025.23250.PUT,PUT,23250,31-Jul-2025,67.75,79.95,73.1,59,212,17.73,23.25581395348837,9000,1275,,,,-1.8791946308724907
2025-06-18 15:18:47,NIFTY.NSE.OPT.28Aug2025.23250.CALL,CALL,23250,28-Aug-2025,0.0,0.0,2080.5,0,1,0.0,0.0,0,0,,,,0.0
2025-06-18 15:18:47,NIFTY.NSE.OPT.28Aug2025.23250.PUT,PUT,23250,28-Aug-2025,63.6,0.0,0.0,0,0,0.0,0.0,1950,0,,,,0.0
2025-06-18 15:18:47,NIFTY.NSE.OPT.19Jun2025.23300.CALL,CALL,23300,19-Jun-2025,1452.15,1541.75,1490.0,4,25,0.0,-13.793103448275861,900,900,,,,-6.29225496053583
2025-06-18 15:18:47,NIFTY.NSE.OPT.19Jun2025.23300.PUT,PUT,23300,19-Jun-2025,0.65,0.85,0.6,192529,12266,44.36,-51.94515181194907,207975,124800,,,,-70.73170731707317
2025-06-18 15:18:47,NIFTY.NSE.OPT.26Jun2025.23300.CALL,CALL,23300,26-Jun-2025,1471.1,1761.0,1543.25,9,591,0.0,-0.8389261744966443,2400,2025,,,,-4.963512639714255
2025-06-18 15:18:47,NIFTY.NSE.OPT.26Jun2025.23300.PUT,PUT,23300,26-Jun-2025,10.3,10.7,10.3,19477,9252,23.46,52.74888558692422,109050,7650,,,,-4.62962962962963
2025-06-18 15:18:47,NIFTY.NSE.OPT.03Jul2025.23300.CALL,CALL,23300,03-Jul-2025,0.0,0.0,1724.25,0,3,0.0,0.0,0,0,,,,0.0
2025-06-18 15:18:47,NIFTY.NSE.OPT.03Jul2025.23300.PUT,PUT,23300,03-Jul-2025,20.1,23.1,21.15,956,901,20.1,-5.05795574288725,43950,5775,,,,0.2369668246445363
2025-06-18 15:18:47,NIFTY.NSE.OPT.10Jul2025.23300.PUT,PUT,23300,10-Jul-2025,31.8,45.05,35.5,160,94,19.01,-21.666666666666668,16575,975,,,,-4.441453566621799
2025-06-18 15:18:47,NIFTY.NSE.OPT.17Jul2025.23300.PUT,PUT,23300,17-Jul-2025,43.5,58.7,58.0,1,32,19.1,3.225806451612903,9225,3750,,,,11.538461538461538
2025-06-18 15:18:47,NIFTY.NSE.OPT.31Jul2025.23300.CALL,CALL,23300,31-Jul-2025,1395.2,1771.7,1879.95,0,15,0.0,0.0,1800,1875,,,,0.0
2025-06-18 15:18:47,NIFTY.NSE.OPT.31Jul2025.23300.PUT,PUT,23300,31-Jul-2025,77.25,78.25,77.5,2026,3690,17.65,7.049608355091384,10725,600,,,,-1.0848755583918244
2025-06-18 15:18:47,NIFTY.NSE.OPT.28Aug2025.23300.CALL,CALL,23300,28-Aug-2025,1490.35,2437.0,2200.0,0,1,0.0,0.0,1800,1425,,,,0.0
2025-06-18 15:18:47,NIFTY.NSE.OPT.28Aug2025.23300.PUT,PUT,23300,28-Aug-2025,126.9,135.95,131.5,219,1247,17.29,13.777372262773723,4125,4425,,,,-1.4981273408239701
2025-06-18 15:18:47,NIFTY.NSE.OPT.19Jun2025.23350.CALL,CALL,23350,19-Jun-2025,1395.9,1511.2,1288.2,0,19,0.0,0.0,450,450,,,,0.0
2025-06-18 15:18:47,NIFTY.NSE.OPT.19Jun2025.23350.PUT,PUT,23350,19-Jun-2025,0.7,0.85,0.7,102305,4377,44.3,-56.92353114850901,129075,122775,,,,-67.44186046511628
2025-06-18 15:18:47,NIFTY.NSE.OPT.26Jun2025.23350.CALL,CALL,23350,26-Jun-2025,0.0,1560.2,1668.6,0,85,0.0,0.0,0,1425,,,,0.0
2025-06-18 15:18:47,NIFTY.NSE.OPT.26Jun2025.23350.PUT,PUT,23350,26-Jun-2025,11.0,11.6,11.35,2619,710,23.21,28.856624319419236,74625,3600,,,,-0.4385964912280764
2025-06-18 15:18:47,NIFTY.NSE.OPT.03Jul2025.23350.CALL,CALL,23350,03-Jul-2025,0.0,0.0,1689.75,0,1,0.0,0.0,0,0,,,,0.0
2025-06-18 15:18:47,NIFTY.NSE.OPT.03Jul2025.23350.PUT,PUT,23350,03-Jul-2025,19.1,23.55,23.55,200,195,20.02,42.33576642335766,18000,4575,,,,9.790209790209797
2025-06-18 15:18:47,NIFTY.NSE.OPT.10Jul2025.23350.PUT,PUT,23350,10-Jul-2025,31.0,62.0,33.25,0,1,0.0,0.0,18150,225,,,,0.0
2025-06-18 15:18:47,NIFTY.NSE.OPT.17Jul2025.23350.PUT,PUT,23350,17-Jul-2025,33.0,66.8,85.0,0,29,0.0,0.0,5550,1875,,,,0.0
2025-06-18 15:18:47,NIFTY.NSE.OPT.31Jul2025.23350.CALL,CALL,23350,31-Jul-2025,1356.65,1774.9,1842.35,0,13,0.0,0.0,1800,75,,,,0.0
2025-06-18 15:18:47,NIFTY.NSE.OPT.31Jul2025.23350.PUT,PUT,23350,31-Jul-2025,76.65,110.65,81.55,53,274,17.54,8.300395256916996,4500,4125,,,,-2.626865671641794
2025-06-18 15:18:47,NIFTY.NSE.OPT.28Aug2025.23350.CALL,CALL,23350,28-Aug-2025,0.0,0.0,1993.75,0,1,0.0,0.0,0,0,,,,0.0
2025-06-18 15:18:47,NIFTY.NSE.OPT.28Aug2025.23350.PUT,PUT,23350,28-Aug-2025,114.75,155.95,131.85,0,1,0.0,0.0,900,900,,,,0.0
2025-06-18 15:18:47,NIFTY.NSE.OPT.19Jun2025.23400.CALL,CALL,23400,19-Jun-2025,1351.3,1394.95,1395.0,11,16,0.0,-36.0,900,1050,,,,-10.260533933740753
2025-06-18 15:18:47,NIFTY.NSE.OPT.19Jun2025.23400.PUT,PUT,23400,19-Jun-2025,0.8,1.0,0.85,232553,13178,43.18,-63.56850602676103,211500,135525,,,,-64.58333333333333
2025-06-18 15:18:47,NIFTY.NSE.OPT.26Jun2025.23400.CALL,CALL,23400,26-Jun-2025,1351.55,1580.3,1423.4,13,383,0.0,1.5915119363395225,1875,1800,,,,-8.052065501760271
2025-06-18 15:18:47,NIFTY.NSE.OPT.26Jun2025.23400.PUT,PUT,23400,26-Jun-2025,11.95,12.25,12.25,38435,11005,22.76,79.7028086218158,102825,10500,,,,-1.2096774193548416
2025-06-18 15:18:47,NIFTY.NSE.OPT.03Jul2025.23400.CALL,CALL,23400,03-Jul-2025,0.0,0.0,1460.0,8,8,0.0,700.0,0,0,,,,-5.194805194805195
2025-06-18 15:18:47,NIFTY.NSE.OPT.03Jul2025.23400.PUT,PUT,23400,03-Jul-2025,24.0,26.0,25.25,1571,957,19.79,153.17460317460316,43950,450,,,,-0.19762845849802652
2025-06-18 15:18:47,NIFTY.NSE.OPT.10Jul2025.23400.PUT,PUT,23400,10-Jul-2025,33.5,51.2,40.35,12,79,18.64,-7.0588235294117645,18525,975,,,,6.324110671936754
2025-06-18 15:18:47,NIFTY.NSE.OPT.17Jul2025.23400.PUT,PUT,23400,17-Jul-2025,42.5,69.4,55.0,1,1,17.97,0.0,7275,3675,,,,-10.277324632952688
2025-06-18 15:18:47,NIFTY.NSE.OPT.31Jul2025.23400.CALL,CALL,23400,31-Jul-2025,1556.7,1688.3,1775.3,0,12,0.0,0.0,1875,1875,,,,0.0
2025-06-18 15:18:47,NIFTY.NSE.OPT.31Jul2025.23400.PUT,PUT,23400,31-Jul-2025,85.4,88.6,86.65,1828,3255,17.47,-1.333737496210973,3000,1500,,,,-0.40229885057470616
2025-06-18 15:18:47,NIFTY.NSE.OPT.28Aug2025.23400.CALL,CALL,23400,28-Aug-2025,0.0,2169.25,1950.55,0,1,0.0,0.0,0,1800,,,,0.0
2025-06-18 15:18:47,NIFTY.NSE.OPT.28Aug2025.23400.PUT,PUT,23400,28-Aug-2025,138.95,150.0,145.25,257,1357,17.22,13.74685666387259,1650,5100,,,,-2.418542156533419
2025-06-18 15:18:47,NIFTY.NSE.OPT.19Jun2025.23450.CALL,CALL,23450,19-Jun-2025,1301.5,1399.75,1521.9,0,15,0.0,0.0,900,900,,,,0.0
2025-06-18 15:18:47,NIFTY.NSE.OPT.19Jun2025.23450.PUT,PUT,23450,19-Jun-2025,0.85,1.1,1.05,105694,4133,41.2,-55.06143307600304,180000,120750,,,,-60.37735849056604
2025-06-18 15:18:47,NIFTY.NSE.OPT.26Jun2025.23450.CALL,CALL,23450,26-Jun-2025,0.0,1478.15,1430.0,0,17,0.0,0.0,0,1800,,,,0.0
2025-06-18 15:18:47,NIFTY.NSE.OPT.26Jun2025.23450.PUT,PUT,23450,26-Jun-2025,12.8,13.4,13.25,5232,1246,22.52,8.065915004336514,65250,6600,,,,0.37878787878788417
2025-06-18 15:18:47,NIFTY.NSE.OPT.03Jul2025.23450.CALL,CALL,23450,03-Jul-2025,0.0,0.0,1593.45,0,1,0.0,0.0,0,0,,,,0.0
2025-06-18 15:18:47,NIFTY.NSE.OPT.03Jul2025.23450.PUT,PUT,23450,03-Jul-2025,21.65,0.0,26.95,139,116,19.53,13.72549019607843,16500,0,,,,0.0
2025-06-18 15:18:47,NIFTY.NSE.OPT.10Jul2025.23450.CALL,CALL,23450,10-Jul-2025,0.0,0.0,1530.7,0,0,0.0,0.0,0,0,,,,0.0
2025-06-18 15:18:47,NIFTY.NSE.OPT.10Jul2025.23450.PUT,PUT,23450,10-Jul-2025,31.4,57.15,37.85,0,1,0.0,0.0,24450,600,,,,0.0
2025-06-18 15:18:47,NIFTY.NSE.OPT.17Jul2025.23450.PUT,PUT,23450,17-Jul-2025,43.05,80.1,72.0,0,1,0.0,0.0,4875,900,,,,0.0
2025-06-18 15:18:47,NIFTY.NSE.OPT.31Jul2025.23450.CALL,CALL,23450,31-Jul-2025,1439.9,1691.75,1744.8,0,14,0.0,0.0,825,1050,,,,0.0
2025-06-18 15:18:47,NIFTY.NSE.OPT.31Jul2025.23450.PUT,PUT,23450,31-Jul-2025,81.9,96.85,91.5,174,410,17.37,25.0,2250,1800,,,,-1.665771090811389
2025-06-18 15:18:47,NIFTY.NSE.OPT.28Aug2025.23450.CALL,CALL,23450,28-Aug-2025,0.0,0.0,1908.05,0,1,0.0,0.0,0,0,,,,0.0
2025-06-18 15:18:47,NIFTY.NSE.OPT.28Aug2025.23450.PUT,PUT,23450,28-Aug-2025,128.55,172.75,144.45,0,1,0.0,0.0,900,900,,,,0.0
2025-06-18 15:18:47,NIFTY.NSE.OPT.19Jun2025.23500.CALL,CALL,23500,19-Jun-2025,1280.0,1293.55,1293.1,225,205,0.0,-34.71337579617835,1200,975,,,,-3.4279312920089686
2025-06-18 15:18:47,NIFTY.NSE.OPT.19Jun2025.23500.PUT,PUT,23500,19-Jun-2025,1.1,1.15,1.15,599794,71160,41.75,-34.97747603687899,489075,251850,,,,-61.66666666666667
2025-06-18 15:18:47,NIFTY.NSE.OPT.26Jun2025.23500.CALL,CALL,23500,26-Jun-2025,1320.0,1329.7,1331.0,724,5640,0.0,-3.9836567926455566,3525,3750,,,,-3.575180207918275
2025-06-18 15:18:47,NIFTY.NSE.OPT.26Jun2025.23500.PUT,PUT,23500,26-Jun-2025,13.85,14.2,14.15,83076,41972,22.12,27.08005328811917,138975,49350,,,,-1.7361111111111112
2025-06-18 15:18:47,NIFTY.NSE.OPT.03Jul2025.23500.CALL,CALL,23500,03-Jul-2025,1315.45,0.0,1378.35,1,14,0.0,0.0,75,0,,,,-10.496753246753252
2025-06-18 15:18:47,NIFTY.NSE.OPT.03Jul2025.23500.PUT,PUT,23500,03-Jul-2025,28.75,29.95,30.0,5041,2735,19.46,16.13588110403397,68850,3825,,,,4.89510489510489
2025-06-18 15:18:47,NIFTY.NSE.OPT.10Jul2025.23500.PUT,PUT,23500,10-Jul-2025,43.0,49.0,46.6,524,854,18.35,21.65242165242165,26325,2925,,,,-2.5104602510460166
2025-06-18 15:18:47,NIFTY.NSE.OPT.17Jul2025.23500.PUT,PUT,23500,17-Jul-2025,60.0,68.0,65.0,74,40,17.91,37.93103448275862,5850,3675,,,,0.6191950464396374
2025-06-18 15:18:47,NIFTY.NSE.OPT.31Jul2025.23500.CALL,CALL,23500,31-Jul-2025,1509.5,1523.8,1523.95,131,1232,0.0,5.841924398625429,3675,4125,,,,-2.675862949835544
2025-06-18 15:18:47,NIFTY.NSE.OPT.31Jul2025.23500.PUT,PUT,23500,31-Jul-2025,95.0,96.9,96.35,15918,28976,17.19,22.64973544973545,18675,18750,,,,-2.4797570850202457
2025-06-18 15:18:47,NIFTY.NSE.OPT.28Aug2025.23500.CALL,CALL,23500,28-Aug-2025,1650.15,1714.0,1695.0,25,32,0.0,128.57142857142858,2925,2850,,,,-4.842105263157895
2025-06-18 15:18:47,NIFTY.NSE.OPT.28Aug2025.23500.PUT,PUT,23500,28-Aug-2025,158.5,163.05,163.1,1192,5845,17.27,6.099110546378653,12450,7125,,,,-0.15304560759106214
2025-06-18 15:18:47,NIFTY.NSE.OPT.19Jun2025.23550.CALL,CALL,23550,19-Jun-2025,1201.85,1244.2,1300.0,2,36,77.03,0.0,900,975,,,,13.537117903930133
2025-06-18 15:18:47,NIFTY.NSE.OPT.19Jun2025.23550.PUT,PUT,23550,19-Jun-2025,1.05,1.2,1.25,122938,3561,40.69,-55.61510656861523,195825,74325,,,,-60.9375
2025-06-18 15:18:47,NIFTY.NSE.OPT.26Jun2025.23550.CALL,CALL,23550,26-Jun-2025,1198.8,1432.65,1459.9,0,47,0.0,0.0,150,1500,,,,0.0
2025-06-18 15:18:47,NIFTY.NSE.OPT.26Jun2025.23550.PUT,PUT,23550,26-Jun-2025,14.8,15.35,14.75,7576,1469,21.61,6.60377358490566,46425,1425,,,,-2.960526315789469
2025-06-18 15:18:47,NIFTY.NSE.OPT.03Jul2025.23550.CALL,CALL,23550,03-Jul-2025,0.0,0.0,1484.05,0,0,0.0,0.0,0,0,,,,0.0
2025-06-18 15:18:47,NIFTY.NSE.OPT.03Jul2025.23550.PUT,PUT,23550,03-Jul-2025,28.55,35.0,29.8,55,366,18.87,8.284023668639053,19650,75,,,,-2.454991816693944
2025-06-18 15:18:47,NIFTY.NSE.OPT.10Jul2025.23550.PUT,PUT,23550,10-Jul-2025,48.55,59.95,49.0,22,19,18.1,0.0,14850,1050,,,,-49.35400516795866
2025-06-18 15:18:47,NIFTY.NSE.OPT.17Jul2025.23550.PUT,PUT,23550,17-Jul-2025,36.1,139.0,0.0,0,0,0.0,0.0,2400,150,,,,0.0
2025-06-18 15:18:47,NIFTY.NSE.OPT.31Jul2025.23550.CALL,CALL,23550,31-Jul-2025,1329.75,1542.7,1646.7,0,8,0.0,0.0,900,1875,,,,0.0
2025-06-18 15:18:47,NIFTY.NSE.OPT.31Jul2025.23550.PUT,PUT,23550,31-Jul-2025,96.35,108.95,101.45,150,259,17.15,30.80808080808081,2850,1875,,,,-2.4987986544930267
2025-06-18 15:18:47,NIFTY.NSE.OPT.28Aug2025.23550.CALL,CALL,23550,28-Aug-2025,0.0,0.0,1824.45,0,1,0.0,0.0,0,0,,,,0.0713051586539755
2025-06-18 15:18:47,NIFTY.NSE.OPT.28Aug2025.23550.PUT,PUT,23550,28-Aug-2025,141.6,186.95,214.95,0,1,0.0,0.0,900,900,,,,0.0
2025-06-18 15:18:47,NIFTY.NSE.OPT.19Jun2025.23600.CALL,CALL,23600,19-Jun-2025,1152.05,1249.9,1194.0,71,38,0.0,-56.81818181818182,1050,975,,,,-4.63258785942492
2025-06-18 15:18:47,NIFTY.NSE.OPT.19Jun2025.23600.PUT,PUT,23600,19-Jun-2025,1.35,1.45,1.35,315359,23351,39.58,-23.776725967031172,541800,83325,,,,-61.42857142857142
2025-06-18 15:18:47,NIFTY.NSE.OPT.26Jun2025.23600.CALL,CALL,23600,26-Jun-2025,1188.0,1231.1,1232.0,87,857,0.0,8.756345177664974,75,2025,,,,-3.832643821715706
2025-06-18 15:18:47,NIFTY.NSE.OPT.26Jun2025.23600.PUT,PUT,23600,26-Jun-2025,16.0,16.6,15.95,28343,10846,21.36,11.860561056105611,63375,6600,,,,-3.0395136778115504
2025-06-18 15:18:47,NIFTY.NSE.OPT.03Jul2025.23600.CALL,CALL,23600,03-Jul-2025,0.0,0.0,1270.0,1,1,0.0,0.0,0,0,,,,-12.174544448670513
2025-06-18 15:18:47,NIFTY.NSE.OPT.03Jul2025.23600.PUT,PUT,23600,03-Jul-2025,28.4,52.0,33.6,602,458,18.85,4.805491990846682,65025,2700,,,,-2.467343976777943
2025-06-18 15:18:47,NIFTY.NSE.OPT.10Jul2025.23600.PUT,PUT,23600,10-Jul-2025,51.5,56.1,53.3,66,69,18.02,23.214285714285715,23550,2025,,,,-0.6523765144454826
2025-06-18 15:18:47,NIFTY.NSE.OPT.17Jul2025.23600.PUT,PUT,23600,17-Jul-2025,62.05,83.0,64.75,6,2,16.99,0.0,6525,2775,,,,-24.269005847953213
2025-06-18 15:18:47,NIFTY.NSE.OPT.31Jul2025.23600.CALL,CALL,23600,31-Jul-2025,1365.9,1581.2,1450.0,1,15,0.0,0.0,1875,1200,,,,-9.637615679431658
2025-06-18 15:18:47,NIFTY.NSE.OPT.31Jul2025.23600.PUT,PUT,23600,31-Jul-2025,106.2,110.95,106.45,2728,3106,17.02,-0.4806151874399231,2250,375,,,,-2.2946305644791187
2025-06-18 15:18:47,NIFTY.NSE.OPT.28Aug2025.23600.CALL,CALL,23600,28-Aug-2025,1272.75,0.0,1782.5,0,1,0.0,0.0,1800,0,,,,0.0757937287707329
2025-06-18 15:18:47,NIFTY.NSE.OPT.28Aug2025.23600.PUT,PUT,23600,28-Aug-2025,163.4,191.25,174.0,164,591,17.01,18.91348088531187,3075,3000,,,,0.8403361344537749
2025-06-18 15:18:47,NIFTY.NSE.OPT.19Jun2025.23650.CALL,CALL,23650,19-Jun-2025,1103.55,1192.0,1324.1,0,18,0.0,0.0,900,900,,,,0.0
2025-06-18 15:18:47,NIFTY.NSE.OPT.19Jun2025.23650.PUT,PUT,23650,19-Jun-2025,1.3,1.55,1.6,146248,5940,38.91,-29.537366548042705,170400,70875,,,,-57.89473684210525
2025-06-18 15:18:47,NIFTY.NSE.OPT.26Jun2025.23650.CALL,CALL,23650,26-Jun-2025,1141.85,1285.85,1235.0,0,29,0.0,0.0,75,75,,,,0.0
2025-06-18 15:18:47,NIFTY.NSE.OPT.26Jun2025.23650.PUT,PUT,23650,26-Jun-2025,17.35,17.9,17.35,6593,1301,20.92,14.323374340949034,48375,1800,,,,-2.528089887640445
2025-06-18 15:18:47,NIFTY.NSE.OPT.03Jul2025.23650.CALL,CALL,23650,03-Jul-2025,0.0,0.0,1402.9,0,1,0.0,0.0,0,0,,,,0.0
2025-06-18 15:18:47,NIFTY.NSE.OPT.03Jul2025.23650.PUT,PUT,23650,03-Jul-2025,30.0,0.0,35.5,122,79,18.54,-27.522935779816514,22575,0,,,,-3.7940379403794
2025-06-18 15:18:47,NIFTY.NSE.OPT.10Jul2025.23650.PUT,PUT,23650,10-Jul-2025,50.0,64.95,56.5,18,27,17.8,80.0,16425,1050,,,,-5.833333333333333
2025-06-18 15:18:47,NIFTY.NSE.OPT.17Jul2025.23650.PUT,PUT,23650,17-Jul-2025,41.5,160.0,0.0,0,0,0.0,0.0,2400,150,,,,0.0
2025-06-18 15:18:47,NIFTY.NSE.OPT.31Jul2025.23650.CALL,CALL,23650,31-Jul-2025,1358.15,1430.1,1386.2,1,13,0.0,0.0,1950,75,,,,-10.969813744380215
2025-06-18 15:18:47,NIFTY.NSE.OPT.31Jul2025.23650.PUT,PUT,23650,31-Jul-2025,108.45,118.9,114.65,61,206,17.04,12.568306010928962,2700,1800,,,,-1.924721984602224
2025-06-18 15:18:47,NIFTY.NSE.OPT.28Aug2025.23650.CALL,CALL,23650,28-Aug-2025,0.0,0.0,1740.85,0,1,0.0,0.0,0,0,,,,0.07760850819200397
2025-06-18 15:18:47,NIFTY.NSE.OPT.28Aug2025.23650.PUT,PUT,23650,28-Aug-2025,155.95,210.0,0.0,0,0,0.0,0.0,900,900,,,,0.0
2025-06-18 15:18:47,NIFTY.NSE.OPT.19Jun2025.23700.CALL,CALL,23700,19-Jun-2025,1052.65,1149.95,1106.9,28,65,39.46,-12.162162162162161,900,1050,,,,-3.8314509122502094
2025-06-18 15:18:47,NIFTY.NSE.OPT.19Jun2025.23700.PUT,PUT,23700,19-Jun-2025,1.5,1.65,1.55,536942,34217,37.24,-16.309159838571603,242250,107925,,,,-63.52941176470589
2025-06-18 15:18:47,NIFTY.NSE.OPT.26Jun2025.23700.CALL,CALL,23700,26-Jun-2025,1097.15,1132.6,1154.0,35,481,15.62,2.55863539445629,1875,1875,,,,-2.244811520542143
2025-06-18 15:18:47,NIFTY.NSE.OPT.26Jun2025.23700.PUT,PUT,23700,26-Jun-2025,18.9,19.45,18.95,36702,10004,20.59,34.8975188781014,57900,12900,,,,0.2645502645502683
2025-06-18 15:18:47,NIFTY.NSE.OPT.03Jul2025.23700.CALL,CALL,23700,03-Jul-2025,0.0,0.0,1330.0,0,6,0.0,0.0,0,0,,,,0.0
2025-06-18 15:18:47,NIFTY.NSE.OPT.03Jul2025.23700.PUT,PUT,23700,03-Jul-2025,38.0,40.0,37.9,850,791,18.26,1.6709511568123394,67275,300,,,,-1.686121919584951
2025-06-18 15:18:47,NIFTY.NSE.OPT.10Jul2025.23700.PUT,PUT,23700,10-Jul-2025,49.65,65.25,59.9,49,14,17.58,0.0,15075,1350,,,,-50.78060805258834
2025-06-18 15:18:47,NIFTY.NSE.OPT.17Jul2025.23700.PUT,PUT,23700,17-Jul-2025,55.65,110.05,0.0,0,0,0.0,0.0,6300,3000,,,,0.0
2025-06-18 15:18:47,NIFTY.NSE.OPT.31Jul2025.23700.CALL,CALL,23700,31-Jul-2025,1243.6,1374.8,1359.95,7,57,0.0,7.547169811320755,975,2100,,,,-3.206405693950175
2025-06-18 15:18:47,NIFTY.NSE.OPT.31Jul2025.23700.PUT,PUT,23700,31-Jul-2025,110.0,121.2,121.05,1740,2595,16.95,-1.4806378132118452,2175,1725,,,,-0.2883031301482772
2025-06-18 15:18:47,NIFTY.NSE.OPT.28Aug2025.23700.CALL,CALL,23700,28-Aug-2025,1369.5,1665.0,1688.9,0,17,0.0,0.0,300,2100,,,,0.0
2025-06-18 15:18:47,NIFTY.NSE.OPT.28Aug2025.23700.PUT,PUT,23700,28-Aug-2025,175.45,190.3,189.0,90,765,16.86,11.51603498542274,1950,3825,,,,-0.44772188569923327
2025-06-18 15:18:47,NIFTY.NSE.OPT.19Jun2025.23750.CALL,CALL,23750,19-Jun-2025,1032.6,1052.2,1107.75,0,8,0.0,0.0,1050,1050,,,,0.0
2025-06-18 15:18:47,NIFTY.NSE.OPT.19Jun2025.23750.PUT,PUT,23750,19-Jun-2025,1.6,1.85,1.6,261483,13596,35.87,47.73443442355754,278700,83700,,,,-65.21739130434781
2025-06-18 15:18:47,NIFTY.NSE.OPT.26Jun2025.23750.CALL,CALL,23750,26-Jun-2025,1049.8,1173.95,1124.3,0,30,0.0,0.0,750,75,,,,0.0
2025-06-18 15:18:47,NIFTY.NSE.OPT.26Jun2025.23750.PUT,PUT,23750,26-Jun-2025,20.55,21.1,20.6,8697,2044,20.24,0.6400787789266371,64500,8775,,,,-0.9615384615384581
2025-06-18 15:18:47,NIFTY.NSE.OPT.03Jul2025.23750.CALL,CALL,23750,03-Jul-2025,0.0,0.0,1307.8,0,1,0.0,0.0,0,0,,,,0.0
2025-06-18 15:18:47,NIFTY.NSE.OPT.03Jul2025.23750.PUT,PUT,23750,03-Jul-2025,33.45,54.9,41.8,134,132,18.14,12.820512820512821,22125,1725,,,,-4.018369690011482
2025-06-18 15:18:47,NIFTY.NSE.OPT.10Jul2025.23750.PUT,PUT,23750,10-Jul-2025,49.8,73.1,0.0,0,0,0.0,0.0,10800,1875,,,,0.0
2025-06-18 15:18:47,NIFTY.NSE.OPT.17Jul2025.23750.PUT,PUT,23750,17-Jul-2025,46.1,172.0,0.0,0,0,0.0,0.0,2250,150,,,,0.0
2025-06-18 15:18:47,NIFTY.NSE.OPT.31Jul2025.23750.CALL,CALL,23750,31-Jul-2025,1064.5,1346.4,1405.35,1,12,14.36,0.0,1800,75,,,,-5.162465836623141
2025-06-18 15:18:47,NIFTY.NSE.OPT.31Jul2025.23750.PUT,PUT,23750,31-Jul-2025,117.45,134.25,127.4,50,205,16.84,21.301775147928993,2775,1950,,,,1.7571884984025583
2025-06-18 15:18:47,NIFTY.NSE.OPT.28Aug2025.23750.CALL,CALL,23750,28-Aug-2025,0.0,0.0,1463.75,0,6,0.0,0.0,0,0,,,,0.0
2025-06-18 15:18:47,NIFTY.NSE.OPT.28Aug2025.23750.PUT,PUT,23750,28-Aug-2025,165.4,223.75,0.0,0,0,0.0,0.0,975,900,,,,0.0
2025-06-18 15:18:47,NIFTY.NSE.OPT.19Jun2025.23800.CALL,CALL,23800,19-Jun-2025,987.7,992.9,993.0,252,193,0.0,-49.47643979057592,2475,1875,,,,-4.693348689893472
2025-06-18 15:18:47,NIFTY.NSE.OPT.19Jun2025.23800.PUT,PUT,23800,19-Jun-2025,1.7,1.85,1.85,767902,58951,35.01,-22.68214309135025,469200,154875,,,,-63.725490196078425
2025-06-18 15:18:47,NIFTY.NSE.OPT.26Jun2025.23800.CALL,CALL,23800,26-Jun-2025,1017.85,1037.05,1050.15,142,3097,8.89,1.2422360248447204,450,2100,,,,-3.8015847570191905
2025-06-18 15:18:47,NIFTY.NSE.OPT.26Jun2025.23800.PUT,PUT,23800,26-Jun-2025,22.5,22.85,22.9,49917,33197,19.98,5.491118243350599,71250,28125,,,,1.5521064301552012
2025-06-18 15:18:47,NIFTY.NSE.OPT.03Jul2025.23800.CALL,CALL,23800,03-Jul-2025,1021.35,0.0,1091.0,3,11,0.0,37.5,75,0,,,,-7.932489451476793
2025-06-18 15:18:47,NIFTY.NSE.OPT.03Jul2025.23800.PUT,PUT,23800,03-Jul-2025,46.2,46.7,46.45,3927,1513,18.07,22.60940032414911,66525,4350,,,,-0.7478632478632358
2025-06-18 15:18:47,NIFTY.NSE.OPT.10Jul2025.23800.PUT,PUT,23800,10-Jul-2025,65.4,74.35,66.0,31,64,17.04,42.22222222222222,14025,2250,,,,-9.215955983493814
2025-06-18 15:18:47,NIFTY.NSE.OPT.17Jul2025.23800.PUT,PUT,23800,17-Jul-2025,80.55,106.85,0.0,0,0,0.0,0.0,6300,3675,,,,0.0
2025-06-18 15:18:47,NIFTY.NSE.OPT.31Jul2025.23800.CALL,CALL,23800,31-Jul-2025,1239.55,1286.0,1260.0,20,80,0.0,5.2631578947368425,2025,225,,,,-4.160645014071655
2025-06-18 15:18:47,NIFTY.NSE.OPT.31Jul2025.23800.PUT,PUT,23800,31-Jul-2025,130.45,134.9,133.15,3346,3827,16.69,16.322188449848024,6750,3375,,,,-1.5162721893490998
2025-06-18 15:18:47,NIFTY.NSE.OPT.28Aug2025.23800.CALL,CALL,23800,28-Aug-2025,1133.15,1895.3,1592.3,0,2,0.0,0.0,1800,1800,,,,0.0
2025-06-18 15:18:47,NIFTY.NSE.OPT.28Aug2025.23800.PUT,PUT,23800,28-Aug-2025,195.75,222.1,208.0,120,641,16.8,12.852112676056338,4050,5175,,,,1.1427182105519058
2025-06-18 15:18:47,NIFTY.NSE.OPT.19Jun2025.23850.CALL,CALL,23850,19-Jun-2025,903.45,1000.3,946.0,4,20,0.0,-4.761904761904762,900,1050,,,,-4.003247247450408
2025-06-18 15:18:47,NIFTY.NSE.OPT.19Jun2025.23850.PUT,PUT,23850,19-Jun-2025,1.85,2.1,2.05,378819,17877,33.93,14.106082849301078,178275,99750,,,,-63.39285714285714
2025-06-18 15:18:47,NIFTY.NSE.OPT.26Jun2025.23850.CALL,CALL,23850,26-Jun-2025,954.6,991.65,1012.55,6,54,16.81,3.8461538461538463,75,2100,,,,-8.984269662921353
2025-06-18 15:18:47,NIFTY.NSE.OPT.26Jun2025.23850.PUT,PUT,23850,26-Jun-2025,24.5,25.0,24.9,7848,3447,19.62,179.78896103896105,57600,15075,,,,-0.20040080160320925
2025-06-18 15:18:47,NIFTY.NSE.OPT.03Jul2025.23850.CALL,CALL,23850,03-Jul-2025,0.0,0.0,1214.0,0,5,0.0,0.0,0,0,,,,0.0
2025-06-18 15:18:47,NIFTY.NSE.OPT.03Jul2025.23850.PUT,PUT,23850,03-Jul-2025,38.75,50.6,49.35,168,145,17.76,36.79245283018868,18075,75,,,,-2.0833333333333277
2025-06-18 15:18:47,NIFTY.NSE.OPT.10Jul2025.23850.PUT,PUT,23850,10-Jul-2025,68.95,83.95,77.0,11,18,17.34,100.0,11925,2175,,,,7.3919107391910694
2025-06-18 15:18:47,NIFTY.NSE.OPT.17Jul2025.23850.PUT,PUT,23850,17-Jul-2025,74.25,133.85,0.0,0,0,0.0,0.0,4275,2475,,,,0.0
2025-06-18 15:18:47,NIFTY.NSE.OPT.31Jul2025.23850.CALL,CALL,23850,31-Jul-2025,1168.35,1272.55,1283.0,1,15,12.22,-6.25,1875,2025,,,,-8.281802909532825
2025-06-18 15:18:47,NIFTY.NSE.OPT.31Jul2025.23850.PUT,PUT,23850,31-Jul-2025,138.95,144.0,143.2,137,207,16.71,32.69230769230769,3375,2925,,,,-0.9681881051175697
2025-06-18 15:18:47,NIFTY.NSE.OPT.28Aug2025.23850.CALL,CALL,23850,28-Aug-2025,0.0,0.0,1576.55,0,1,0.0,0.0,0,0,,,,0.0
2025-06-18 15:18:47,NIFTY.NSE.OPT.28Aug2025.23850.PUT,PUT,23850,28-Aug-2025,188.7,246.75,0.0,0,0,0.0,0.0,900,900,,,,0.0
2025-06-18 15:18:47,NIFTY.NSE.OPT.19Jun2025.23900.CALL,CALL,23900,19-Jun-2025,889.25,902.4,870.25,64,239,0.0,-14.028776978417266,2625,1575,,,,-8.423655687677572
2025-06-18 15:18:47,NIFTY.NSE.OPT.19Jun2025.23900.PUT,PUT,23900,19-Jun-2025,2.25,2.3,2.3,700420,53401,32.78,16.545176778699258,371625,118350,,,,-62.295081967213115
2025-06-18 15:18:47,NIFTY.NSE.OPT.26Jun2025.23900.CALL,CALL,23900,26-Jun-2025,909.1,941.15,941.0,140,371,0.0,5.3977272727272725,2025,2400,,,,-5.668888777504883
2025-06-18 15:18:47,NIFTY.NSE.OPT.26Jun2025.23900.PUT,PUT,23900,26-Jun-2025,27.2,27.6,27.7,34168,9072,19.36,23.010169491525424,69825,20325,,,,1.2797074954296082
2025-06-18 15:18:47,NIFTY.NSE.OPT.03Jul2025.23900.CALL,CALL,23900,03-Jul-2025,0.0,0.0,1155.95,0,0,0.0,0.0,0,0,,,,0.0
2025-06-18 15:18:47,NIFTY.NSE.OPT.03Jul2025.23900.PUT,PUT,23900,03-Jul-2025,53.8,55.75,54.8,1549,592,17.68,36.72055427251732,48750,2175,,,,-0.7246376811594305
2025-06-18 15:18:47,NIFTY.NSE.OPT.10Jul2025.23900.CALL,CALL,23900,10-Jul-2025,771.65,0.0,1028.25,166,154,0.0,0.0,1200,0,,,,-11.60541586073501
2025-06-18 15:18:47,NIFTY.NSE.OPT.10Jul2025.23900.PUT,PUT,23900,10-Jul-2025,77.7,92.8,83.3,20,26,17.24,116.66666666666667,10875,2850,,,,1.4616321559074335
2025-06-18 15:18:47,NIFTY.NSE.OPT.17Jul2025.23900.PUT,PUT,23900,17-Jul-2025,72.9,121.3,0.0,0,0,0.0,0.0,6300,3600,,,,0.0
2025-06-18 15:18:47,NIFTY.NSE.OPT.31Jul2025.23900.CALL,CALL,23900,31-Jul-2025,1152.35,1279.85,1192.85,5,21,8.62,5.0,1875,300,,,,-2.9295682955608906
2025-06-18 15:18:47,NIFTY.NSE.OPT.31Jul2025.23900.PUT,PUT,23900,31-Jul-2025,149.25,151.8,151.3,1603,1736,16.64,9.665192672141503,3825,2775,,,,-0.26367831245878526
2025-06-18 15:18:47,NIFTY.NSE.OPT.28Aug2025.23900.CALL,CALL,23900,28-Aug-2025,1085.7,1720.85,1536.45,0,1,0.0,0.0,1800,1800,,,,0.0
2025-06-18 15:18:47,NIFTY.NSE.OPT.28Aug2025.23900.PUT,PUT,23900,28-Aug-2025,208.6,243.5,227.0,18,423,16.7,0.23696682464454977,3825,5100,,,,-0.547645125958379
2025-06-18 15:18:47,NIFTY.NSE.OPT.19Jun2025.23950.CALL,CALL,23950,19-Jun-2025,834.7,844.3,871.55,14,83,44.84,-3.488372093023256,1200,1500,,,,-5.645772436938409
2025-06-18 15:18:47,NIFTY.NSE.OPT.19Jun2025.23950.PUT,PUT,23950,19-Jun-2025,2.45,2.6,2.5,453410,17623,31.66,6.1179020894803395,210075,84825,,,,-63.23529411764706
2025-06-18 15:18:47,NIFTY.NSE.OPT.26Jun2025.23950.CALL,CALL,23950,26-Jun-2025,839.0,0.0,1012.5,0,22,0.0,0.0,600,0,,,,0.0
2025-06-18 15:18:47,NIFTY.NSE.OPT.26Jun2025.23950.PUT,PUT,23950,26-Jun-2025,30.1,30.3,30.0,6543,2933,18.97,21.751764217517643,58425,9375,,,,-2.4390243902439024
2025-06-18 15:18:47,NIFTY.NSE.OPT.03Jul2025.23950.CALL,CALL,23950,03-Jul-2025,834.7,0.0,1111.95,0,5,0.0,0.0,75,0,,,,0.0
2025-06-18 15:18:47,NIFTY.NSE.OPT.03Jul2025.23950.PUT,PUT,23950,03-Jul-2025,56.65,61.35,58.45,568,302,17.39,34.82142857142857,9750,675,,,,-3.547854785478546
2025-06-18 15:18:47,NIFTY.NSE.OPT.10Jul2025.23950.CALL,CALL,23950,10-Jul-2025,0.0,0.0,0.0,0,0,0.0,0.0,0,0,,,,0.0
2025-06-18 15:18:47,NIFTY.NSE.OPT.10Jul2025.23950.PUT,PUT,23950,10-Jul-2025,76.25,94.85,0.0,0,0,0.0,0.0,9000,2325,,,,0.0
2025-06-18 15:18:47,NIFTY.NSE.OPT.17Jul2025.23950.PUT,PUT,23950,17-Jul-2025,105.9,128.25,114.25,8,1,16.77,0.0,4725,6900,,,,-21.42365887207703
2025-06-18 15:18:47,NIFTY.NSE.OPT.31Jul2025.23950.CALL,CALL,23950,31-Jul-2025,1074.5,1166.2,1209.8,0,7,0.0,0.0,1875,1950,,,,0.0
2025-06-18 15:18:47,NIFTY.NSE.OPT.31Jul2025.23950.PUT,PUT,23950,31-Jul-2025,156.65,160.8,159.4,111,191,16.54,24.025974025974026,2325,2625,,,,-0.5304212168486704
2025-06-18 15:18:47,NIFTY.NSE.OPT.28Aug2025.23950.CALL,CALL,23950,28-Aug-2025,0.0,0.0,1497.05,0,1,0.0,0.0,0,0,,,,0.0
2025-06-18 15:18:47,NIFTY.NSE.OPT.28Aug2025.23950.PUT,PUT,23950,28-Aug-2025,200.95,257.35,0.0,0,0,0.0,0.0,900,1800,,,,0.0
2025-06-18 15:18:47,NIFTY.NSE.OPT.19Jun2025.24000.CALL,CALL,24000,19-Jun-2025,791.0,795.4,794.35,5895,2771,0.0,-5.102739726027397,22275,13275,,,,-5.412002857823284
2025-06-18 15:18:47,NIFTY.NSE.OPT.19Jun2025.24000.PUT,PUT,24000,19-Jun-2025,2.75,2.9,2.9,1854993,142446,30.72,7.626632011605416,1509900,589725,,,,-61.073825503355714
2025-06-18 15:18:47,NIFTY.NSE.OPT.26Jun2025.24000.CALL,CALL,24000,26-Jun-2025,840.0,849.3,850.0,5061,18304,0.0,-0.5163324093700744,10425,16425,,,,-5.60799555802332
2025-06-18 15:18:47,NIFTY.NSE.OPT.26Jun2025.24000.PUT,PUT,24000,26-Jun-2025,33.3,33.8,33.55,140073,74673,18.73,20.827917262209755,173325,238050,,,,0.9022556390977358
2025-06-18 15:18:47,NIFTY.NSE.OPT.03Jul2025.24000.CALL,CALL,24000,03-Jul-2025,872.0,912.75,907.9,107,82,11.06,9.333333333333334,750,1875,,,,-4.179419525065965
2025-06-18 15:18:47,NIFTY.NSE.OPT.03Jul2025.24000.PUT,PUT,24000,03-Jul-2025,64.5,65.55,65.55,9187,4043,17.38,58.36271053662358,21900,16575,,,,1.313755795981444
2025-06-18 15:18:47,NIFTY.NSE.OPT.10Jul2025.24000.CALL,CALL,24000,10-Jul-2025,886.55,1002.05,960.0,95,97,10.44,4750.0,900,900,,,,-10.593713620488941
2025-06-18 15:18:47,NIFTY.NSE.OPT.10Jul2025.24000.PUT,PUT,24000,10-Jul-2025,93.6,97.5,93.5,1691,1145,16.79,60.13986013986014,14550,6225,,,,-3.1088082901554404
2025-06-18 15:18:47,NIFTY.NSE.OPT.17Jul2025.24000.PUT,PUT,24000,17-Jul-2025,118.0,124.35,122.1,350,259,16.67,275.3623188405797,4725,5325,,,,-1.4129995962858297
2025-06-18 15:18:47,NIFTY.NSE.OPT.31Jul2025.24000.CALL,CALL,24000,31-Jul-2025,1092.0,1098.8,1094.2,1149,4703,8.04,6.740807989105765,4800,7875,,,,-4.810787298825573
2025-06-18 15:18:47,NIFTY.NSE.OPT.31Jul2025.24000.PUT,PUT,24000,31-Jul-2025,167.95,168.0,168.0,20097,31356,16.45,17.627640019507073,25725,41550,,,,-0.943396226415091
2025-06-18 15:18:47,NIFTY.NSE.OPT.28Aug2025.24000.CALL,CALL,24000,28-Aug-2025,1280.1,1303.95,1286.7,65,272,8.01,2.641509433962264,5175,4200,,,,-3.3174287109741796
2025-06-18 15:18:47,NIFTY.NSE.OPT.28Aug2025.24000.PUT,PUT,24000,28-Aug-2025,245.7,250.95,249.0,2312,4786,16.65,-0.14604631754642186,8625,10200,,,,-1.0137149672033436
2025-06-18 15:18:47,NIFTY.NSE.OPT.25Sep2025.24000.CALL,CALL,24000,25-Sep-2025,1461.45,1473.35,1464.85,720,4951,7.44,3.2533889468196038,6000,2625,,,,-3.9222116551339767
2025-06-18 15:18:47,NIFTY.NSE.OPT.25Sep2025.24000.PUT,PUT,24000,25-Sep-2025,322.15,323.85,322.0,2388,14970,17.13,0.060156406657309,24900,9900,,,,0.48369480418162314
2025-06-18 15:18:47,NIFTY.NSE.OPT.24Dec2025.24000.CALL,CALL,24000,24-Dec-2025,1963.3,1976.6,1970.0,459,12142,0.0,-0.3773997702784007,5325,3225,,,,-1.9827350299773572
2025-06-18 15:18:47,NIFTY.NSE.OPT.24Dec2025.24000.PUT,PUT,24000,24-Dec-2025,457.0,458.9,457.0,2673,34015,17.65,1.3668421575444523,115500,9600,,,,1.4203284509542782
2025-06-18 15:18:47,NIFTY.NSE.OPT.26Mar2026.24000.PUT,PUT,24000,26-Mar-2026,2.05,0.0,0.0,0,0,0.0,0.0,4050,0,,,,0.0
2025-06-18 15:18:47,NIFTY.NSE.OPT.25Jun2026.24000.CALL,CALL,24000,25-Jun-2026,2585.7,3261.75,3000.0,0,48,0.0,0.0,225,375,,,,0.0
2025-06-18 15:18:47,NIFTY.NSE.OPT.25Jun2026.24000.PUT,PUT,24000,25-Jun-2026,588.35,615.0,605.0,15,483,18.63,2.765957446808511,5325,600,,,,2.8999064546304876
2025-06-18 15:18:47,NIFTY.NSE.OPT.31Dec2026.24000.CALL,CALL,24000,31-Dec-2026,3515.0,3650.0,3640.0,0,50,0.0,0.0,150,450,,,,0.0
2025-06-18 15:18:47,NIFTY.NSE.OPT.31Dec2026.24000.PUT,PUT,24000,31-Dec-2026,802.0,825.0,810.0,5,276,20.95,-0.36101083032490977,109950,525,,,,-0.3138268414251375
2025-06-18 15:18:47,NIFTY.NSE.OPT.24Jun2027.24000.PUT,PUT,24000,24-Jun-2027,4.0,0.0,0.0,0,0,0.0,0.0,3750,0,,,,0.0
2025-06-18 15:18:47,NIFTY.NSE.OPT.30Dec2027.24000.PUT,PUT,24000,30-Dec-2027,11.5,0.0,900.0,0,13,0.0,0.0,103950,0,,,,0.0
2025-06-18 15:18:47,NIFTY.NSE.OPT.29Jun2028.24000.PUT,PUT,24000,29-Jun-2028,3.0,0.0,0.0,0,0,0.0,0.0,3750,0,,,,0.0
2025-06-18 15:18:47,NIFTY.NSE.OPT.28Dec2028.24000.PUT,PUT,24000,28-Dec-2028,55.0,0.0,914.3,0,8,0.0,0.0,4275,0,,,,0.0
2025-06-18 15:18:47,NIFTY.NSE.OPT.28Jun2029.24000.PUT,PUT,24000,28-Jun-2029,7.0,0.0,694.05,0,0,0.0,0.0,3750,0,,,,0.0
2025-06-18 15:18:47,NIFTY.NSE.OPT.27Dec2029.24000.PUT,PUT,24000,27-Dec-2029,7.0,0.0,0.0,0,0,0.0,0.0,4200,0,,,,0.0
2025-06-18 15:18:47,NIFTY.NSE.OPT.19Jun2025.24050.CALL,CALL,24050,19-Jun-2025,735.6,746.35,760.25,153,46,32.47,21.05263157894737,1275,1500,,,,-6.723513894853071
2025-06-18 15:18:47,NIFTY.NSE.OPT.19Jun2025.24050.PUT,PUT,24050,19-Jun-2025,3.1,3.2,3.1,769937,14153,29.37,15.30878279289555,168075,38100,,,,-61.49068322981367
2025-06-18 15:18:47,NIFTY.NSE.OPT.26Jun2025.24050.CALL,CALL,24050,26-Jun-2025,659.95,802.95,805.25,14,144,11.64,1.408450704225352,1800,1950,,,,-4.985250737463127
2025-06-18 15:18:47,NIFTY.NSE.OPT.26Jun2025.24050.PUT,PUT,24050,26-Jun-2025,36.35,36.95,36.4,10127,3167,18.33,34.08128704487722,58425,15150,,,,-0.6821282401091405
2025-06-18 15:18:47,NIFTY.NSE.OPT.03Jul2025.24050.CALL,CALL,24050,03-Jul-2025,0.0,1027.1,1036.95,0,8,0.0,0.0,0,900,,,,0.0
2025-06-18 15:18:47,NIFTY.NSE.OPT.03Jul2025.24050.PUT,PUT,24050,03-Jul-2025,68.4,73.25,71.6,229,132,17.23,103.07692307692308,4050,3075,,,,-2.1857923497267873
2025-06-18 15:18:47,NIFTY.NSE.OPT.10Jul2025.24050.CALL,CALL,24050,10-Jul-2025,688.15,0.0,0.0,0,0,0.0,0.0,900,0,,,,0.0
2025-06-18 15:18:47,NIFTY.NSE.OPT.10Jul2025.24050.PUT,PUT,24050,10-Jul-2025,98.45,105.2,103.7,76,78,16.85,-7.142857142857143,5325,8775,,,,-0.5752636625119792
2025-06-18 15:18:47,NIFTY.NSE.OPT.17Jul2025.24050.PUT,PUT,24050,17-Jul-2025,117.3,142.0,126.6,4,2,16.37,0.0,1725,4200,,,,-24.327555289898395
2025-06-18 15:18:47,NIFTY.NSE.OPT.31Jul2025.24050.CALL,CALL,24050,31-Jul-2025,1036.6,1245.7,1127.55,0,25,0.0,0.0,2025,1875,,,,0.0
2025-06-18 15:18:47,NIFTY.NSE.OPT.31Jul2025.24050.PUT,PUT,24050,31-Jul-2025,171.65,181.6,175.3,94,144,16.29,19.00826446280992,3525,3000,,,,-2.5027808676307006
2025-06-18 15:18:47,NIFTY.NSE.OPT.28Aug2025.24050.CALL,CALL,24050,28-Aug-2025,954.55,1592.65,1411.1,0,1,0.0,0.0,1800,1800,,,,0.0
2025-06-18 15:18:47,NIFTY.NSE.OPT.28Aug2025.24050.PUT,PUT,24050,28-Aug-2025,247.35,285.65,249.5,0,8,0.0,0.0,2700,3600,,,,0.4428341384863101
2025-06-18 15:18:47,NIFTY.NSE.OPT.19Jun2025.24100.CALL,CALL,24100,19-Jun-2025,691.1,696.5,694.35,610,233,0.0,-63.98763523956723,13350,6225,,,,-6.623184507799892
2025-06-18 15:18:47,NIFTY.NSE.OPT.19Jun2025.24100.PUT,PUT,24100,19-Jun-2025,3.5,3.55,3.55,1144627,38586,28.3,-7.135809005800101,299850,107925,,,,-60.1123595505618
2025-06-18 15:18:47,NIFTY.NSE.OPT.26Jun2025.24100.CALL,CALL,24100,26-Jun-2025,747.55,758.95,754.8,739,646,10.79,-22.262334536702767,2700,2175,,,,-6.072672971627684
2025-06-18 15:18:47,NIFTY.NSE.OPT.26Jun2025.24100.PUT,PUT,24100,26-Jun-2025,40.25,41.0,40.6,29924,9119,18.07,19.389892642052892,59250,19425,,,,0.9950248756218869
2025-06-18 15:18:47,NIFTY.NSE.OPT.03Jul2025.24100.CALL,CALL,24100,03-Jul-2025,0.0,0.0,992.55,0,9,0.0,0.0,0,0,,,,0.0
2025-06-18 15:18:47,NIFTY.NSE.OPT.03Jul2025.24100.PUT,PUT,24100,03-Jul-2025,76.1,78.2,76.15,2814,880,16.91,6.666666666666667,6225,5850,,,,-2.120822622107958
2025-06-18 15:18:47,NIFTY.NSE.OPT.10Jul2025.24100.CALL,CALL,24100,10-Jul-2025,628.45,0.0,900.0,2,1,13.15,0.0,1350,0,,,,-11.264481143702243
2025-06-18 15:18:47,NIFTY.NSE.OPT.10Jul2025.24100.PUT,PUT,24100,10-Jul-2025,110.0,114.55,111.9,165,77,16.74,208.0,3300,3075,,,,-1.3662406346408085
2025-06-18 15:18:47,NIFTY.NSE.OPT.17Jul2025.24100.PUT,PUT,24100,17-Jul-2025,126.55,156.5,134.95,7,2,16.26,0.0,2550,3600,,,,-24.185393258426974
2025-06-18 15:18:47,NIFTY.NSE.OPT.31Jul2025.24100.CALL,CALL,24100,31-Jul-2025,963.25,1057.45,1033.9,7,130,10.26,0.0,150,2175,,,,-3.733705772811909
2025-06-18 15:18:47,NIFTY.NSE.OPT.31Jul2025.24100.PUT,PUT,24100,31-Jul-2025,187.5,190.9,188.2,1646,1359,16.33,-10.356200527704486,4050,4425,,,,-0.370566437268405
2025-06-18 15:18:47,NIFTY.NSE.OPT.28Aug2025.24100.CALL,CALL,24100,28-Aug-2025,1096.15,1353.8,1372.65,0,1,0.0,0.0,1050,6300,,,,0.0
2025-06-18 15:18:47,NIFTY.NSE.OPT.28Aug2025.24100.PUT,PUT,24100,28-Aug-2025,257.7,287.9,255.4,1,66,16.09,-1.492537313432836,3675,4500,,,,0.0
2025-06-18 15:18:47,NIFTY.NSE.OPT.19Jun2025.24150.CALL,CALL,24150,19-Jun-2025,640.35,646.9,645.45,320,153,0.0,4.081632653061225,3600,1875,,,,-7.601460167489788
2025-06-18 15:18:47,NIFTY.NSE.OPT.19Jun2025.24150.PUT,PUT,24150,19-Jun-2025,3.75,4.05,4.0,527863,15413,27.12,24.539431157078216,249375,56550,,,,-60.0
2025-06-18 15:18:47,NIFTY.NSE.OPT.26Jun2025.24150.CALL,CALL,24150,26-Jun-2025,700.35,785.45,698.15,56,451,0.0,6.619385342789598,2250,2100,,,,-7.798468040147923
2025-06-18 15:18:47,NIFTY.NSE.OPT.26Jun2025.24150.PUT,PUT,24150,26-Jun-2025,44.55,45.45,45.3,10291,3305,17.8,40.2206194314807,49800,10275,,,,1.342281879194618
2025-06-18 15:18:47,NIFTY.NSE.OPT.03Jul2025.24150.CALL,CALL,24150,03-Jul-2025,0.0,890.45,776.4,0,1,0.0,0.0,0,900,,,,0.0
2025-06-18 15:18:47,NIFTY.NSE.OPT.03Jul2025.24150.PUT,PUT,24150,03-Jul-2025,83.2,87.85,81.6,214,164,16.63,80.21978021978022,6225,3525,,,,-2.683363148479428
2025-06-18 15:18:47,NIFTY.NSE.OPT.10Jul2025.24150.CALL,CALL,24150,10-Jul-2025,593.45,0.0,0.0,0,0,0.0,0.0,900,0,,,,0.0
2025-06-18 15:18:47,NIFTY.NSE.OPT.10Jul2025.24150.PUT,PUT,24150,10-Jul-2025,112.4,127.45,120.5,60,52,16.63,23.80952380952381,5100,3300,,,,-1.1890118901189035
2025-06-18 15:18:47,NIFTY.NSE.OPT.17Jul2025.24150.PUT,PUT,24150,17-Jul-2025,136.75,165.6,149.85,18,12,16.43,140.0,4200,4350,,,,-27.168894289185907
2025-06-18 15:18:47,NIFTY.NSE.OPT.31Jul2025.24150.CALL,CALL,24150,31-Jul-2025,963.75,1134.5,990.9,10,25,10.24,8.695652173913043,1875,2100,,,,-6.86154713788891
2025-06-18 15:18:47,NIFTY.NSE.OPT.31Jul2025.24150.PUT,PUT,24150,31-Jul-2025,195.65,202.75,200.0,60,423,16.31,5.75,3375,2550,,,,0.8064516129032229
2025-06-18 15:18:47,NIFTY.NSE.OPT.28Aug2025.24150.CALL,CALL,24150,28-Aug-2025,899.0,1504.2,1334.6,0,1,0.0,0.0,1800,2700,,,,0.0
2025-06-18 15:18:47,NIFTY.NSE.OPT.28Aug2025.24150.PUT,PUT,24150,28-Aug-2025,269.6,300.9,269.8,0,6,0.0,0.0,3675,2700,,,,0.07418397626112337
2025-06-18 15:18:47,NIFTY.NSE.OPT.19Jun2025.24200.CALL,CALL,24200,19-Jun-2025,592.7,596.6,596.0,1015,599,0.0,-18.503401360544217,2198400,6000,,,,-8.01049544682821
2025-06-18 15:18:47,NIFTY.NSE.OPT.19Jun2025.24200.PUT,PUT,24200,19-Jun-2025,4.5,4.7,4.65,896581,56424,26.05,15.106387319202758,454500,177600,,,,-58.666666666666664
2025-06-18 15:18:47,NIFTY.NSE.OPT.26Jun2025.24200.CALL,CALL,24200,26-Jun-2025,657.35,664.0,660.35,1411,1493,11.21,40.71630537229029,3150,4725,,,,-7.442707968322941
2025-06-18 15:18:47,NIFTY.NSE.OPT.26Jun2025.24200.PUT,PUT,24200,26-Jun-2025,50.0,50.2,50.15,62008,26815,17.5,12.224826316230017,78150,36600,,,,1.2108980827447051
2025-06-18 15:18:47,NIFTY.NSE.OPT.03Jul2025.24200.CALL,CALL,24200,03-Jul-2025,703.9,768.85,724.35,92,141,11.13,50.0,525,1125,,,,-12.807703882034305
2025-06-18 15:18:47,NIFTY.NSE.OPT.03Jul2025.24200.PUT,PUT,24200,03-Jul-2025,89.95,94.55,91.5,3487,2094,16.65,17.376681614349774,10350,7350,,,,0.10940919037198502
2025-06-18 15:18:47,NIFTY.NSE.OPT.10Jul2025.24200.CALL,CALL,24200,10-Jul-2025,0.0,907.55,0.0,0,0,0.0,0.0,0,900,,,,0.0
2025-06-18 15:18:47,NIFTY.NSE.OPT.10Jul2025.24200.PUT,PUT,24200,10-Jul-2025,126.1,132.9,129.9,258,192,16.53,64.1025641025641,3375,1650,,,,0.8149010477299273
2025-06-18 15:18:47,NIFTY.NSE.OPT.17Jul2025.24200.PUT,PUT,24200,17-Jul-2025,147.1,171.7,159.25,57,62,16.31,77.14285714285714,4350,2850,,,,4.873230161343435
2025-06-18 15:18:47,NIFTY.NSE.OPT.31Jul2025.24200.CALL,CALL,24200,31-Jul-2025,938.0,1002.4,934.1,67,341,9.46,10.0,2100,1200,,,,-5.713132128797822
2025-06-18 15:18:47,NIFTY.NSE.OPT.31Jul2025.24200.PUT,PUT,24200,31-Jul-2025,207.05,212.9,209.3,3380,3647,16.17,5.740794433169034,6375,4500,,,,0.0
2025-06-18 15:18:47,NIFTY.NSE.OPT.28Aug2025.24200.CALL,CALL,24200,28-Aug-2025,1037.05,1189.85,1296.95,0,1,0.0,0.0,4575,3675,,,,0.0
2025-06-18 15:18:47,NIFTY.NSE.OPT.28Aug2025.24200.PUT,PUT,24200,28-Aug-2025,283.9,307.35,292.0,103,287,16.38,7.49063670411985,4425,3000,,,,0.8984105044920605
2025-06-18 15:18:47,NIFTY.NSE.OPT.19Jun2025.24250.CALL,CALL,24250,19-Jun-2025,542.5,547.65,547.55,454,127,0.0,-27.011494252873565,12750,5100,,,,-8.680787191460986
2025-06-18 15:18:47,NIFTY.NSE.OPT.19Jun2025.24250.PUT,PUT,24250,19-Jun-2025,5.4,5.7,5.45,507392,19180,25.11,-0.5805515239477503,323625,83175,,,,-58.712121212121204
2025-06-18 15:18:47,NIFTY.NSE.OPT.26Jun2025.24250.CALL,CALL,24250,26-Jun-2025,576.2,622.25,628.25,124,302,13.68,3.7800687285223367,375,2550,,,,-6.2453365169377735
2025-06-18 15:18:47,NIFTY.NSE.OPT.26Jun2025.24250.PUT,PUT,24250,26-Jun-2025,55.4,56.55,55.35,17626,4303,17.17,60.9801720912832,14400,15000,,,,-0.7174887892376657
2025-06-18 15:18:47,NIFTY.NSE.OPT.03Jul2025.24250.CALL,CALL,24250,03-Jul-2025,0.0,830.0,843.6,0,1,0.0,0.0,0,75,,,,0.0
2025-06-18 15:18:47,NIFTY.NSE.OPT.03Jul2025.24250.PUT,PUT,24250,03-Jul-2025,99.2,102.45,103.3,219,130,16.73,6.557377049180328,5625,4725,,,,1.0763209393346322
2025-06-18 15:18:47,NIFTY.NSE.OPT.10Jul2025.24250.CALL,CALL,24250,10-Jul-2025,518.85,0.0,0.0,0,0,0.0,0.0,900,0,,,,0.0
2025-06-18 15:18:47,NIFTY.NSE.OPT.10Jul2025.24250.PUT,PUT,24250,10-Jul-2025,103.25,153.15,142.45,34,15,16.56,-21.05263157894737,5100,3600,,,,-2.431506849315076
2025-06-18 15:18:47,NIFTY.NSE.OPT.17Jul2025.24250.PUT,PUT,24250,17-Jul-2025,157.7,187.1,171.2,20,21,16.28,250.0,4275,4200,,,,5.321439557059352
2025-06-18 15:18:47,NIFTY.NSE.OPT.31Jul2025.24250.CALL,CALL,24250,31-Jul-2025,848.5,1128.95,948.9,1,15,12.09,7.142857142857143,1875,1800,,,,0.0949367088607571
2025-06-18 15:18:47,NIFTY.NSE.OPT.31Jul2025.24250.PUT,PUT,24250,31-Jul-2025,213.45,230.5,219.55,103,171,16.06,1.7857142857142858,3300,3675,,,,-0.6561085972850628
2025-06-18 15:18:47,NIFTY.NSE.OPT.28Aug2025.24250.CALL,CALL,24250,28-Aug-2025,824.05,1729.7,1237.75,0,15,0.0,0.0,1800,1800,,,,0.0
2025-06-18 15:18:47,NIFTY.NSE.OPT.28Aug2025.24250.PUT,PUT,24250,28-Aug-2025,288.3,330.3,293.75,0,7,0.0,0.0,3600,4500,,,,-0.2716007469020578
2025-06-18 15:18:47,NIFTY.NSE.OPT.19Jun2025.24300.CALL,CALL,24300,19-Jun-2025,495.9,498.35,496.95,5554,712,0.0,-20.624303232998884,17625,7275,,,,-9.472629565534211
2025-06-18 15:18:47,NIFTY.NSE.OPT.19Jun2025.24300.PUT,PUT,24300,19-Jun-2025,6.8,7.0,6.8,953044,56909,24.17,7.468746459190996,390675,182700,,,,-54.36241610738256
2025-06-18 15:18:47,NIFTY.NSE.OPT.26Jun2025.24300.CALL,CALL,24300,26-Jun-2025,571.3,582.15,575.0,1854,1547,12.37,-5.033763044812768,1725,8400,,,,-8.256880733944955
2025-06-18 15:18:47,NIFTY.NSE.OPT.26Jun2025.24300.PUT,PUT,24300,26-Jun-2025,62.55,63.2,62.85,57687,16002,17.01,1.683929592679672,31950,48225,,,,1.3709677419354862
2025-06-18 15:18:47,NIFTY.NSE.OPT.03Jul2025.24300.CALL,CALL,24300,03-Jul-2025,630.2,653.55,656.65,1,47,12.78,0.0,750,1575,,,,-9.602147577092511
2025-06-18 15:18:47,NIFTY.NSE.OPT.03Jul2025.24300.PUT,PUT,24300,03-Jul-2025,110.0,112.7,109.9,3538,2160,16.4,76.03911980440098,6225,6300,,,,-0.18165304268845472
2025-06-18 15:18:47,NIFTY.NSE.OPT.10Jul2025.24300.CALL,CALL,24300,10-Jul-2025,485.8,749.15,698.25,3,2,10.76,0.0,900,150,,,,-6.7881457749299186
2025-06-18 15:18:47,NIFTY.NSE.OPT.10Jul2025.24300.PUT,PUT,24300,10-Jul-2025,142.75,155.0,152.45,441,157,16.41,-32.9059829059829,3750,3900,,,,2.4873949579831853
2025-06-18 15:18:47,NIFTY.NSE.OPT.17Jul2025.24300.CALL,CALL,24300,17-Jul-2025,0.0,0.0,0.0,0,0,0.0,0.0,0,0,,,,0.0
2025-06-18 15:18:47,NIFTY.NSE.OPT.17Jul2025.24300.PUT,PUT,24300,17-Jul-2025,179.85,200.5,185.0,34,37,16.3,60.869565217391305,3900,3600,,,,2.5783199334627147
2025-06-18 15:18:47,NIFTY.NSE.OPT.31Jul2025.24300.CALL,CALL,24300,31-Jul-2025,801.95,890.05,876.5,94,443,10.67,13.58974358974359,1875,2100,,,,-4.780010863661054
2025-06-18 15:18:47,NIFTY.NSE.OPT.31Jul2025.24300.PUT,PUT,24300,31-Jul-2025,233.5,236.7,236.55,1590,1955,16.16,18.98965307364577,5400,4650,,,,1.262842465753432
2025-06-18 15:18:47,NIFTY.NSE.OPT.28Aug2025.24300.CALL,CALL,24300,28-Aug-2025,944.05,1386.15,1047.45,1,2,9.04,100.0,3675,5775,,,,-14.220784538530824
2025-06-18 15:18:47,NIFTY.NSE.OPT.28Aug2025.24300.PUT,PUT,24300,28-Aug-2025,309.55,330.0,324.5,38,105,16.48,5.0,2475,2700,,,,0.4022277227722808
2025-06-18 15:18:47,NIFTY.NSE.OPT.19Jun2025.24350.CALL,CALL,24350,19-Jun-2025,446.65,449.8,450.25,1053,284,0.0,-13.149847094801224,16425,6300,,,,-10.59372517871327
2025-06-18 15:18:47,NIFTY.NSE.OPT.19Jun2025.24350.PUT,PUT,24350,19-Jun-2025,8.5,8.6,8.55,673862,22103,23.37,31.401224659651625,244800,106800,,,,-50.290697674418595
2025-06-18 15:18:47,NIFTY.NSE.OPT.26Jun2025.24350.CALL,CALL,24350,26-Jun-2025,523.8,536.55,536.7,323,261,13.05,-19.195046439628484,4350,4125,,,,-7.981140162880404
2025-06-18 15:18:47,NIFTY.NSE.OPT.26Jun2025.24350.PUT,PUT,24350,26-Jun-2025,70.15,71.0,70.25,29807,2770,16.76,-14.74299784549092,17025,12675,,,,1.590744757772949
2025-06-18 15:18:47,NIFTY.NSE.OPT.03Jul2025.24350.CALL,CALL,24350,03-Jul-2025,597.1,615.7,655.0,0,9,0.0,0.0,750,1650,,,,0.0
2025-06-18 15:18:47,NIFTY.NSE.OPT.03Jul2025.24350.PUT,PUT,24350,03-Jul-2025,116.35,122.45,122.8,333,205,16.44,27.32919254658385,4650,5100,,,,2.933780385582565
2025-06-18 15:18:47,NIFTY.NSE.OPT.10Jul2025.24350.CALL,CALL,24350,10-Jul-2025,0.0,721.5,0.0,0,0,0.0,0.0,0,975,,,,0.0
2025-06-18 15:18:47,NIFTY.NSE.OPT.10Jul2025.24350.PUT,PUT,24350,10-Jul-2025,148.8,175.1,169.75,35,19,16.6,-24.0,4050,4500,,,,13.166666666666666
2025-06-18 15:18:47,NIFTY.NSE.OPT.17Jul2025.24350.CALL,CALL,24350,17-Jul-2025,0.0,0.0,0.0,0,0,0.0,0.0,0,0,,,,0.0
2025-06-18 15:18:47,NIFTY.NSE.OPT.17Jul2025.24350.PUT,PUT,24350,17-Jul-2025,176.0,211.05,192.65,7,8,16.02,60.0,3600,3600,,,,-2.4556962025316427
2025-06-18 15:18:47,NIFTY.NSE.OPT.31Jul2025.24350.CALL,CALL,24350,31-Jul-2025,794.05,867.1,841.95,3,10,10.87,-16.666666666666668,1950,1875,,,,-4.907386491981018
2025-06-18 15:18:47,NIFTY.NSE.OPT.31Jul2025.24350.PUT,PUT,24350,31-Jul-2025,247.4,257.85,249.95,59,200,16.12,6.382978723404255,3900,4800,,,,0.6239935587761606
2025-06-18 15:18:47,NIFTY.NSE.OPT.28Aug2025.24350.CALL,CALL,24350,28-Aug-2025,751.85,1330.7,1184.1,0,1,0.0,0.0,1800,1800,,,,0.0
2025-06-18 15:18:47,NIFTY.NSE.OPT.28Aug2025.24350.PUT,PUT,24350,28-Aug-2025,314.9,363.55,335.55,5,11,16.37,37.5,4500,3600,,,,0.7808980327376551
2025-06-18 15:18:47,NIFTY.NSE.OPT.19Jun2025.24400.CALL,CALL,24400,19-Jun-2025,399.55,402.1,401.75,13244,1061,0.0,-20.643231114435302,21225,14550,,,,-11.674178300538642
2025-06-18 15:18:47,NIFTY.NSE.OPT.19Jun2025.24400.PUT,PUT,24400,19-Jun-2025,10.5,10.7,10.55,1291435,52013,22.43,24.764326321091893,442725,296850,,,,-48.0295566502463
2025-06-18 15:18:47,NIFTY.NSE.OPT.26Jun2025.24400.CALL,CALL,24400,26-Jun-2025,486.05,493.2,495.45,2654,1962,12.52,3.3175355450236967,9750,7725,,,,-8.731693838076824
2025-06-18 15:18:47,NIFTY.NSE.OPT.26Jun2025.24400.PUT,PUT,24400,26-Jun-2025,78.45,79.0,78.85,84566,17231,16.52,-22.986502190042014,34125,37050,,,,1.8076178179470517
2025-06-18 15:18:47,NIFTY.NSE.OPT.03Jul2025.24400.CALL,CALL,24400,03-Jul-2025,557.45,578.0,564.15,160,329,11.89,-16.91919191919192,975,3825,,,,-7.9990215264187965
2025-06-18 15:18:47,NIFTY.NSE.OPT.03Jul2025.24400.PUT,PUT,24400,03-Jul-2025,130.7,133.75,129.7,4490,2993,16.06,13.11413454270597,7800,7425,,,,-0.15396458814473984
2025-06-18 15:18:47,NIFTY.NSE.OPT.10Jul2025.24400.CALL,CALL,24400,10-Jul-2025,484.65,717.05,720.6,0,1,0.0,0.0,900,1050,,,,0.0
2025-06-18 15:18:47,NIFTY.NSE.OPT.10Jul2025.24400.PUT,PUT,24400,10-Jul-2025,173.25,175.0,174.75,618,186,16.14,46.45669291338583,6075,3825,,,,1.0407632263660083
2025-06-18 15:18:47,NIFTY.NSE.OPT.17Jul2025.24400.CALL,CALL,24400,17-Jul-2025,0.0,0.0,0.0,0,0,0.0,0.0,0,0,,,,0.0
2025-06-18 15:18:47,NIFTY.NSE.OPT.17Jul2025.24400.PUT,PUT,24400,17-Jul-2025,205.25,215.85,208.2,49,27,16.06,-35.714285714285715,4650,4275,,,,-0.3827751196172303
2025-06-18 15:18:47,NIFTY.NSE.OPT.31Jul2025.24400.CALL,CALL,24400,31-Jul-2025,768.55,827.5,796.1,214,415,10.57,9.210526315789474,1875,3450,,,,-5.203619909502255
2025-06-18 15:18:47,NIFTY.NSE.OPT.31Jul2025.24400.PUT,PUT,24400,31-Jul-2025,262.25,263.9,262.15,1438,2262,16.01,22.535211267605632,7425,5475,,,,0.4983707111366511
2025-06-18 15:18:47,NIFTY.NSE.OPT.28Aug2025.24400.CALL,CALL,24400,28-Aug-2025,884.05,1034.45,990.0,3,28,9.82,12.0,75,2775,,,,-14.19284940411701
2025-06-18 15:18:47,NIFTY.NSE.OPT.28Aug2025.24400.PUT,PUT,24400,28-Aug-2025,282.95,368.05,350.5,11,30,16.35,-6.25,4275,3975,,,,3.453364817001177
2025-06-18 15:18:47,NIFTY.NSE.OPT.19Jun2025.24450.CALL,CALL,24450,19-Jun-2025,352.3,354.2,355.0,5371,449,11.09,-26.991869918699187,27300,7575,,,,-13.488485439259174
2025-06-18 15:18:47,NIFTY.NSE.OPT.19Jun2025.24450.PUT,PUT,24450,19-Jun-2025,13.15,13.35,13.15,815802,24675,21.5,56.76620076238882,272700,173250,,,,-44.97907949790795
2025-06-18 15:18:47,NIFTY.NSE.OPT.26Jun2025.24450.CALL,CALL,24450,26-Jun-2025,449.3,460.15,452.3,560,452,12.86,-11.545988258317026,13050,5025,,,,-10.311322625421376
2025-06-18 15:18:47,NIFTY.NSE.OPT.26Jun2025.24450.PUT,PUT,24450,26-Jun-2025,87.75,88.65,88.4,31502,5186,16.28,49.45244956772334,14775,17325,,,,1.726121979286536
2025-06-18 15:18:47,NIFTY.NSE.OPT.03Jul2025.24450.CALL,CALL,24450,03-Jul-2025,521.05,538.95,548.45,10,7,13.41,40.0,750,1275,,,,-8.51542952460383
2025-06-18 15:18:47,NIFTY.NSE.OPT.03Jul2025.24450.PUT,PUT,24450,03-Jul-2025,134.35,147.1,144.05,280,182,16.07,13.75,4650,4500,,,,0.8047585724282755
2025-06-18 15:18:47,NIFTY.NSE.OPT.10Jul2025.24450.CALL,CALL,24450,10-Jul-2025,406.8,700.2,0.0,0,0,0.0,0.0,900,900,,,,0.0
2025-06-18 15:18:47,NIFTY.NSE.OPT.10Jul2025.24450.PUT,PUT,24450,10-Jul-2025,173.65,201.35,198.0,28,5,16.53,-66.66666666666667,3750,4500,,,,10.52190901479207
2025-06-18 15:18:47,NIFTY.NSE.OPT.17Jul2025.24450.CALL,CALL,24450,17-Jul-2025,0.0,0.0,0.0,0,0,0.0,0.0,0,0,,,,0.0
2025-06-18 15:18:47,NIFTY.NSE.OPT.17Jul2025.24450.PUT,PUT,24450,17-Jul-2025,203.9,240.65,214.3,9,12,15.67,200.0,3600,4200,,,,-3.009730708305036
2025-06-18 15:18:47,NIFTY.NSE.OPT.31Jul2025.24450.CALL,CALL,24450,31-Jul-2025,579.5,793.35,775.05,47,65,11.21,66.66666666666667,1800,3150,,,,-5.111410381978453
2025-06-18 15:18:47,NIFTY.NSE.OPT.31Jul2025.24450.PUT,PUT,24450,31-Jul-2025,264.95,284.4,278.25,87,132,16.02,7.317073170731708,3300,5100,,,,0.9066183136899365
2025-06-18 15:18:47,NIFTY.NSE.OPT.28Aug2025.24450.CALL,CALL,24450,28-Aug-2025,0.0,1248.5,1114.5,0,0,0.0,0.0,0,2400,,,,0.0
2025-06-18 15:18:47,NIFTY.NSE.OPT.28Aug2025.24450.PUT,PUT,24450,28-Aug-2025,288.7,387.95,365.95,2,10,16.33,11.11111111111111,4500,2400,,,,0.34274746366876885
2025-06-18 15:18:47,NIFTY.NSE.OPT.19Jun2025.24500.CALL,CALL,24500,19-Jun-2025,305.95,307.0,307.5,132025,6287,13.47,-1.995323460639127,81000,58125,,,,-15.498763396537504
2025-06-18 15:18:47,NIFTY.NSE.OPT.19Jun2025.24500.PUT,PUT,24500,19-Jun-2025,16.75,16.9,16.9,2368777,93556,20.71,6.107450295448617,668325,839850,,,,-40.80560420315237
2025-06-18 15:18:47,NIFTY.NSE.OPT.26Jun2025.24500.CALL,CALL,24500,26-Jun-2025,410.4,412.5,410.25,19776,21478,12.6,5.891633387565942,35250,46125,,,,-11.316472114137488
2025-06-18 15:18:47,NIFTY.NSE.OPT.26Jun2025.24500.PUT,PUT,24500,26-Jun-2025,99.0,99.5,99.5,179393,75385,16.13,4.094172880419774,147450,231450,,,,2.7892561983471102
2025-06-18 15:18:47,NIFTY.NSE.OPT.03Jul2025.24500.CALL,CALL,24500,03-Jul-2025,489.15,493.35,489.45,1171,1159,12.03,47.83163265306123,1875,2625,,,,-9.310728182323523
2025-06-18 15:18:47,NIFTY.NSE.OPT.03Jul2025.24500.PUT,PUT,24500,03-Jul-2025,156.55,158.0,155.5,7777,3777,15.86,11.944279786603438,9525,18375,,,,0.974025974025974
2025-06-18 15:18:47,NIFTY.NSE.OPT.10Jul2025.24500.CALL,CALL,24500,10-Jul-2025,555.0,579.95,562.25,234,148,11.89,124.24242424242425,3000,1275,,,,-7.918440877825093
2025-06-18 15:18:47,NIFTY.NSE.OPT.10Jul2025.24500.PUT,PUT,24500,10-Jul-2025,201.9,203.5,203.55,1535,1000,16.04,54.32098765432099,6375,6525,,,,1.749562609347663
2025-06-18 15:18:47,NIFTY.NSE.OPT.17Jul2025.24500.CALL,CALL,24500,17-Jul-2025,614.15,742.95,645.25,80,29,12.5,70.58823529411765,3075,3000,,,,-3.2826201004271867
2025-06-18 15:18:47,NIFTY.NSE.OPT.17Jul2025.24500.PUT,PUT,24500,17-Jul-2025,231.6,238.45,239.1,334,152,16.02,4.827586206896552,5250,5700,,,,3.5513209181463785
2025-06-18 15:18:47,NIFTY.NSE.OPT.31Jul2025.24500.CALL,CALL,24500,31-Jul-2025,725.35,728.0,723.65,2289,6403,10.66,2.3988485526947065,10725,16875,,,,-6.710068325383533
2025-06-18 15:18:47,NIFTY.NSE.OPT.31Jul2025.24500.PUT,PUT,24500,31-Jul-2025,290.25,291.0,290.25,19769,25666,15.89,12.580050881656286,19575,20775,,,,0.5543045210462577
2025-06-18 15:18:47,NIFTY.NSE.OPT.28Aug2025.24500.CALL,CALL,24500,28-Aug-2025,914.95,934.65,930.0,244,944,10.3,18.592964824120603,4875,6225,,,,-4.064369713224672
2025-06-18 15:18:47,NIFTY.NSE.OPT.28Aug2025.24500.PUT,PUT,24500,28-Aug-2025,380.6,384.5,380.35,873,4605,16.28,0.8983347940403155,4725,8100,,,,0.22397891963109956
2025-06-18 15:18:47,NIFTY.NSE.OPT.19Jun2025.24550.CALL,CALL,24550,19-Jun-2025,260.25,262.05,262.15,26285,1858,14.47,7.027649769585254,29625,13125,,,,-17.872807017543863
2025-06-18 15:18:47,NIFTY.NSE.OPT.19Jun2025.24550.PUT,PUT,24550,19-Jun-2025,21.25,21.4,21.4,1056813,23104,19.78,18.64023826640649,271500,171600,,,,-37.2434017595308
2025-06-18 15:18:47,NIFTY.NSE.OPT.26Jun2025.24550.CALL,CALL,24550,26-Jun-2025,372.5,376.5,376.25,1346,666,12.92,1.524390243902439,18975,6150,,,,-11.51222953904045
2025-06-18 15:18:47,NIFTY.NSE.OPT.26Jun2025.24550.PUT,PUT,24550,26-Jun-2025,111.3,112.4,112.05,23314,4618,15.97,3.7752808988764044,18525,18150,,,,3.5103926096997666
2025-06-18 15:18:47,NIFTY.NSE.OPT.03Jul2025.24550.CALL,CALL,24550,03-Jul-2025,450.15,468.85,456.9,46,15,12.25,-46.42857142857143,825,1425,,,,-9.52475247524753
2025-06-18 15:18:47,NIFTY.NSE.OPT.03Jul2025.24550.PUT,PUT,24550,03-Jul-2025,163.65,175.0,173.5,481,188,15.96,-20.0,5475,3450,,,,1.551068188469421
2025-06-18 15:18:47,NIFTY.NSE.OPT.10Jul2025.24550.CALL,CALL,24550,10-Jul-2025,504.8,620.25,667.35,0,2,0.0,0.0,1500,1200,,,,0.0
2025-06-18 15:18:47,NIFTY.NSE.OPT.10Jul2025.24550.PUT,PUT,24550,10-Jul-2025,205.5,231.55,214.6,18,12,15.78,-29.41176470588235,5025,4650,,,,-1.8747142203932303
2025-06-18 15:18:47,NIFTY.NSE.OPT.17Jul2025.24550.CALL,CALL,24550,17-Jul-2025,0.0,0.0,0.0,0,0,0.0,0.0,0,0,,,,0.0
2025-06-18 15:18:47,NIFTY.NSE.OPT.17Jul2025.24550.PUT,PUT,24550,17-Jul-2025,233.05,277.0,258.95,16,11,16.13,450.0,2700,2700,,,,3.559288142371517
2025-06-18 15:18:47,NIFTY.NSE.OPT.31Jul2025.24550.CALL,CALL,24550,31-Jul-2025,659.15,722.05,692.0,20,72,10.81,12.5,1950,3675,,,,-5.850340136054422
2025-06-18 15:18:47,NIFTY.NSE.OPT.31Jul2025.24550.PUT,PUT,24550,31-Jul-2025,295.15,322.15,309.0,134,208,15.92,9.473684210526315,3000,5025,,,,1.4944982755789167
2025-06-18 15:18:47,NIFTY.NSE.OPT.28Aug2025.24550.CALL,CALL,24550,28-Aug-2025,0.0,992.45,1044.85,0,1,0.0,0.0,0,3600,,,,0.0
2025-06-18 15:18:47,NIFTY.NSE.OPT.28Aug2025.24550.PUT,PUT,24550,28-Aug-2025,375.75,421.15,407.5,12,12,16.53,200.0,2700,1800,,,,2.917034979164039
2025-06-18 15:18:47,NIFTY.NSE.OPT.19Jun2025.24600.CALL,CALL,24600,19-Jun-2025,216.8,217.65,217.7,260415,12383,14.47,4.82519258444087,713475,61575,,,,-21.023036459278067
2025-06-18 15:18:47,NIFTY.NSE.OPT.19Jun2025.24600.PUT,PUT,24600,19-Jun-2025,27.1,27.25,27.25,2465750,71814,18.85,-4.705414012738854,427500,634500,,,,-33.37408312958435
2025-06-18 15:18:47,NIFTY.NSE.OPT.26Jun2025.24600.CALL,CALL,24600,26-Jun-2025,337.45,339.0,338.75,13084,7917,12.75,0.24056723221068624,23775,24000,,,,-12.422440537745608
2025-06-18 15:18:47,NIFTY.NSE.OPT.26Jun2025.24600.PUT,PUT,24600,26-Jun-2025,125.5,126.1,126.1,88758,24702,15.76,7.9255505068157985,62925,100275,,,,4.1718298223874415
2025-06-18 15:18:47,NIFTY.NSE.OPT.03Jul2025.24600.CALL,CALL,24600,03-Jul-2025,417.0,426.75,424.6,1649,912,12.39,9.879518072289157,4950,20175,,,,-9.428327645051192
2025-06-18 15:18:47,NIFTY.NSE.OPT.03Jul2025.24600.PUT,PUT,24600,03-Jul-2025,186.75,188.8,184.6,2728,1939,15.63,18.738518064911208,10275,11250,,,,1.7921146953405016
2025-06-18 15:18:47,NIFTY.NSE.OPT.10Jul2025.24600.CALL,CALL,24600,10-Jul-2025,481.9,510.0,495.0,140,124,12.02,169.56521739130434,3075,1650,,,,-9.157643604331065
2025-06-18 15:18:47,NIFTY.NSE.OPT.10Jul2025.24600.PUT,PUT,24600,10-Jul-2025,228.45,235.0,232.45,154,169,15.78,19.014084507042252,5325,4125,,,,1.639702667249672
2025-06-18 15:18:47,NIFTY.NSE.OPT.17Jul2025.24600.CALL,CALL,24600,17-Jul-2025,535.85,737.2,576.1,26,26,12.46,420.0,2250,2775,,,,-4.437256365596749
2025-06-18 15:18:47,NIFTY.NSE.OPT.17Jul2025.24600.PUT,PUT,24600,17-Jul-2025,263.95,275.85,279.8,32,24,16.24,100.0,4125,4200,,,,7.615384615384619
2025-06-18 15:18:47,NIFTY.NSE.OPT.31Jul2025.24600.CALL,CALL,24600,31-Jul-2025,655.1,665.05,661.25,476,1423,10.95,3.3405954974582426,3300,4500,,,,-6.378309500212369
2025-06-18 15:18:47,NIFTY.NSE.OPT.31Jul2025.24600.PUT,PUT,24600,31-Jul-2025,323.85,325.95,323.5,2004,2806,15.81,8.214423447743926,5925,10800,,,,1.6017587939698565
2025-06-18 15:18:47,NIFTY.NSE.OPT.28Aug2025.24600.CALL,CALL,24600,28-Aug-2025,834.6,882.05,868.25,4,10,10.59,0.0,3900,4050,,,,-2.5259612685938815
2025-06-18 15:18:47,NIFTY.NSE.OPT.28Aug2025.24600.PUT,PUT,24600,28-Aug-2025,398.95,424.9,410.0,17,88,16.15,6.024096385542169,2700,4350,,,,1.4349332013854557
2025-06-18 15:18:47,NIFTY.NSE.OPT.19Jun2025.24650.CALL,CALL,24650,19-Jun-2025,175.0,175.9,175.0,202501,6606,14.13,-0.1964042906783502,44400,37500,,,,-25.70579494799406
2025-06-18 15:18:47,NIFTY.NSE.OPT.19Jun2025.24650.PUT,PUT,24650,19-Jun-2025,35.1,35.35,35.15,1658849,34818,17.96,22.884167431354555,202350,326100,,,,-30.257936507936513
2025-06-18 15:18:47,NIFTY.NSE.OPT.26Jun2025.24650.CALL,CALL,24650,26-Jun-2025,302.65,305.95,305.2,5050,1908,12.83,61.83206106870229,16650,8325,,,,-13.3938706015891
2025-06-18 15:18:47,NIFTY.NSE.OPT.26Jun2025.24650.PUT,PUT,24650,26-Jun-2025,141.05,142.15,142.2,28279,4609,15.71,16.59499114596509,17700,21975,,,,4.867256637168137
2025-06-18 15:18:47,NIFTY.NSE.OPT.03Jul2025.24650.CALL,CALL,24650,03-Jul-2025,378.25,399.45,396.95,149,99,12.69,76.78571428571429,8100,2400,,,,-9.081539166284937
2025-06-18 15:18:47,NIFTY.NSE.OPT.03Jul2025.24650.PUT,PUT,24650,03-Jul-2025,195.75,208.0,208.95,350,170,15.94,14.864864864864865,5850,6000,,,,4.448887778055474
2025-06-18 15:18:47,NIFTY.NSE.OPT.10Jul2025.24650.CALL,CALL,24650,10-Jul-2025,439.5,485.25,462.45,10,7,12.04,250.0,1725,1500,,,,-13.560747663551403
2025-06-18 15:18:47,NIFTY.NSE.OPT.10Jul2025.24650.PUT,PUT,24650,10-Jul-2025,247.0,263.15,250.9,61,23,15.77,4.545454545454546,6150,4500,,,,-1.3757861635220126
2025-06-18 15:18:47,NIFTY.NSE.OPT.17Jul2025.24650.CALL,CALL,24650,17-Jul-2025,500.05,559.2,527.45,14,15,11.84,1400.0,2400,1800,,,,-30.037140204271118
2025-06-18 15:18:47,NIFTY.NSE.OPT.17Jul2025.24650.PUT,PUT,24650,17-Jul-2025,271.6,302.9,289.0,8,2,15.87,-33.333333333333336,3675,3900,,,,0.7670850767085037
2025-06-18 15:18:47,NIFTY.NSE.OPT.31Jul2025.24650.CALL,CALL,24650,31-Jul-2025,621.15,653.2,615.0,16,317,10.54,0.31645569620253167,4575,5175,,,,-11.631582728644304
2025-06-18 15:18:47,NIFTY.NSE.OPT.31Jul2025.24650.PUT,PUT,24650,31-Jul-2025,331.35,355.45,341.85,96,234,15.81,-1.2658227848101267,4350,5175,,,,0.26396832380115387
2025-06-18 15:18:47,NIFTY.NSE.OPT.28Aug2025.24650.CALL,CALL,24650,28-Aug-2025,746.0,869.95,977.25,0,4,0.0,0.0,2775,4875,,,,0.0
2025-06-18 15:18:47,NIFTY.NSE.OPT.28Aug2025.24650.PUT,PUT,24650,28-Aug-2025,410.35,455.85,435.95,4,5,16.34,66.66666666666667,3750,3600,,,,3.797619047619045
2025-06-18 15:18:47,NIFTY.NSE.OPT.19Jun2025.24700.CALL,CALL,24700,19-Jun-2025,136.0,136.85,136.05,1191614,26629,14.01,22.663411488322815,161250,238350,,,,-30.780971762910198
2025-06-18 15:18:47,NIFTY.NSE.OPT.19Jun2025.24700.PUT,PUT,24700,19-Jun-2025,46.5,46.7,46.4,3739115,82670,17.27,8.780609760911615,576450,874500,,,,-24.05891980360066
2025-06-18 15:18:47,NIFTY.NSE.OPT.26Jun2025.24700.CALL,CALL,24700,26-Jun-2025,271.5,273.45,271.5,38912,15545,12.71,7.7269577269577265,34125,59625,,,,-14.622641509433961
2025-06-18 15:18:47,NIFTY.NSE.OPT.26Jun2025.24700.PUT,PUT,24700,26-Jun-2025,159.3,159.75,159.6,112488,35961,15.59,11.330918547413393,64275,104850,,,,5.485789821546584
2025-06-18 15:18:47,NIFTY.NSE.OPT.03Jul2025.24700.CALL,CALL,24700,03-Jul-2025,357.0,359.5,357.85,1523,860,12.29,-10.22964509394572,9975,3675,,,,-11.203473945409424
2025-06-18 15:18:47,NIFTY.NSE.OPT.03Jul2025.24700.PUT,PUT,24700,03-Jul-2025,223.4,225.05,220.65,4765,3550,15.53,1.9821890261419133,11100,16350,,,,1.4016544117647112
2025-06-18 15:18:47,NIFTY.NSE.OPT.10Jul2025.24700.CALL,CALL,24700,10-Jul-2025,429.2,432.2,433.2,149,144,12.15,56.52173913043478,3525,1725,,,,-8.905477867732104
2025-06-18 15:18:47,NIFTY.NSE.OPT.10Jul2025.24700.PUT,PUT,24700,10-Jul-2025,269.85,272.2,270.0,320,259,15.75,13.596491228070175,104700,6825,,,,2.447353443369375
2025-06-18 15:18:47,NIFTY.NSE.OPT.17Jul2025.24700.CALL,CALL,24700,17-Jul-2025,486.7,512.3,503.65,36,30,12.15,233.33333333333334,3600,2325,,,,-5.938929872070234
2025-06-18 15:18:47,NIFTY.NSE.OPT.17Jul2025.24700.PUT,PUT,24700,17-Jul-2025,302.8,310.2,300.2,29,18,15.55,5.882352941176471,3375,3825,,,,0.6200770906653145
2025-06-18 15:18:47,NIFTY.NSE.OPT.31Jul2025.24700.CALL,CALL,24700,31-Jul-2025,596.4,600.45,597.1,1120,2137,11.04,7.657430730478589,4800,5925,,,,-7.24660194174757
2025-06-18 15:18:47,NIFTY.NSE.OPT.31Jul2025.24700.PUT,PUT,24700,31-Jul-2025,360.7,363.0,360.7,3361,3860,15.79,18.296046582899173,6975,5925,,,,1.5484234234234233
2025-06-18 15:18:47,NIFTY.NSE.OPT.28Aug2025.24700.CALL,CALL,24700,28-Aug-2025,789.4,812.0,800.0,32,133,10.6,14.655172413793103,3675,3300,,,,-4.778908528239002
2025-06-18 15:18:47,NIFTY.NSE.OPT.28Aug2025.24700.PUT,PUT,24700,28-Aug-2025,450.0,462.7,452.0,80,264,16.28,1.1494252873563218,2850,5025,,,,0.42212841590757105
2025-06-18 15:18:47,NIFTY.NSE.OPT.19Jun2025.24750.CALL,CALL,24750,19-Jun-2025,101.5,102.1,101.6,1574788,25216,13.7,200.4408435601096,193500,252600,,,,-36.73723536737236
2025-06-18 15:18:47,NIFTY.NSE.OPT.19Jun2025.24750.PUT,PUT,24750,19-Jun-2025,61.55,61.75,61.55,3228938,38505,16.66,56.441717791411044,207900,478125,,,,-17.823765020026713
2025-06-18 15:18:47,NIFTY.NSE.OPT.26Jun2025.24750.CALL,CALL,24750,26-Jun-2025,240.6,242.05,240.75,22202,3067,12.67,22.729091636654662,28575,26925,,,,-15.615141955835965
2025-06-18 15:18:47,NIFTY.NSE.OPT.26Jun2025.24750.PUT,PUT,24750,26-Jun-2025,177.75,178.7,178.65,41056,6192,15.4,9.322033898305085,19650,34350,,,,5.553914327917286
2025-06-18 15:18:47,NIFTY.NSE.OPT.03Jul2025.24750.CALL,CALL,24750,03-Jul-2025,325.0,334.55,334.25,700,256,12.63,122.6086956521739,15675,4425,,,,-10.268456375838927
2025-06-18 15:18:47,NIFTY.NSE.OPT.03Jul2025.24750.PUT,PUT,24750,03-Jul-2025,238.95,245.0,239.45,921,332,15.43,37.1900826446281,7425,6600,,,,1.6556994268732657
2025-06-18 15:18:47,NIFTY.NSE.OPT.10Jul2025.24750.CALL,CALL,24750,10-Jul-2025,385.4,413.95,417.4,58,57,12.78,62.857142857142854,2325,1050,,,,-6.202247191011241
2025-06-18 15:18:47,NIFTY.NSE.OPT.10Jul2025.24750.PUT,PUT,24750,10-Jul-2025,278.8,300.85,291.6,171,56,15.79,64.70588235294117,5325,4650,,,,4.628632938643715
2025-06-18 15:18:47,NIFTY.NSE.OPT.17Jul2025.24750.CALL,CALL,24750,17-Jul-2025,450.0,476.95,476.95,20,16,12.3,0.0,3075,2625,,,,-29.53387013370762
2025-06-18 15:18:47,NIFTY.NSE.OPT.17Jul2025.24750.PUT,PUT,24750,17-Jul-2025,281.15,338.85,332.05,5,2,15.98,100.0,3750,3300,,,,3.9931099279674287
2025-06-18 15:18:47,NIFTY.NSE.OPT.31Jul2025.24750.CALL,CALL,24750,31-Jul-2025,549.85,577.2,569.0,173,235,11.16,30.555555555555557,4200,4575,,,,-6.797706797706797
2025-06-18 15:18:47,NIFTY.NSE.OPT.31Jul2025.24750.PUT,PUT,24750,31-Jul-2025,373.6,385.0,382.3,340,247,15.85,42.774566473988436,5775,6075,,,,2.0146764509673143
2025-06-18 15:18:47,NIFTY.NSE.OPT.28Aug2025.24750.CALL,CALL,24750,28-Aug-2025,739.95,790.2,769.8,7,4,10.67,0.0,2700,5700,,,,-15.527268736969166
2025-06-18 15:18:47,NIFTY.NSE.OPT.28Aug2025.24750.PUT,PUT,24750,28-Aug-2025,448.4,487.95,461.75,2,7,16.05,16.666666666666668,1800,2700,,,,1.0393873085339167
2025-06-18 15:18:47,NIFTY.NSE.OPT.19Jun2025.24800.CALL,CALL,24800,19-Jun-2025,72.95,73.4,73.4,4990098,111464,13.71,162.694727911197,429375,1108650,,,,-42.566510172143964
2025-06-18 15:18:47,NIFTY.NSE.OPT.19Jun2025.24800.PUT,PUT,24800,19-Jun-2025,83.0,83.35,83.35,6171618,91001,16.56,9.734950800694579,520050,699975,,,,-9.843158464034623
2025-06-18 15:18:47,NIFTY.NSE.OPT.26Jun2025.24800.CALL,CALL,24800,26-Jun-2025,211.95,213.0,211.95,156696,31954,12.62,25.79324462640737,96525,183000,,,,-16.76811309640684
2025-06-18 15:18:47,NIFTY.NSE.OPT.26Jun2025.24800.PUT,PUT,24800,26-Jun-2025,198.9,200.3,200.2,194864,45592,15.41,14.492353280932171,73650,108000,,,,6.376195536663125
2025-06-18 15:18:47,NIFTY.NSE.OPT.03Jul2025.24800.CALL,CALL,24800,03-Jul-2025,298.95,301.35,301.45,5594,2205,12.41,33.313180169286575,15675,32250,,,,-11.75351288056207
2025-06-18 15:18:47,NIFTY.NSE.OPT.03Jul2025.24800.PUT,PUT,24800,03-Jul-2025,265.05,266.0,266.0,10049,3280,15.66,37.81512605042017,13500,16650,,,,4.765655769988182
2025-06-18 15:18:47,NIFTY.NSE.OPT.10Jul2025.24800.CALL,CALL,24800,10-Jul-2025,371.65,374.35,375.45,693,396,12.23,115.21739130434783,6075,4725,,,,-10.329591593026032
2025-06-18 15:18:47,NIFTY.NSE.OPT.10Jul2025.24800.PUT,PUT,24800,10-Jul-2025,310.65,313.1,311.2,1195,372,15.7,14.110429447852761,5775,8625,,,,4.167364016736398
2025-06-18 15:18:47,NIFTY.NSE.OPT.17Jul2025.24800.CALL,CALL,24800,17-Jul-2025,430.0,440.0,446.4,92,76,12.26,137.5,2625,3525,,,,-5.872430152872962
2025-06-18 15:18:47,NIFTY.NSE.OPT.17Jul2025.24800.PUT,PUT,24800,17-Jul-2025,341.25,351.45,350.0,62,112,15.85,1.8181818181818181,3750,3225,,,,2.3691137759578895
2025-06-18 15:18:47,NIFTY.NSE.OPT.31Jul2025.24800.CALL,CALL,24800,31-Jul-2025,538.0,540.5,541.5,3326,5249,11.26,9.399749895789913,9825,14925,,,,-6.966755433382005
2025-06-18 15:18:47,NIFTY.NSE.OPT.31Jul2025.24800.PUT,PUT,24800,31-Jul-2025,399.4,402.0,400.4,4713,6931,15.77,6.943372936275266,12225,17625,,,,2.038735983690112
2025-06-18 15:18:47,NIFTY.NSE.OPT.28Aug2025.24800.CALL,CALL,24800,28-Aug-2025,730.9,740.0,742.0,212,368,10.78,18.70967741935484,5250,4050,,,,-6.7956286898630855
2025-06-18 15:18:47,NIFTY.NSE.OPT.28Aug2025.24800.PUT,PUT,24800,28-Aug-2025,486.1,492.0,489.15,202,266,16.24,31.683168316831683,2625,5025,,,,2.8598464935337957
2025-06-18 15:18:47,NIFTY.NSE.OPT.19Jun2025.24850.CALL,CALL,24850,19-Jun-2025,52.0,52.2,52.0,3357930,64002,13.96,33.5545261049205,412425,934650,,,,-47.65978862606945
2025-06-18 15:18:47,NIFTY.NSE.OPT.19Jun2025.24850.PUT,PUT,24850,19-Jun-2025,111.25,111.75,111.1,3020847,29245,16.72,-35.176770475451626,204000,194700,,,,-2.071397091229624
2025-06-18 15:18:47,NIFTY.NSE.OPT.26Jun2025.24850.CALL,CALL,24850,26-Jun-2025,186.55,187.5,187.5,55958,7548,12.72,36.19631901840491,44400,63300,,,,-16.888297872340424
2025-06-18 15:18:47,NIFTY.NSE.OPT.26Jun2025.24850.PUT,PUT,24850,26-Jun-2025,223.05,224.1,224.05,58934,8140,15.38,0.8799107696120957,28725,26775,,,,7.690459024273011
2025-06-18 15:18:47,NIFTY.NSE.OPT.03Jul2025.24850.CALL,CALL,24850,03-Jul-2025,273.0,275.95,276.0,1635,722,12.49,120.1219512195122,133200,10425,,,,-11.623439000960618
2025-06-18 15:18:47,NIFTY.NSE.OPT.03Jul2025.24850.PUT,PUT,24850,03-Jul-2025,280.75,290.0,289.65,2291,487,15.67,37.183098591549296,11700,9375,,,,5.327272727272718
2025-06-18 15:18:47,NIFTY.NSE.OPT.10Jul2025.24850.CALL,CALL,24850,10-Jul-2025,340.0,354.85,344.0,110,121,12.08,55.12820512820513,9300,4050,,,,-10.869283585956728
2025-06-18 15:18:47,NIFTY.NSE.OPT.10Jul2025.24850.PUT,PUT,24850,10-Jul-2025,318.8,333.75,333.75,208,103,15.7,-32.6797385620915,4200,3450,,,,3.8425637834474253
2025-06-18 15:18:47,NIFTY.NSE.OPT.17Jul2025.24850.CALL,CALL,24850,17-Jul-2025,400.0,421.45,421.75,32,32,12.39,0.0,3075,2775,,,,-32.101746760041856
2025-06-18 15:18:47,NIFTY.NSE.OPT.17Jul2025.24850.PUT,PUT,24850,17-Jul-2025,346.1,383.25,375.0,14,3,15.96,50.0,3000,2625,,,,9.329446064139942
2025-06-18 15:18:47,NIFTY.NSE.OPT.31Jul2025.24850.CALL,CALL,24850,31-Jul-2025,507.1,513.0,510.55,246,379,11.22,2.4324324324324325,4200,6900,,,,-7.517435014944289
2025-06-18 15:18:47,NIFTY.NSE.OPT.31Jul2025.24850.PUT,PUT,24850,31-Jul-2025,414.05,434.85,419.75,362,398,15.71,8.446866485013624,5250,6300,,,,2.1911138161898966
2025-06-18 15:18:47,NIFTY.NSE.OPT.28Aug2025.24850.CALL,CALL,24850,28-Aug-2025,630.6,726.0,749.95,0,13,0.0,0.0,5400,4800,,,,-0.9313077939233758
2025-06-18 15:18:47,NIFTY.NSE.OPT.28Aug2025.24850.PUT,PUT,24850,28-Aug-2025,489.8,514.0,507.85,3,15,16.2,7.142857142857143,2700,3675,,,,4.722136302711627
2025-06-18 15:18:47,NIFTY.NSE.OPT.19Jun2025.24900.CALL,CALL,24900,19-Jun-2025,37.0,37.25,37.2,5022060,136308,14.54,47.71611560843981,431700,1863075,,,,-50.79365079365079
2025-06-18 15:18:47,NIFTY.NSE.OPT.19Jun2025.24900.PUT,PUT,24900,19-Jun-2025,146.0,146.9,146.05,3472599,45282,17.44,-15.009666097336662,201225,158250,,,,4.808037316110526
2025-06-18 15:18:47,NIFTY.NSE.OPT.26Jun2025.24900.CALL,CALL,24900,26-Jun-2025,162.0,162.55,162.45,149875,33797,12.63,13.890480202190396,84450,196050,,,,-18.01665404996216
2025-06-18 15:18:47,NIFTY.NSE.OPT.26Jun2025.24900.PUT,PUT,24900,26-Jun-2025,249.5,249.75,249.75,139097,32097,15.36,-6.976002782286112,44475,40050,,,,8.093486258385624
2025-06-18 15:18:47,NIFTY.NSE.OPT.03Jul2025.24900.CALL,CALL,24900,03-Jul-2025,245.8,248.1,248.05,6715,2411,12.37,48.36923076923077,19575,20100,,,,-13.23889471843301
2025-06-18 15:18:47,NIFTY.NSE.OPT.03Jul2025.24900.PUT,PUT,24900,03-Jul-2025,311.95,314.1,311.75,7933,2825,15.55,60.238230289279635,9225,8775,,,,5.019370052214915
2025-06-18 15:18:47,NIFTY.NSE.OPT.10Jul2025.24900.CALL,CALL,24900,10-Jul-2025,317.2,319.75,319.35,591,364,12.15,42.745098039215684,16200,3900,,,,-10.571268552226266
2025-06-18 15:18:47,NIFTY.NSE.OPT.10Jul2025.24900.PUT,PUT,24900,10-Jul-2025,356.3,358.9,355.8,360,166,15.63,36.0655737704918,4125,9450,,,,4.065516232816623
2025-06-18 15:18:47,NIFTY.NSE.OPT.17Jul2025.24900.CALL,CALL,24900,17-Jul-2025,376.0,389.95,390.2,79,73,12.24,102.77777777777777,3900,3150,,,,-5.953241744998793
2025-06-18 15:18:47,NIFTY.NSE.OPT.17Jul2025.24900.PUT,PUT,24900,17-Jul-2025,374.95,407.3,389.2,68,69,15.63,50.0,3900,2925,,,,3.828197945844995
2025-06-18 15:18:47,NIFTY.NSE.OPT.31Jul2025.24900.CALL,CALL,24900,31-Jul-2025,479.8,482.0,479.9,3492,3133,11.16,8.520956009698649,7800,12600,,,,-8.126734947831922
2025-06-18 15:18:47,NIFTY.NSE.OPT.31Jul2025.24900.PUT,PUT,24900,31-Jul-2025,441.3,444.65,444.3,2777,3041,15.78,2.356109054190508,6975,9225,,,,2.7639643807100702
2025-06-18 15:18:47,NIFTY.NSE.OPT.28Aug2025.24900.CALL,CALL,24900,28-Aug-2025,656.2,692.0,674.75,84,185,10.66,4.519774011299435,5850,5700,,,,-7.2508591065292105
2025-06-18 15:18:47,NIFTY.NSE.OPT.28Aug2025.24900.PUT,PUT,24900,28-Aug-2025,513.15,540.2,529.0,55,105,16.21,15.384615384615385,3375,1575,,,,0.40808579292018166
2025-06-18 15:18:47,NIFTY.NSE.OPT.19Jun2025.24950.CALL,CALL,24950,19-Jun-2025,27.0,27.25,27.3,2878206,73246,15.35,54.244319497967865,230100,945750,,,,-51.68141592920353
2025-06-18 15:18:47,NIFTY.NSE.OPT.19Jun2025.24950.PUT,PUT,24950,19-Jun-2025,185.7,186.7,185.95,1120181,10685,18.58,-8.236001374098247,75900,36450,,,,9.318048206937094
2025-06-18 15:18:47,NIFTY.NSE.OPT.26Jun2025.24950.CALL,CALL,24950,26-Jun-2025,139.6,140.2,139.75,39564,5998,12.58,50.59000753201105,29475,48075,,,,-19.79913916786227
2025-06-18 15:18:47,NIFTY.NSE.OPT.26Jun2025.24950.PUT,PUT,24950,26-Jun-2025,275.7,277.8,275.65,25046,3987,15.23,3.2634032634032635,11475,14475,,,,7.31944714814092
2025-06-18 15:18:47,NIFTY.NSE.OPT.03Jul2025.24950.CALL,CALL,24950,03-Jul-2025,220.0,228.65,221.55,1252,448,12.23,81.37651821862349,17925,7350,,,,-14.69002695417789
2025-06-18 15:18:47,NIFTY.NSE.OPT.03Jul2025.24950.PUT,PUT,24950,03-Jul-2025,329.5,346.85,337.35,681,279,15.54,50.0,3675,1125,,,,5.126207541290136
2025-06-18 15:18:47,NIFTY.NSE.OPT.10Jul2025.24950.CALL,CALL,24950,10-Jul-2025,284.0,311.05,291.15,58,54,12.03,8.0,15600,2775,,,,-13.076578593819976
2025-06-18 15:18:47,NIFTY.NSE.OPT.10Jul2025.24950.PUT,PUT,24950,10-Jul-2025,361.45,409.35,374.7,58,17,15.38,21.428571428571427,2775,2025,,,,3.1805039239983515
2025-06-18 15:18:47,NIFTY.NSE.OPT.17Jul2025.24950.CALL,CALL,24950,17-Jul-2025,340.65,374.05,362.2,18,23,12.17,64.28571428571429,4800,2700,,,,-8.56998611637006
2025-06-18 15:18:47,NIFTY.NSE.OPT.17Jul2025.24950.PUT,PUT,24950,17-Jul-2025,387.25,434.1,410.6,75,34,15.54,3300.0,2850,2325,,,,1.3952339795036508
2025-06-18 15:18:47,NIFTY.NSE.OPT.31Jul2025.24950.CALL,CALL,24950,31-Jul-2025,441.15,465.15,451.55,410,248,11.14,24.623115577889447,2775,4050,,,,-8.805412501262238
2025-06-18 15:18:47,NIFTY.NSE.OPT.31Jul2025.24950.PUT,PUT,24950,31-Jul-2025,457.8,470.0,462.4,559,282,15.64,1.8050541516245486,5775,5475,,,,1.7717618575987575
2025-06-18 15:18:47,NIFTY.NSE.OPT.28Aug2025.24950.CALL,CALL,24950,28-Aug-2025,627.2,676.7,786.65,0,6,0.0,0.0,4500,7275,,,,0.0
2025-06-18 15:18:47,NIFTY.NSE.OPT.28Aug2025.24950.PUT,PUT,24950,28-Aug-2025,528.7,570.4,545.25,3,3,16.09,-25.0,4500,1800,,,,0.8788159111933395
2025-06-18 15:18:47,NIFTY.NSE.OPT.19Jun2025.25000.CALL,CALL,25000,19-Jun-2025,19.35,19.6,19.6,4541861,183840,16.0,45.54436633098993,892350,2359500,,,,-52.59975816203144
2025-06-18 15:18:47,NIFTY.NSE.OPT.19Jun2025.25000.PUT,PUT,25000,19-Jun-2025,228.05,229.3,228.25,1181630,27302,19.7,-18.386990703374885,149775,242775,,,,11.23294346978558
2025-06-18 15:18:47,NIFTY.NSE.OPT.26Jun2025.25000.CALL,CALL,25000,26-Jun-2025,121.0,121.3,121.05,227561,90069,12.62,11.59860236903405,406125,473400,,,,-19.807883405101023
2025-06-18 15:18:47,NIFTY.NSE.OPT.26Jun2025.25000.PUT,PUT,25000,26-Jun-2025,307.0,307.9,307.0,109426,54999,15.37,1.4030667117352427,557475,90150,,,,8.098591549295776
2025-06-18 15:18:47,NIFTY.NSE.OPT.03Jul2025.25000.CALL,CALL,25000,03-Jul-2025,200.4,201.75,201.75,9665,5373,12.36,21.56108597285068,25425,30150,,,,-13.910817153829742
2025-06-18 15:18:47,NIFTY.NSE.OPT.03Jul2025.25000.PUT,PUT,25000,03-Jul-2025,365.1,366.0,366.0,5900,3563,15.61,11.833019460138104,10275,14250,,,,5.4299294253204735
2025-06-18 15:18:47,NIFTY.NSE.OPT.10Jul2025.25000.CALL,CALL,25000,10-Jul-2025,269.1,271.5,270.0,1328,799,12.14,46.06946983546618,16425,8475,,,,-11.663667593652864
2025-06-18 15:18:47,NIFTY.NSE.OPT.10Jul2025.25000.PUT,PUT,25000,10-Jul-2025,407.2,409.9,407.0,759,279,15.65,-14.678899082568808,6375,6900,,,,4.26540284360189
2025-06-18 15:18:47,NIFTY.NSE.OPT.17Jul2025.25000.CALL,CALL,25000,17-Jul-2025,327.25,339.35,328.15,126,54,11.84,50.0,6525,2100,,,,-9.836516004945738
2025-06-18 15:18:47,NIFTY.NSE.OPT.17Jul2025.25000.PUT,PUT,25000,17-Jul-2025,421.1,455.45,430.5,50,25,15.36,108.33333333333333,1800,2775,,,,2.1594684385382115
2025-06-18 15:18:47,NIFTY.NSE.OPT.31Jul2025.25000.CALL,CALL,25000,31-Jul-2025,427.25,429.2,427.7,16882,43190,11.23,5.648100584623664,18525,60600,,,,-8.542713567839193
2025-06-18 15:18:47,NIFTY.NSE.OPT.31Jul2025.25000.PUT,PUT,25000,31-Jul-2025,486.05,489.0,489.0,18052,42166,15.73,1.9093194122196442,28875,25650,,,,2.5479710600817818
2025-06-18 15:18:47,NIFTY.NSE.OPT.28Aug2025.25000.CALL,CALL,25000,28-Aug-2025,620.0,627.7,621.0,1274,3764,10.79,2.2270505160239003,8700,8100,,,,-6.334841628959276
2025-06-18 15:18:47,NIFTY.NSE.OPT.28Aug2025.25000.PUT,PUT,25000,28-Aug-2025,564.0,572.0,570.1,1024,4338,16.16,2.2871964159396367,7350,7800,,,,1.8126618448075678
2025-06-18 15:18:47,NIFTY.NSE.OPT.25Sep2025.25000.CALL,CALL,25000,25-Sep-2025,811.45,818.0,819.0,1615,10383,10.87,5.1549524002430624,23625,6525,,,,-4.344779257182906
2025-06-18 15:18:47,NIFTY.NSE.OPT.25Sep2025.25000.PUT,PUT,25000,25-Sep-2025,638.0,642.0,637.0,1925,15059,16.66,2.463087704973804,9375,6600,,,,1.92
2025-06-18 15:18:47,NIFTY.NSE.OPT.24Dec2025.25000.CALL,CALL,25000,24-Dec-2025,1299.05,1305.45,1304.55,725,11080,9.19,1.0672261242360668,8475,5925,,,,-2.0019531250000067
2025-06-18 15:18:47,NIFTY.NSE.OPT.24Dec2025.25000.PUT,PUT,25000,24-Dec-2025,742.0,745.0,742.0,1959,23235,17.21,0.44527062078505963,39225,11925,,,,1.6368741866995475
2025-06-18 15:18:47,NIFTY.NSE.OPT.26Mar2026.25000.CALL,CALL,25000,26-Mar-2026,525.0,0.0,0.0,0,0,0.0,0.0,150,0,,,,0.0
2025-06-18 15:18:47,NIFTY.NSE.OPT.26Mar2026.25000.PUT,PUT,25000,26-Mar-2026,18.0,0.0,0.0,0,0,0.0,0.0,5775,0,,,,0.0
2025-06-18 15:18:47,NIFTY.NSE.OPT.25Jun2026.25000.CALL,CALL,25000,25-Jun-2026,1873.1,2634.85,2222.0,0,4,0.0,0.0,225,300,,,,0.0
2025-06-18 15:18:47,NIFTY.NSE.OPT.25Jun2026.25000.PUT,PUT,25000,25-Jun-2026,866.5,0.0,890.0,0,66,0.0,0.0,4650,0,,,,0.0
2025-06-18 15:18:47,NIFTY.NSE.OPT.31Dec2026.25000.CALL,CALL,25000,31-Dec-2026,2930.0,2990.0,2950.0,3,278,0.0,0.0,525,375,,,,-2.316263514296588
2025-06-18 15:18:47,NIFTY.NSE.OPT.31Dec2026.25000.PUT,PUT,25000,31-Dec-2026,1035.0,1060.0,1070.0,3,321,20.93,0.31185031185031187,8025,900,,,,2.8846153846153846
2025-06-18 15:18:47,NIFTY.NSE.OPT.24Jun2027.25000.PUT,PUT,25000,24-Jun-2027,9.45,0.0,0.0,0,0,0.0,0.0,11100,0,,,,0.0
2025-06-18 15:18:47,NIFTY.NSE.OPT.30Dec2027.25000.PUT,PUT,25000,30-Dec-2027,28.0,0.0,1546.4,0,1,0.0,0.0,6000,0,,,,0.0
2025-06-18 15:18:47,NIFTY.NSE.OPT.29Jun2028.25000.PUT,PUT,25000,29-Jun-2028,9.75,0.0,0.0,0,0,0.0,0.0,5700,0,,,,0.0
2025-06-18 15:18:47,NIFTY.NSE.OPT.28Dec2028.25000.PUT,PUT,25000,28-Dec-2028,1325.55,1350.0,1350.0,4,20,25.43,24.489795918367346,4425,600,,,,2.6615969581749046
2025-06-18 15:18:47,NIFTY.NSE.OPT.28Jun2029.25000.PUT,PUT,25000,28-Jun-2029,6.0,0.0,0.0,0,0,0.0,0.0,3825,0,,,,0.0
2025-06-18 15:18:47,NIFTY.NSE.OPT.27Dec2029.25000.PUT,PUT,25000,27-Dec-2029,6.0,0.0,0.0,0,0,0.0,0.0,3750,0,,,,0.0
2025-06-18 15:18:47,NIFTY.NSE.OPT.19Jun2025.25050.CALL,CALL,25050,19-Jun-2025,14.15,14.3,14.25,1686898,46353,16.7,49.260988568668495,332100,599175,,,,-53.20197044334976
2025-06-18 15:18:47,NIFTY.NSE.OPT.19Jun2025.25050.PUT,PUT,25050,19-Jun-2025,272.7,274.0,272.85,140264,4019,20.98,-39.059893858984076,23325,17550,,,,11.80086047940996
2025-06-18 15:18:47,NIFTY.NSE.OPT.26Jun2025.25050.CALL,CALL,25050,26-Jun-2025,102.0,103.5,103.8,32408,4631,12.65,33.45821325648415,27300,26625,,,,-20.153846153846157
2025-06-18 15:18:47,NIFTY.NSE.OPT.26Jun2025.25050.PUT,PUT,25050,26-Jun-2025,335.05,339.95,336.65,6367,2130,15.26,23.335263462651998,7800,4725,,,,7.762483994878362
2025-06-18 15:18:47,NIFTY.NSE.OPT.03Jul2025.25050.CALL,CALL,25050,03-Jul-2025,171.1,186.2,181.0,877,899,12.36,9.634146341463415,17550,5625,,,,-15.715948777648428
2025-06-18 15:18:47,NIFTY.NSE.OPT.03Jul2025.25050.PUT,PUT,25050,03-Jul-2025,385.3,393.8,393.8,339,166,15.59,74.73684210526316,825,2400,,,,5.139500734214391
2025-06-18 15:18:47,NIFTY.NSE.OPT.10Jul2025.25050.CALL,CALL,25050,10-Jul-2025,234.75,265.5,247.65,31,25,12.15,47.05882352941177,13650,1575,,,,-14.485497237569064
2025-06-18 15:18:47,NIFTY.NSE.OPT.10Jul2025.25050.PUT,PUT,25050,10-Jul-2025,353.5,461.25,515.0,0,4,0.0,0.0,1800,1200,,,,0.0
2025-06-18 15:18:47,NIFTY.NSE.OPT.17Jul2025.25050.CALL,CALL,25050,17-Jul-2025,178.3,325.6,298.1,15,12,11.62,500.0,4800,1425,,,,-14.74331474331473
2025-06-18 15:18:47,NIFTY.NSE.OPT.17Jul2025.25050.PUT,PUT,25050,17-Jul-2025,404.5,504.9,457.95,1,0,15.42,-100.0,2925,2325,,,,1.1150364318834205
2025-06-18 15:18:47,NIFTY.NSE.OPT.31Jul2025.25050.CALL,CALL,25050,31-Jul-2025,390.0,412.65,407.05,211,173,11.38,24.46043165467626,3675,3525,,,,-7.802944507361266
2025-06-18 15:18:47,NIFTY.NSE.OPT.31Jul2025.25050.PUT,PUT,25050,31-Jul-2025,498.0,531.9,511.75,145,156,15.69,14.705882352941176,4200,6150,,,,1.7800318217979294
2025-06-18 15:18:47,NIFTY.NSE.OPT.28Aug2025.25050.CALL,CALL,25050,28-Aug-2025,569.1,618.55,596.0,37,52,10.86,57.57575757575758,3600,4425,,,,-6.656225528582615
2025-06-18 15:18:47,NIFTY.NSE.OPT.28Aug2025.25050.PUT,PUT,25050,28-Aug-2025,564.8,626.65,590.0,1,6,16.1,20.0,6300,3825,,,,2.1556575188295466
2025-06-18 15:18:47,NIFTY.NSE.OPT.19Jun2025.25100.CALL,CALL,25100,19-Jun-2025,10.25,10.3,10.3,2401019,94063,17.37,13.010308287478674,694425,1182150,,,,-53.81165919282511
2025-06-18 15:18:47,NIFTY.NSE.OPT.19Jun2025.25100.PUT,PUT,25100,19-Jun-2025,318.95,320.4,318.95,195869,9379,22.36,-23.98897803711808,47700,16050,,,,11.326352530541008
2025-06-18 15:18:47,NIFTY.NSE.OPT.26Jun2025.25100.CALL,CALL,25100,26-Jun-2025,86.55,87.3,87.3,92669,23351,12.58,2.637246714430135,62700,123900,,,,-21.598563089357878
2025-06-18 15:18:47,NIFTY.NSE.OPT.26Jun2025.25100.PUT,PUT,25100,26-Jun-2025,372.0,375.2,375.4,14293,10185,15.71,-4.114102805498023,38775,13125,,,,9.112047667490181
2025-06-18 15:18:47,NIFTY.NSE.OPT.03Jul2025.25100.CALL,CALL,25100,03-Jul-2025,159.65,161.0,161.3,3490,1870,12.33,23.026315789473685,18900,12375,,,,-15.082916556988671
2025-06-18 15:18:47,NIFTY.NSE.OPT.03Jul2025.25100.PUT,PUT,25100,03-Jul-2025,413.65,430.7,424.55,586,848,15.65,21.48997134670487,2625,2550,,,,5.78049084340351
2025-06-18 15:18:47,NIFTY.NSE.OPT.10Jul2025.25100.CALL,CALL,25100,10-Jul-2025,226.45,228.8,230.9,253,594,12.33,4.028021015761821,13500,6900,,,,-11.106833493743983
2025-06-18 15:18:47,NIFTY.NSE.OPT.10Jul2025.25100.PUT,PUT,25100,10-Jul-2025,393.8,467.0,461.0,132,122,15.63,35.55555555555556,2550,2250,,,,3.270609318996421
2025-06-18 15:18:47,NIFTY.NSE.OPT.17Jul2025.25100.CALL,CALL,25100,17-Jul-2025,273.1,295.0,277.05,38,32,11.67,433.3333333333333,14250,2250,,,,-12.63008514664144
2025-06-18 15:18:47,NIFTY.NSE.OPT.17Jul2025.25100.PUT,PUT,25100,17-Jul-2025,406.55,566.2,478.45,0,0,0.0,0.0,3150,2775,,,,0.0
2025-06-18 15:18:47,NIFTY.NSE.OPT.31Jul2025.25100.CALL,CALL,25100,31-Jul-2025,378.1,381.35,381.75,1672,2643,11.36,3.081123244929797,7650,8400,,,,-8.51905104241553
2025-06-18 15:18:47,NIFTY.NSE.OPT.31Jul2025.25100.PUT,PUT,25100,31-Jul-2025,538.0,541.55,536.95,1657,2147,15.69,0.13992537313432835,5925,7050,,,,3.598302141616842
2025-06-18 15:18:47,NIFTY.NSE.OPT.28Aug2025.25100.CALL,CALL,25100,28-Aug-2025,552.0,593.5,570.0,82,83,10.9,118.42105263157895,2775,1350,,,,-6.702676160078573
2025-06-18 15:18:47,NIFTY.NSE.OPT.28Aug2025.25100.PUT,PUT,25100,28-Aug-2025,595.85,638.75,610.85,6,46,16.06,4.545454545454546,3600,2400,,,,0.18040180401804393
2025-06-18 15:18:47,NIFTY.NSE.OPT.19Jun2025.25150.CALL,CALL,25150,19-Jun-2025,7.3,7.4,7.4,1336748,50134,17.98,39.50524529036926,326025,620700,,,,-54.46153846153846
2025-06-18 15:18:47,NIFTY.NSE.OPT.19Jun2025.25150.PUT,PUT,25150,19-Jun-2025,366.05,367.95,366.15,26293,2387,23.83,-32.911748173130974,15150,9900,,,,10.452488687782798
2025-06-18 15:18:47,NIFTY.NSE.OPT.26Jun2025.25150.CALL,CALL,25150,26-Jun-2025,72.5,73.25,72.75,34139,6932,12.52,21.06182326231226,62700,69000,,,,-22.975119110640552
2025-06-18 15:18:47,NIFTY.NSE.OPT.26Jun2025.25150.PUT,PUT,25150,26-Jun-2025,407.05,410.95,409.9,2877,2040,15.73,-4.135338345864661,6675,9750,,,,8.712372364407894
2025-06-18 15:18:47,NIFTY.NSE.OPT.03Jul2025.25150.CALL,CALL,25150,03-Jul-2025,140.3,144.55,145.35,443,182,12.42,11.656441717791411,15750,4650,,,,-14.22248450870463
2025-06-18 15:18:47,NIFTY.NSE.OPT.03Jul2025.25150.PUT,PUT,25150,03-Jul-2025,447.4,465.8,446.2,67,33,15.17,26.923076923076923,900,750,,,,3.287037037037034
2025-06-18 15:18:47,NIFTY.NSE.OPT.10Jul2025.25150.CALL,CALL,25150,10-Jul-2025,190.55,221.85,206.25,36,52,12.13,57.57575757575758,11550,3600,,,,-13.720978874712408
2025-06-18 15:18:47,NIFTY.NSE.OPT.10Jul2025.25150.PUT,PUT,25150,10-Jul-2025,411.3,532.15,470.45,0,9,0.0,0.0,1875,1800,,,,0.021260763261393832
2025-06-18 15:18:47,NIFTY.NSE.OPT.17Jul2025.25150.CALL,CALL,25150,17-Jul-2025,242.85,280.25,261.25,6,13,11.87,44.44444444444444,12750,2925,,,,-10.927378111148997
2025-06-18 15:18:47,NIFTY.NSE.OPT.31Jul2025.25150.CALL,CALL,25150,31-Jul-2025,340.05,408.65,360.25,95,446,11.42,-3.67170626349892,2325,4200,,,,-8.122927824534564
2025-06-18 15:18:47,NIFTY.NSE.OPT.31Jul2025.25150.PUT,PUT,25150,31-Jul-2025,532.35,635.55,554.3,19,138,15.45,1.4705882352941178,1875,1125,,,,-0.6096467634929336
2025-06-18 15:18:47,NIFTY.NSE.OPT.28Aug2025.25150.CALL,CALL,25150,28-Aug-2025,517.85,576.4,544.25,7,27,10.92,17.391304347826086,4500,4500,,,,-8.973072420137143
2025-06-18 15:18:47,NIFTY.NSE.OPT.28Aug2025.25150.PUT,PUT,25150,28-Aug-2025,552.55,731.75,640.3,5,11,16.19,37.5,3675,900,,,,4.521710741103481
2025-06-18 15:18:47,NIFTY.NSE.OPT.19Jun2025.25200.CALL,CALL,25200,19-Jun-2025,5.4,5.55,5.45,2211281,126170,18.67,20.21457019265583,732000,1552350,,,,-55.144032921810705
2025-06-18 15:18:47,NIFTY.NSE.OPT.19Jun2025.25200.PUT,PUT,25200,19-Jun-2025,414.0,415.9,415.5,76969,6917,25.91,-27.47955546236108,34125,12600,,,,10.475937250731182
2025-06-18 15:18:47,NIFTY.NSE.OPT.26Jun2025.25200.CALL,CALL,25200,26-Jun-2025,60.5,61.25,60.6,137337,46195,12.5,13.006996428396693,541575,225000,,,,-23.43651295009476
2025-06-18 15:18:47,NIFTY.NSE.OPT.26Jun2025.25200.PUT,PUT,25200,26-Jun-2025,441.9,447.85,447.85,15910,13104,15.66,-0.757346258709482,39750,20475,,,,8.51708262660529
2025-06-18 15:18:47,NIFTY.NSE.OPT.03Jul2025.25200.CALL,CALL,25200,03-Jul-2025,125.05,127.3,127.1,6943,3686,12.31,17.838874680306905,18900,23550,,,,-15.548172757475086
2025-06-18 15:18:47,NIFTY.NSE.OPT.03Jul2025.25200.PUT,PUT,25200,03-Jul-2025,480.0,493.1,494.3,482,394,16.02,6.775067750677507,1350,2475,,,,7.866884888161486
2025-06-18 15:18:47,NIFTY.NSE.OPT.10Jul2025.25200.CALL,CALL,25200,10-Jul-2025,186.5,188.2,188.6,620,431,12.18,50.174216027874564,10575,3975,,,,-12.846580406654349
2025-06-18 15:18:47,NIFTY.NSE.OPT.10Jul2025.25200.PUT,PUT,25200,10-Jul-2025,523.3,526.55,522.45,111,163,15.74,31.451612903225808,2475,2175,,,,5.036188178528361
2025-06-18 15:18:47,NIFTY.NSE.OPT.17Jul2025.25200.CALL,CALL,25200,17-Jul-2025,227.1,258.3,247.5,102,99,12.12,200.0,12375,4200,,,,-10.746483952398128
2025-06-18 15:18:47,NIFTY.NSE.OPT.31Jul2025.25200.CALL,CALL,25200,31-Jul-2025,332.0,335.2,332.25,2246,3146,11.27,6.680230586639539,6450,9750,,,,-10.263335584064821
2025-06-18 15:18:47,NIFTY.NSE.OPT.31Jul2025.25200.PUT,PUT,25200,31-Jul-2025,591.1,594.8,595.0,838,1777,15.87,-1.4420410427066002,6150,5100,,,,3.776053021714481
2025-06-18 15:18:47,NIFTY.NSE.OPT.28Aug2025.25200.CALL,CALL,25200,28-Aug-2025,510.05,543.8,531.2,201,189,11.21,61.53846153846154,3375,4275,,,,-5.480427046263337
2025-06-18 15:18:47,NIFTY.NSE.OPT.28Aug2025.25200.PUT,PUT,25200,28-Aug-2025,639.65,689.15,662.0,206,234,16.14,58.108108108108105,6075,3150,,,,3.332552875985331
2025-06-18 15:18:47,NIFTY.NSE.OPT.19Jun2025.25250.CALL,CALL,25250,19-Jun-2025,4.0,4.1,4.0,1181826,54422,19.32,44.13369352190264,478650,484650,,,,-55.307262569832396
2025-06-18 15:18:47,NIFTY.NSE.OPT.19Jun2025.25250.PUT,PUT,25250,19-Jun-2025,462.3,466.15,462.3,4907,1068,26.85,-26.344827586206897,16275,5400,,,,9.252038284296358
2025-06-18 15:18:47,NIFTY.NSE.OPT.26Jun2025.25250.CALL,CALL,25250,26-Jun-2025,50.6,51.75,50.75,55146,8106,12.56,-16.989247311827956,77325,37800,,,,-23.164269492808476
2025-06-18 15:18:47,NIFTY.NSE.OPT.26Jun2025.25250.PUT,PUT,25250,26-Jun-2025,463.9,491.45,484.9,1404,888,15.93,-6.526315789473684,6300,3000,,,,8.152113304338119
2025-06-18 15:18:47,NIFTY.NSE.OPT.03Jul2025.25250.CALL,CALL,25250,03-Jul-2025,107.5,113.25,107.2,1062,244,12.26,-10.294117647058824,13425,3900,,,,-20.3270159791899
2025-06-18 15:18:47,NIFTY.NSE.OPT.03Jul2025.25250.PUT,PUT,25250,03-Jul-2025,509.9,532.65,530.6,24,19,16.21,26.666666666666668,825,1800,,,,15.097613882863344
2025-06-18 15:18:47,NIFTY.NSE.OPT.10Jul2025.25250.CALL,CALL,25250,10-Jul-2025,155.05,184.95,169.45,55,70,12.1,79.48717948717949,11475,3150,,,,-14.505549949545916
2025-06-18 15:18:47,NIFTY.NSE.OPT.10Jul2025.25250.PUT,PUT,25250,10-Jul-2025,467.4,645.05,537.05,0,29,0.0,0.0,300,900,,,,0.0
2025-06-18 15:18:47,NIFTY.NSE.OPT.17Jul2025.25250.CALL,CALL,25250,17-Jul-2025,201.3,241.85,228.0,13,36,12.11,16.129032258064516,12675,3600,,,,-11.301303248395257
2025-06-18 15:18:47,NIFTY.NSE.OPT.31Jul2025.25250.CALL,CALL,25250,31-Jul-2025,45.4,320.05,312.55,93,195,11.32,-8.018867924528301,3900,3675,,,,-9.8760092272203
2025-06-18 15:18:47,NIFTY.NSE.OPT.31Jul2025.25250.PUT,PUT,25250,31-Jul-2025,593.0,700.1,621.0,27,115,15.83,3.6036036036036037,75,4050,,,,3.517252875479251
2025-06-18 15:18:47,NIFTY.NSE.OPT.28Aug2025.25250.CALL,CALL,25250,28-Aug-2025,464.65,525.1,501.4,27,28,11.1,600.0,1800,5025,,,,-8.000000000000004
2025-06-18 15:18:47,NIFTY.NSE.OPT.28Aug2025.25250.PUT,PUT,25250,28-Aug-2025,642.1,788.65,667.4,29,41,15.7,192.85714285714286,1875,900,,,,-2.176621473067061
2025-06-18 15:18:47,NIFTY.NSE.OPT.19Jun2025.25300.CALL,CALL,25300,19-Jun-2025,2.9,3.1,2.9,1827425,127767,19.96,29.536468154997262,1711725,877950,,,,-56.390977443609025
2025-06-18 15:18:47,NIFTY.NSE.OPT.19Jun2025.25300.PUT,PUT,25300,19-Jun-2025,511.5,513.95,512.0,13341,1388,28.87,-28.15734989648033,21750,9675,,,,8.624164633499518
2025-06-18 15:18:47,NIFTY.NSE.OPT.26Jun2025.25300.CALL,CALL,25300,26-Jun-2025,41.5,42.3,41.6,116909,29206,12.6,7.005202608631934,206400,113400,,,,-24.637681159420293
2025-06-18 15:18:47,NIFTY.NSE.OPT.26Jun2025.25300.PUT,PUT,25300,26-Jun-2025,521.4,530.0,527.0,4510,4663,16.28,-2.6310294424723324,7275,6675,,,,7.980739678311647
2025-06-18 15:18:47,NIFTY.NSE.OPT.03Jul2025.25300.CALL,CALL,25300,03-Jul-2025,95.25,96.95,96.75,4681,2703,12.19,100.22222222222223,18525,11850,,,,-16.845724108293936
2025-06-18 15:18:47,NIFTY.NSE.OPT.03Jul2025.25300.PUT,PUT,25300,03-Jul-2025,545.0,569.95,560.5,95,201,15.98,4.1450777202072535,1275,1500,,,,6.569065500522854
2025-06-18 15:18:47,NIFTY.NSE.OPT.10Jul2025.25300.CALL,CALL,25300,10-Jul-2025,151.0,153.8,153.25,410,294,12.1,4.6263345195729535,11100,2550,,,,-13.637644406875172
2025-06-18 15:18:47,NIFTY.NSE.OPT.10Jul2025.25300.PUT,PUT,25300,10-Jul-2025,532.7,642.8,577.75,61,361,15.42,-0.27624309392265195,1200,2175,,,,1.5021082220660495
2025-06-18 15:18:47,NIFTY.NSE.OPT.17Jul2025.25300.CALL,CALL,25300,17-Jul-2025,195.0,220.45,205.7,67,31,11.95,63.1578947368421,12900,4125,,,,-13.915044988491317
2025-06-18 15:18:47,NIFTY.NSE.OPT.31Jul2025.25300.CALL,CALL,25300,31-Jul-2025,289.55,292.65,284.8,1557,1902,11.11,4.62046204620462,11325,10275,,,,-11.97651058569
2025-06-18 15:18:47,NIFTY.NSE.OPT.31Jul2025.25300.PUT,PUT,25300,31-Jul-2025,647.5,651.3,647.9,269,782,15.8,3.576158940397351,2550,4050,,,,3.0211480362537766
2025-06-18 15:18:47,NIFTY.NSE.OPT.28Aug2025.25300.CALL,CALL,25300,28-Aug-2025,448.4,496.1,481.3,36,103,11.2,3.0,2700,3600,,,,-4.730799683293741
2025-06-18 15:18:47,NIFTY.NSE.OPT.28Aug2025.25300.PUT,PUT,25300,28-Aug-2025,674.5,755.4,717.65,32,82,16.28,6.4935064935064934,600,1650,,,,3.5868937644341834
2025-06-18 15:18:47,NIFTY.NSE.OPT.19Jun2025.25350.CALL,CALL,25350,19-Jun-2025,2.25,2.4,2.3,1002810,41017,20.75,-7.024662254057485,482400,251775,,,,-55.33980582524273
2025-06-18 15:18:47,NIFTY.NSE.OPT.19Jun2025.25350.PUT,PUT,25350,19-Jun-2025,556.1,569.05,558.0,942,311,28.98,-8.529411764705882,14700,1425,,,,7.483386304536266
2025-06-18 15:18:47,NIFTY.NSE.OPT.26Jun2025.25350.CALL,CALL,25350,26-Jun-2025,34.55,35.0,34.5,44599,4820,12.6,24.066924066924066,108675,37125,,,,-24.83660130718954
2025-06-18 15:18:47,NIFTY.NSE.OPT.26Jun2025.25350.PUT,PUT,25350,26-Jun-2025,541.1,577.45,568.35,139,524,16.48,-5.244122965641953,2625,2550,,,,7.958970462532049
2025-06-18 15:18:47,NIFTY.NSE.OPT.03Jul2025.25350.CALL,CALL,25350,03-Jul-2025,80.7,84.0,84.0,673,336,12.14,60.0,12750,7350,,,,-17.88856304985337
2025-06-18 15:18:47,NIFTY.NSE.OPT.03Jul2025.25350.PUT,PUT,25350,03-Jul-2025,580.45,606.05,492.65,0,11,0.0,0.0,900,1650,,,,0.0
2025-06-18 15:18:47,NIFTY.NSE.OPT.10Jul2025.25350.CALL,CALL,25350,10-Jul-2025,20.95,150.5,137.7,36,43,12.07,86.95652173913044,9000,2700,,,,-12.460267005721565
2025-06-18 15:18:47,NIFTY.NSE.OPT.10Jul2025.25350.PUT,PUT,25350,10-Jul-2025,433.65,0.0,631.0,3,3,16.33,50.0,900,0,,,,9.358752166377817
2025-06-18 15:18:47,NIFTY.NSE.OPT.17Jul2025.25350.CALL,CALL,25350,17-Jul-2025,55.5,205.35,189.0,7,17,11.96,41.666666666666664,12600,3600,,,,-11.392405063291145
2025-06-18 15:18:47,NIFTY.NSE.OPT.31Jul2025.25350.CALL,CALL,25350,31-Jul-2025,256.05,286.75,272.2,135,225,11.32,-1.3157894736842106,8250,3300,,,,-10.298236941835558
2025-06-18 15:18:47,NIFTY.NSE.OPT.31Jul2025.25350.PUT,PUT,25350,31-Jul-2025,583.85,907.2,680.5,18,278,15.92,1.4598540145985401,1275,1800,,,,4.3711656441717786
2025-06-18 15:18:47,NIFTY.NSE.OPT.28Aug2025.25350.CALL,CALL,25350,28-Aug-2025,421.15,479.95,449.05,5,4,10.99,100.0,2700,3600,,,,-6.884396060134783
2025-06-18 15:18:47,NIFTY.NSE.OPT.28Aug2025.25350.PUT,PUT,25350,28-Aug-2025,524.95,974.15,719.3,8,20,15.73,66.66666666666667,1800,1800,,,,-1.8957992362247804
2025-06-18 15:18:47,NIFTY.NSE.OPT.19Jun2025.25400.CALL,CALL,25400,19-Jun-2025,1.9,2.0,1.9,1311383,75956,21.69,11.410006307112369,527475,405075,,,,-52.5
2025-06-18 15:18:47,NIFTY.NSE.OPT.19Jun2025.25400.PUT,PUT,25400,19-Jun-2025,611.25,614.05,612.0,8901,1846,33.04,98.92241379310344,19350,6075,,,,7.604395604395604
2025-06-18 15:18:47,NIFTY.NSE.OPT.26Jun2025.25400.CALL,CALL,25400,26-Jun-2025,28.0,28.3,28.0,85803,21140,12.6,9.109677419354838,110850,144975,,,,-25.43275632490013
2025-06-18 15:18:47,NIFTY.NSE.OPT.26Jun2025.25400.PUT,PUT,25400,26-Jun-2025,611.0,614.0,612.25,1586,1061,16.85,-4.241877256317689,3825,3225,,,,7.61051058968274
2025-06-18 15:18:47,NIFTY.NSE.OPT.03Jul2025.25400.CALL,CALL,25400,03-Jul-2025,70.7,74.0,70.45,4968,3193,11.96,10.75268817204301,18300,10500,,,,-20.35048049745619
2025-06-18 15:18:47,NIFTY.NSE.OPT.03Jul2025.25400.PUT,PUT,25400,03-Jul-2025,0.0,641.8,629.7,36,391,15.86,-1.7587939698492463,0,1575,,,,6.728813559322042
2025-06-18 15:18:47,NIFTY.NSE.OPT.10Jul2025.25400.CALL,CALL,25400,10-Jul-2025,114.55,124.95,124.2,212,144,12.09,92.0,10875,3525,,,,-13.237862382116663
2025-06-18 15:18:47,NIFTY.NSE.OPT.10Jul2025.25400.PUT,PUT,25400,10-Jul-2025,470.05,743.45,0.0,0,0,0.0,0.0,900,900,,,,0.0
2025-06-18 15:18:47,NIFTY.NSE.OPT.17Jul2025.25400.CALL,CALL,25400,17-Jul-2025,160.0,189.65,171.65,46,55,11.9,5.769230769230769,11025,4275,,,,-11.452153727108584
2025-06-18 15:18:47,NIFTY.NSE.OPT.31Jul2025.25400.CALL,CALL,25400,31-Jul-2025,251.35,253.8,251.25,1613,1686,11.25,8.42443729903537,15075,6600,,,,-11.187698833510067
2025-06-18 15:18:47,NIFTY.NSE.OPT.31Jul2025.25400.PUT,PUT,25400,31-Jul-2025,654.4,732.2,709.35,271,394,15.91,1.5463917525773196,1950,2850,,,,3.479212253829325
2025-06-18 15:18:47,NIFTY.NSE.OPT.28Aug2025.25400.CALL,CALL,25400,28-Aug-2025,425.2,476.85,433.0,28,114,11.14,14.0,3825,3675,,,,-3.7777777777777777
2025-06-18 15:18:47,NIFTY.NSE.OPT.28Aug2025.25400.PUT,PUT,25400,28-Aug-2025,752.65,906.1,773.65,35,37,16.37,76.19047619047619,3750,2700,,,,3.65085744908896
2025-06-18 15:18:47,NIFTY.NSE.OPT.19Jun2025.25450.CALL,CALL,25450,19-Jun-2025,1.6,1.75,1.7,923977,40140,22.84,65.34168142686494,695775,238350,,,,-47.69230769230769
2025-06-18 15:18:47,NIFTY.NSE.OPT.19Jun2025.25450.PUT,PUT,25450,19-Jun-2025,656.35,667.4,658.45,537,199,33.18,-21.343873517786562,12525,1800,,,,6.778561582745491
2025-06-18 15:18:47,NIFTY.NSE.OPT.26Jun2025.25450.CALL,CALL,25450,26-Jun-2025,22.9,23.3,23.3,23846,4563,12.72,55.15130907854471,114900,26625,,,,-25.559105431309902
2025-06-18 15:18:47,NIFTY.NSE.OPT.26Jun2025.25450.PUT,PUT,25450,26-Jun-2025,577.9,734.65,657.1,179,231,17.25,1.3157894736842106,1800,1350,,,,7.527409589265259
2025-06-18 15:18:47,NIFTY.NSE.OPT.03Jul2025.25450.CALL,CALL,25450,03-Jul-2025,60.55,63.0,65.05,747,318,12.26,33.61344537815126,11475,2400,,,,-15.078328981723235
2025-06-18 15:18:47,NIFTY.NSE.OPT.03Jul2025.25450.PUT,PUT,25450,03-Jul-2025,0.0,0.0,643.75,0,8,0.0,0.0,0,0,,,,1.0834576430870655
2025-06-18 15:18:47,NIFTY.NSE.OPT.10Jul2025.25450.CALL,CALL,25450,10-Jul-2025,76.9,142.75,109.75,12,13,12.0,8.333333333333334,10800,2700,,,,-18.703703703703702
2025-06-18 15:18:47,NIFTY.NSE.OPT.17Jul2025.25450.CALL,CALL,25450,17-Jul-2025,73.2,177.8,151.95,10,17,11.71,30.76923076923077,14400,3675,,,,-14.682762492981475
2025-06-18 15:18:47,NIFTY.NSE.OPT.31Jul2025.25450.CALL,CALL,25450,31-Jul-2025,25.4,247.8,235.05,91,110,11.3,66.66666666666667,12600,2325,,,,-11.2851481411587
2025-06-18 15:18:47,NIFTY.NSE.OPT.31Jul2025.25450.PUT,PUT,25450,31-Jul-2025,0.0,0.0,732.1,2,44,15.69,2.3255813953488373,0,0,,,,0.7222948338721882
2025-06-18 15:18:47,NIFTY.NSE.OPT.28Aug2025.25450.CALL,CALL,25450,28-Aug-2025,392.0,440.8,405.6,4,6,11.02,50.0,3600,3600,,,,-8.037637456070737
2025-06-18 15:18:47,NIFTY.NSE.OPT.28Aug2025.25450.PUT,PUT,25450,28-Aug-2025,561.4,1097.15,724.4,0,2,0.0,0.0,1800,1800,,,,0.0
2025-06-18 15:18:47,NIFTY.NSE.OPT.19Jun2025.25500.CALL,CALL,25500,19-Jun-2025,1.45,1.7,1.65,1796370,179365,24.23,37.18269355788572,838050,1074450,,,,-40.0
2025-06-18 15:18:47,NIFTY.NSE.OPT.19Jun2025.25500.PUT,PUT,25500,19-Jun-2025,711.0,713.4,711.95,7190,2133,37.07,-27.027027027027028,29100,12825,,,,6.523528091568792
2025-06-18 15:18:47,NIFTY.NSE.OPT.26Jun2025.25500.CALL,CALL,25500,26-Jun-2025,19.25,19.45,19.3,163713,66947,12.82,2.9415382722883416,292350,617325,,,,-24.902723735408554
2025-06-18 15:18:47,NIFTY.NSE.OPT.26Jun2025.25500.PUT,PUT,25500,26-Jun-2025,703.75,707.95,703.0,8551,9770,17.71,-1.5220239895171859,10050,6150,,,,6.952685227445618
2025-06-18 15:18:47,NIFTY.NSE.OPT.03Jul2025.25500.CALL,CALL,25500,03-Jul-2025,53.0,55.1,54.0,11875,4424,12.16,33.85779122541604,40275,24900,,,,-19.101123595505616
2025-06-18 15:18:47,NIFTY.NSE.OPT.03Jul2025.25500.PUT,PUT,25500,03-Jul-2025,712.45,789.6,712.45,231,438,16.34,6.829268292682927,1275,225,,,,5.28299098566573
2025-06-18 15:18:47,NIFTY.NSE.OPT.10Jul2025.25500.CALL,CALL,25500,10-Jul-2025,95.0,97.0,96.0,1315,749,11.89,71.78899082568807,14175,11325,,,,-17.490330898152123
2025-06-18 15:18:47,NIFTY.NSE.OPT.10Jul2025.25500.PUT,PUT,25500,10-Jul-2025,0.0,0.0,0.0,0,0,0.0,0.0,0,0,,,,0.0
2025-06-18 15:18:47,NIFTY.NSE.OPT.17Jul2025.25500.CALL,CALL,25500,17-Jul-2025,136.0,143.1,140.9,153,138,11.82,105.97014925373135,12150,8475,,,,-12.782420303311671
2025-06-18 15:18:47,NIFTY.NSE.OPT.17Jul2025.25500.PUT,PUT,25500,17-Jul-2025,0.0,0.0,0.0,0,0,0.0,0.0,0,0,,,,0.0
2025-06-18 15:18:47,NIFTY.NSE.OPT.31Jul2025.25500.CALL,CALL,25500,31-Jul-2025,215.5,216.0,216.8,24696,19285,11.26,26.169447170428526,28950,25275,,,,-11.455993465386966
2025-06-18 15:18:47,NIFTY.NSE.OPT.31Jul2025.25500.PUT,PUT,25500,31-Jul-2025,771.8,772.7,770.65,2611,6784,15.94,-1.2661912385387861,6600,9975,,,,2.986770012027265
2025-06-18 15:18:47,NIFTY.NSE.OPT.28Aug2025.25500.CALL,CALL,25500,28-Aug-2025,388.0,388.2,388.2,1341,1673,11.1,6.020278833967047,7425,8625,,,,-7.703281027104144
2025-06-18 15:18:47,NIFTY.NSE.OPT.28Aug2025.25500.PUT,PUT,25500,28-Aug-2025,816.9,829.7,825.65,603,1277,16.33,28.98989898989899,5025,8850,,,,2.5397416790859326
2025-06-18 15:18:47,NIFTY.NSE.OPT.19Jun2025.25550.CALL,CALL,25550,19-Jun-2025,1.35,1.45,1.45,524901,33010,25.25,34.88334082458219,287175,209625,,,,-36.95652173913043
2025-06-18 15:18:47,NIFTY.NSE.OPT.19Jun2025.25550.PUT,PUT,25550,19-Jun-2025,756.15,769.15,750.75,42,142,31.26,-7.189542483660131,3975,1425,,,,5.346242896232376
2025-06-18 15:18:47,NIFTY.NSE.OPT.26Jun2025.25550.CALL,CALL,25550,26-Jun-2025,15.1,15.7,15.75,24854,5209,12.9,26.370693837942746,152475,32100,,,,-25.35545023696683
2025-06-18 15:18:47,NIFTY.NSE.OPT.26Jun2025.25550.PUT,PUT,25550,26-Jun-2025,667.7,951.55,747.0,36,134,17.9,-2.18978102189781,375,1800,,,,6.025122418565048
2025-06-18 15:18:47,NIFTY.NSE.OPT.03Jul2025.25550.CALL,CALL,25550,03-Jul-2025,44.5,47.3,47.1,779,517,12.14,7.708333333333333,16950,4575,,,,-17.44084136722173
2025-06-18 15:18:47,NIFTY.NSE.OPT.03Jul2025.25550.PUT,PUT,25550,03-Jul-2025,0.0,0.0,701.95,0,6,0.0,0.0,0,0,,,,-2.071707589285702
2025-06-18 15:18:47,NIFTY.NSE.OPT.10Jul2025.25550.CALL,CALL,25550,10-Jul-2025,77.0,92.6,89.3,30,39,12.11,2.6315789473684212,11100,3300,,,,-14.627151051625237
2025-06-18 15:18:47,NIFTY.NSE.OPT.17Jul2025.25550.CALL,CALL,25550,17-Jul-2025,107.95,150.45,127.35,11,10,11.79,25.0,11400,4200,,,,-12.744090441932165
2025-06-18 15:18:47,NIFTY.NSE.OPT.31Jul2025.25550.CALL,CALL,25550,31-Jul-2025,190.4,210.95,200.45,192,135,11.24,25.0,13725,2400,,,,-12.121876370013155
2025-06-18 15:18:47,NIFTY.NSE.OPT.31Jul2025.25550.PUT,PUT,25550,31-Jul-2025,629.55,931.3,793.2,6,28,15.67,12.0,1800,900,,,,1.4581734458941022
2025-06-18 15:18:47,NIFTY.NSE.OPT.28Aug2025.25550.CALL,CALL,25550,28-Aug-2025,365.0,386.55,365.0,8,12,11.03,20.0,1875,5400,,,,-8.440988335632756
2025-06-18 15:18:47,NIFTY.NSE.OPT.28Aug2025.25550.PUT,PUT,25550,28-Aug-2025,642.2,1122.1,774.75,0,3,0.0,0.0,1800,2250,,,,-0.11603171533552212
2025-06-18 15:18:47,NIFTY.NSE.OPT.19Jun2025.25600.CALL,CALL,25600,19-Jun-2025,1.2,1.3,1.25,784777,82503,26.17,22.4697918831458,977625,288600,,,,-35.8974358974359
2025-06-18 15:18:47,NIFTY.NSE.OPT.19Jun2025.25600.PUT,PUT,25600,19-Jun-2025,809.8,812.05,810.0,202,166,39.88,-22.429906542056074,4425,3525,,,,5.65447074936412
2025-06-18 15:18:47,NIFTY.NSE.OPT.26Jun2025.25600.CALL,CALL,25600,26-Jun-2025,12.25,12.55,12.3,63047,20999,12.85,23.089097303634233,174075,97425,,,,-27.433628318584063
2025-06-18 15:18:47,NIFTY.NSE.OPT.26Jun2025.25600.PUT,PUT,25600,26-Jun-2025,706.35,892.95,795.0,222,719,18.51,-2.17687074829932,2250,2250,,,,6.283422459893048
2025-06-18 15:18:47,NIFTY.NSE.OPT.03Jul2025.25600.CALL,CALL,25600,03-Jul-2025,38.65,40.45,40.25,6827,3563,12.14,51.16673737802291,77850,11925,,,,-19.338677354709414
2025-06-18 15:18:47,NIFTY.NSE.OPT.03Jul2025.25600.PUT,PUT,25600,03-Jul-2025,704.5,0.0,805.5,32,50,17.35,25.0,525,0,,,,6.653426017874876
2025-06-18 15:18:47,NIFTY.NSE.OPT.10Jul2025.25600.CALL,CALL,25600,10-Jul-2025,70.35,88.9,76.55,212,197,11.93,18.674698795180724,12450,7425,,,,-16.61220043572985
2025-06-18 15:18:47,NIFTY.NSE.OPT.17Jul2025.25600.CALL,CALL,25600,17-Jul-2025,100.0,117.8,115.05,190,123,11.77,151.0204081632653,14475,3750,,,,-10.18735362997658
2025-06-18 15:18:47,NIFTY.NSE.OPT.31Jul2025.25600.CALL,CALL,25600,31-Jul-2025,184.0,189.75,186.75,1878,1804,11.29,0.8948545861297539,15000,5250,,,,-12.200282087447103
2025-06-18 15:18:47,NIFTY.NSE.OPT.31Jul2025.25600.PUT,PUT,25600,31-Jul-2025,826.0,965.2,850.3,150,624,16.45,2.9702970297029703,1875,1275,,,,4.459459459459454
2025-06-18 15:18:47,NIFTY.NSE.OPT.28Aug2025.25600.CALL,CALL,25600,28-Aug-2025,342.0,369.35,350.5,10,24,11.15,20.0,3675,3600,,,,-6.955136713565169
2025-06-18 15:18:47,NIFTY.NSE.OPT.28Aug2025.25600.PUT,PUT,25600,28-Aug-2025,786.0,1016.5,803.65,0,2,0.0,0.0,3675,1200,,,,0.0
2025-06-18 15:18:47,NIFTY.NSE.OPT.19Jun2025.25650.CALL,CALL,25650,19-Jun-2025,1.1,1.25,1.2,315540,24893,27.43,9.516058073031235,368100,117825,,,,-29.411764705882355
2025-06-18 15:18:47,NIFTY.NSE.OPT.19Jun2025.25650.PUT,PUT,25650,19-Jun-2025,852.45,869.1,860.0,30,93,41.79,-12.264150943396226,1275,1275,,,,5.618667485416027
2025-06-18 15:18:47,NIFTY.NSE.OPT.26Jun2025.25650.CALL,CALL,25650,26-Jun-2025,10.1,10.45,10.15,12272,3496,12.98,31.23123123123123,113100,35700,,,,-28.521126760563376
2025-06-18 15:18:47,NIFTY.NSE.OPT.26Jun2025.25650.PUT,PUT,25650,26-Jun-2025,756.65,849.5,855.35,80,117,20.57,3.5398230088495577,375,2400,,,,8.726325155713738
2025-06-18 15:18:47,NIFTY.NSE.OPT.03Jul2025.25650.CALL,CALL,25650,03-Jul-2025,32.3,34.1,33.8,686,960,12.08,-13.591359135913592,33825,5025,,,,-18.944844124700253
2025-06-18 15:18:47,NIFTY.NSE.OPT.03Jul2025.25650.PUT,PUT,25650,03-Jul-2025,0.0,0.0,708.6,0,7,0.0,0.0,0,0,,,,0.0
2025-06-18 15:18:47,NIFTY.NSE.OPT.10Jul2025.25650.CALL,CALL,25650,10-Jul-2025,66.0,68.85,68.5,43,57,11.98,3.6363636363636362,13050,2775,,,,-15.170278637770899
2025-06-18 15:18:47,NIFTY.NSE.OPT.17Jul2025.25650.CALL,CALL,25650,17-Jul-2025,59.2,145.6,0.0,0,0,0.0,0.0,3600,2400,,,,0.0
2025-06-18 15:18:47,NIFTY.NSE.OPT.31Jul2025.25650.CALL,CALL,25650,31-Jul-2025,162.1,176.45,173.4,182,148,11.32,0.6802721088435374,14700,2175,,,,-12.135799341271847
2025-06-18 15:18:47,NIFTY.NSE.OPT.31Jul2025.25650.PUT,PUT,25650,31-Jul-2025,768.75,932.7,806.0,0,17,0.0,0.0,75,1875,,,,0.0
2025-06-18 15:18:47,NIFTY.NSE.OPT.28Aug2025.25650.CALL,CALL,25650,28-Aug-2025,300.4,353.5,327.15,5,8,11.04,100.0,4500,3600,,,,-9.087119633180505
2025-06-18 15:18:47,NIFTY.NSE.OPT.28Aug2025.25650.PUT,PUT,25650,28-Aug-2025,701.25,1213.35,831.35,0,2,0.0,0.0,1800,1800,,,,0.0
2025-06-18 15:18:47,NIFTY.NSE.OPT.19Jun2025.25700.CALL,CALL,25700,19-Jun-2025,1.1,1.2,1.1,579387,73475,28.81,22.908999665439946,1066575,199050,,,,-26.66666666666666
2025-06-18 15:18:47,NIFTY.NSE.OPT.19Jun2025.25700.PUT,PUT,25700,19-Jun-2025,907.6,919.35,907.35,165,149,41.91,-31.65137614678899,2775,1650,,,,4.641909814323608
2025-06-18 15:18:47,NIFTY.NSE.OPT.26Jun2025.25700.CALL,CALL,25700,26-Jun-2025,8.2,8.5,8.5,81572,23704,13.15,85.173033356769,292425,79725,,,,-27.35042735042735
2025-06-18 15:18:47,NIFTY.NSE.OPT.26Jun2025.25700.PUT,PUT,25700,26-Jun-2025,889.15,933.0,889.35,349,550,19.43,-7.563025210084033,2175,1950,,,,5.204944697462589
2025-06-18 15:18:47,NIFTY.NSE.OPT.03Jul2025.25700.CALL,CALL,25700,03-Jul-2025,28.35,29.1,29.05,7082,2620,12.13,73.28042328042328,115875,10800,,,,-19.41747572815533
2025-06-18 15:18:47,NIFTY.NSE.OPT.03Jul2025.25700.PUT,PUT,25700,03-Jul-2025,0.0,0.0,739.15,0,4,0.0,0.0,0,0,,,,0.0
2025-06-18 15:18:47,NIFTY.NSE.OPT.10Jul2025.25700.CALL,CALL,25700,10-Jul-2025,57.95,69.95,59.15,213,170,11.89,-13.705583756345177,17625,1875,,,,-17.90423317140874
2025-06-18 15:18:47,NIFTY.NSE.OPT.17Jul2025.25700.CALL,CALL,25700,17-Jul-2025,54.05,142.3,0.0,0,0,0.0,0.0,5400,1500,,,,0.0
2025-06-18 15:18:47,NIFTY.NSE.OPT.31Jul2025.25700.CALL,CALL,25700,31-Jul-2025,156.0,158.5,156.15,2201,1896,11.18,10.87719298245614,24750,1275,,,,-14.250411861614493
2025-06-18 15:18:47,NIFTY.NSE.OPT.31Jul2025.25700.PUT,PUT,25700,31-Jul-2025,897.85,925.1,911.95,70,131,16.33,-10.273972602739725,1950,2100,,,,3.6306818181818232
2025-06-18 15:18:47,NIFTY.NSE.OPT.28Aug2025.25700.CALL,CALL,25700,28-Aug-2025,308.85,330.55,316.25,42,147,11.21,22.5,3675,4575,,,,-9.032072486696384
2025-06-18 15:18:47,NIFTY.NSE.OPT.28Aug2025.25700.PUT,PUT,25700,28-Aug-2025,919.8,1003.8,869.0,0,11,0.0,0.0,4050,4650,,,,0.0
2025-06-18 15:18:47,NIFTY.NSE.OPT.19Jun2025.25750.CALL,CALL,25750,19-Jun-2025,1.0,1.1,1.0,199824,28501,29.87,6.335111741222997,324975,175725,,,,-31.034482758620683
2025-06-18 15:18:47,NIFTY.NSE.OPT.19Jun2025.25750.PUT,PUT,25750,19-Jun-2025,951.05,969.7,959.1,37,40,44.94,-13.043478260869565,1275,1275,,,,5.1933095695091875
2025-06-18 15:18:47,NIFTY.NSE.OPT.26Jun2025.25750.CALL,CALL,25750,26-Jun-2025,6.9,7.15,6.95,17151,5545,13.26,48.93902766586086,100875,26250,,,,-29.441624365482227
2025-06-18 15:18:47,NIFTY.NSE.OPT.26Jun2025.25750.PUT,PUT,25750,26-Jun-2025,754.75,1143.05,927.55,4,78,18.52,-1.2658227848101267,2175,1800,,,,5.140557696667412
2025-06-18 15:18:47,NIFTY.NSE.OPT.03Jul2025.25750.CALL,CALL,25750,03-Jul-2025,23.65,25.95,24.8,734,253,12.16,97.65625,30525,3000,,,,-19.08646003262642
2025-06-18 15:18:47,NIFTY.NSE.OPT.03Jul2025.25750.PUT,PUT,25750,03-Jul-2025,0.0,0.0,777.5,0,1,0.0,0.0,0,0,,,,0.0
2025-06-18 15:18:47,NIFTY.NSE.OPT.10Jul2025.25750.CALL,CALL,25750,10-Jul-2025,48.9,56.35,53.5,106,98,11.99,4.25531914893617,18975,3300,,,,-17.11851278079008
2025-06-18 15:18:47,NIFTY.NSE.OPT.17Jul2025.25750.CALL,CALL,25750,17-Jul-2025,45.6,0.0,0.0,0,0,0.0,0.0,5400,0,,,,0.0
2025-06-18 15:18:47,NIFTY.NSE.OPT.31Jul2025.25750.CALL,CALL,25750,31-Jul-2025,136.25,150.2,145.85,314,233,11.26,52.287581699346404,17100,3375,,,,-13.21035406129129
2025-06-18 15:18:47,NIFTY.NSE.OPT.31Jul2025.25750.PUT,PUT,25750,31-Jul-2025,920.65,988.6,930.0,20,21,15.82,40.0,1950,1875,,,,2.0968273136458473
2025-06-18 15:18:47,NIFTY.NSE.OPT.28Aug2025.25750.CALL,CALL,25750,28-Aug-2025,292.5,324.0,292.4,5,12,11.06,33.333333333333336,975,900,,,,-11.393939393939402
2025-06-18 15:18:47,NIFTY.NSE.OPT.28Aug2025.25750.PUT,PUT,25750,28-Aug-2025,741.65,1303.85,889.15,0,3,0.0,0.0,1800,1800,,,,0.011247961307015662
2025-06-18 15:18:47,NIFTY.NSE.OPT.19Jun2025.25800.CALL,CALL,25800,19-Jun-2025,1.0,1.1,1.05,492225,84450,31.05,35.894052523171986,1076775,194625,,,,-19.23076923076923
2025-06-18 15:18:47,NIFTY.NSE.OPT.19Jun2025.25800.PUT,PUT,25800,19-Jun-2025,1002.25,1014.65,1009.35,155,129,46.95,-2.272727272727273,1725,1725,,,,4.153338148797854
2025-06-18 15:18:47,NIFTY.NSE.OPT.26Jun2025.25800.CALL,CALL,25800,26-Jun-2025,5.9,6.05,6.0,69695,21582,13.5,24.628977305537912,300900,99750,,,,-25.925925925925924
2025-06-18 15:18:47,NIFTY.NSE.OPT.26Jun2025.25800.PUT,PUT,25800,26-Jun-2025,987.55,998.0,987.05,329,383,20.69,-14.125560538116591,2475,2100,,,,5.246041477848262
2025-06-18 15:18:47,NIFTY.NSE.OPT.03Jul2025.25800.CALL,CALL,25800,03-Jul-2025,20.0,20.8,20.35,7441,2350,12.09,25.601282736504544,134325,8700,,,,-23.782771535580515
2025-06-18 15:18:47,NIFTY.NSE.OPT.03Jul2025.25800.PUT,PUT,25800,03-Jul-2025,0.0,0.0,819.7,0,1,0.0,0.0,0,0,,,,0.0
2025-06-18 15:18:47,NIFTY.NSE.OPT.10Jul2025.25800.CALL,CALL,25800,10-Jul-2025,42.45,52.1,45.0,451,330,11.84,52.77777777777778,22200,3825,,,,-18.991899189918986
2025-06-18 15:18:47,NIFTY.NSE.OPT.17Jul2025.25800.CALL,CALL,25800,17-Jul-2025,56.95,0.0,0.0,0,0,0.0,0.0,7200,0,,,,0.0
2025-06-18 15:18:47,NIFTY.NSE.OPT.31Jul2025.25800.CALL,CALL,25800,31-Jul-2025,131.7,133.4,133.45,3498,3152,11.23,5.5592766242464835,19275,7275,,,,-13.344155844155853
2025-06-18 15:18:47,NIFTY.NSE.OPT.31Jul2025.25800.PUT,PUT,25800,31-Jul-2025,971.75,1003.0,979.25,125,428,16.3,6.20347394540943,2175,2175,,,,2.932674620276447
2025-06-18 15:18:47,NIFTY.NSE.OPT.28Aug2025.25800.CALL,CALL,25800,28-Aug-2025,274.6,296.05,273.8,35,63,11.01,21.153846153846153,4500,4575,,,,-10.552107154524668
2025-06-18 15:18:47,NIFTY.NSE.OPT.28Aug2025.25800.PUT,PUT,25800,28-Aug-2025,987.55,1059.15,950.0,2,11,15.14,22.22222222222222,2850,3000,,,,3.485838779956427
2025-06-18 15:18:47,NIFTY.NSE.OPT.19Jun2025.25850.CALL,CALL,25850,19-Jun-2025,0.9,1.05,0.95,151331,24714,32.0,12.63843945125564,376200,116700,,,,-20.833333333333336
2025-06-18 15:18:47,NIFTY.NSE.OPT.19Jun2025.25850.PUT,PUT,25850,19-Jun-2025,1012.25,1106.5,1018.85,32,69,0.0,-6.756756756756757,1275,900,,,,0.23611589355108242
2025-06-18 15:18:47,NIFTY.NSE.OPT.26Jun2025.25850.CALL,CALL,25850,26-Jun-2025,5.2,5.3,5.4,12379,2930,13.83,36.34248487668683,116625,15675,,,,-21.167883211678824
2025-06-18 15:18:47,NIFTY.NSE.OPT.26Jun2025.25850.PUT,PUT,25850,26-Jun-2025,944.0,1241.2,991.7,0,44,0.0,0.0,1575,1800,,,,0.0
2025-06-18 15:18:47,NIFTY.NSE.OPT.03Jul2025.25850.CALL,CALL,25850,03-Jul-2025,16.9,17.5,17.0,231,108,12.08,14.893617021276595,45300,3750,,,,-24.611973392461202
2025-06-18 15:18:47,NIFTY.NSE.OPT.03Jul2025.25850.PUT,PUT,25850,03-Jul-2025,0.0,0.0,863.0,0,1,0.0,0.0,0,0,,,,0.0
2025-06-18 15:18:47,NIFTY.NSE.OPT.10Jul2025.25850.CALL,CALL,25850,10-Jul-2025,29.65,63.25,0.0,0,0,0.0,0.0,21450,750,,,,0.0
2025-06-18 15:18:47,NIFTY.NSE.OPT.17Jul2025.25850.CALL,CALL,25850,17-Jul-2025,49.85,107.1,0.0,0,0,0.0,0.0,7200,1575,,,,0.0
2025-06-18 15:18:47,NIFTY.NSE.OPT.31Jul2025.25850.CALL,CALL,25850,31-Jul-2025,115.6,126.1,123.6,329,159,11.28,37.06896551724138,15675,2175,,,,-12.988384371700118
2025-06-18 15:18:47,NIFTY.NSE.OPT.31Jul2025.25850.PUT,PUT,25850,31-Jul-2025,997.0,1064.6,1026.8,17,18,16.72,12.5,2025,1875,,,,12.0165821196749
2025-06-18 15:18:47,NIFTY.NSE.OPT.28Aug2025.25850.CALL,CALL,25850,28-Aug-2025,220.2,305.55,262.0,20,25,11.11,78.57142857142857,2175,900,,,,-8.74259839777082
2025-06-18 15:18:47,NIFTY.NSE.OPT.28Aug2025.25850.PUT,PUT,25850,28-Aug-2025,0.0,0.0,1022.65,1,4,16.13,-20.0,0,0,,,,7.772157234692803
2025-06-18 15:18:47,NIFTY.NSE.OPT.19Jun2025.25900.CALL,CALL,25900,19-Jun-2025,0.95,1.0,0.95,223654,36080,33.32,-9.492273730684326,801150,284325,,,,-17.391304347826082
2025-06-18 15:18:47,NIFTY.NSE.OPT.19Jun2025.25900.PUT,PUT,25900,19-Jun-2025,1062.45,1150.45,1115.0,22,77,54.26,-8.333333333333334,900,1125,,,,5.074683126796391
2025-06-18 15:18:47,NIFTY.NSE.OPT.26Jun2025.25900.CALL,CALL,25900,26-Jun-2025,4.45,4.65,4.65,47785,17742,14.05,47.7022977022977,289275,34575,,,,-19.827586206896544
2025-06-18 15:18:47,NIFTY.NSE.OPT.26Jun2025.25900.PUT,PUT,25900,26-Jun-2025,1011.45,1144.95,1079.0,113,436,20.99,-2.89532293986637,2100,1875,,,,5.160567223819506
2025-06-18 15:18:47,NIFTY.NSE.OPT.03Jul2025.25900.CALL,CALL,25900,03-Jul-2025,14.45,15.15,14.5,6264,2918,12.14,141.3564929693962,149325,10500,,,,-26.020408163265312
2025-06-18 15:18:47,NIFTY.NSE.OPT.03Jul2025.25900.PUT,PUT,25900,03-Jul-2025,951.05,1201.1,913.1,0,1,0.0,0.0,75,75,,,,0.0
2025-06-18 15:18:47,NIFTY.NSE.OPT.10Jul2025.25900.CALL,CALL,25900,10-Jul-2025,27.4,58.2,0.0,0,0,0.0,0.0,21525,900,,,,0.0
2025-06-18 15:18:47,NIFTY.NSE.OPT.17Jul2025.25900.CALL,CALL,25900,17-Jul-2025,43.85,91.9,0.0,0,0,0.0,0.0,30600,2700,,,,0.0
2025-06-18 15:18:47,NIFTY.NSE.OPT.31Jul2025.25900.CALL,CALL,25900,31-Jul-2025,110.65,114.3,111.45,2694,1271,11.2,24.48579823702253,18525,3975,,,,-15.020968356843312
2025-06-18 15:18:47,NIFTY.NSE.OPT.31Jul2025.25900.PUT,PUT,25900,31-Jul-2025,1045.4,1178.55,1060.0,21,55,16.65,-3.508771929824561,1875,1875,,,,5.894105894105895
2025-06-18 15:18:47,NIFTY.NSE.OPT.28Aug2025.25900.CALL,CALL,25900,28-Aug-2025,246.25,266.0,250.05,29,79,11.19,21.53846153846154,6825,3600,,,,-7.730627306273058
2025-06-18 15:18:47,NIFTY.NSE.OPT.28Aug2025.25900.PUT,PUT,25900,28-Aug-2025,859.9,1304.25,981.5,0,2,0.0,0.0,4500,3375,,,,0.0
2025-06-18 15:18:47,NIFTY.NSE.OPT.19Jun2025.25950.CALL,CALL,25950,19-Jun-2025,0.9,1.0,1.0,84684,12007,34.84,-15.74626342011087,474675,134625,,,,-13.04347826086956
2025-06-18 15:18:47,NIFTY.NSE.OPT.19Jun2025.25950.PUT,PUT,25950,19-Jun-2025,1110.95,1206.8,1152.45,5,35,46.38,0.0,1050,900,,,,3.9835784534873313
2025-06-18 15:18:47,NIFTY.NSE.OPT.26Jun2025.25950.CALL,CALL,25950,26-Jun-2025,4.05,4.2,4.1,19342,8192,14.31,21.597150066795308,133275,11625,,,,-18.811881188118814
2025-06-18 15:18:47,NIFTY.NSE.OPT.26Jun2025.25950.PUT,PUT,25950,26-Jun-2025,937.4,1229.15,1071.0,0,44,0.0,0.0,1800,75,,,,0.0
2025-06-18 15:18:47,NIFTY.NSE.OPT.03Jul2025.25950.CALL,CALL,25950,03-Jul-2025,12.4,14.45,12.8,183,133,12.29,31.683168316831683,39975,1725,,,,-24.483775811209433
2025-06-18 15:18:47,NIFTY.NSE.OPT.03Jul2025.25950.PUT,PUT,25950,03-Jul-2025,0.0,1251.4,958.1,0,1,0.0,0.0,0,75,,,,0.0
2025-06-18 15:18:47,NIFTY.NSE.OPT.10Jul2025.25950.CALL,CALL,25950,10-Jul-2025,25.9,53.5,0.0,0,0,0.0,0.0,19650,1800,,,,0.0
2025-06-18 15:18:47,NIFTY.NSE.OPT.17Jul2025.25950.CALL,CALL,25950,17-Jul-2025,38.8,90.95,0.0,0,0,0.0,0.0,12600,2625,,,,0.0
2025-06-18 15:18:47,NIFTY.NSE.OPT.31Jul2025.25950.CALL,CALL,25950,31-Jul-2025,98.45,106.35,103.7,214,157,11.27,44.03669724770642,14475,2400,,,,-13.727121464226288
2025-06-18 15:18:47,NIFTY.NSE.OPT.31Jul2025.25950.PUT,PUT,25950,31-Jul-2025,1046.4,1125.05,1086.55,4,32,16.33,10.344827586206897,1875,1950,,,,2.0234741784037515
2025-06-18 15:18:47,NIFTY.NSE.OPT.28Aug2025.25950.CALL,CALL,25950,28-Aug-2025,193.45,260.45,236.9,19,30,11.23,66.66666666666667,2700,900,,,,-12.226750648388283
2025-06-18 15:18:47,NIFTY.NSE.OPT.28Aug2025.25950.PUT,PUT,25950,28-Aug-2025,0.0,1454.2,1013.2,0,2,0.0,0.0,0,1800,,,,0.0
2025-06-18 15:18:47,NIFTY.NSE.OPT.19Jun2025.26000.CALL,CALL,26000,19-Jun-2025,0.75,0.9,0.75,534698,100652,35.24,-26.90751969790494,2377650,427200,,,,-31.818181818181824
2025-06-18 15:18:47,NIFTY.NSE.OPT.19Jun2025.26000.PUT,PUT,26000,19-Jun-2025,1207.25,1211.2,1212.0,565,502,56.03,-19.808306709265175,1875,2025,,,,3.9897039897039894
2025-06-18 15:18:47,NIFTY.NSE.OPT.26Jun2025.26000.CALL,CALL,26000,26-Jun-2025,3.7,3.75,3.75,123570,111486,14.62,18.960697136759737,1016400,381075,,,,-14.772727272727279
2025-06-18 15:18:47,NIFTY.NSE.OPT.26Jun2025.26000.PUT,PUT,26000,26-Jun-2025,1184.35,1189.0,1184.95,1847,17567,23.42,-1.7761625198024416,8100,4050,,,,4.886036733790665
2025-06-18 15:18:47,NIFTY.NSE.OPT.03Jul2025.26000.CALL,CALL,26000,03-Jul-2025,11.15,11.9,11.95,15706,6257,12.58,46.46535580524345,176250,108525,,,,-20.33333333333334
2025-06-18 15:18:47,NIFTY.NSE.OPT.03Jul2025.26000.PUT,PUT,26000,03-Jul-2025,1111.9,0.0,1145.7,7,11,17.68,22.22222222222222,150,0,,,,2.6428955384339723
2025-06-18 15:18:47,NIFTY.NSE.OPT.10Jul2025.26000.CALL,CALL,26000,10-Jul-2025,27.25,27.5,27.5,2237,1494,12.03,32.56433007985803,57450,35475,,,,-19.35483870967742
2025-06-18 15:18:47,NIFTY.NSE.OPT.17Jul2025.26000.CALL,CALL,26000,17-Jul-2025,45.45,47.8,45.9,525,245,11.6,191.66666666666666,35475,12375,,,,-19.047619047619055
2025-06-18 15:18:47,NIFTY.NSE.OPT.31Jul2025.26000.CALL,CALL,26000,31-Jul-2025,95.0,95.05,95.05,31432,29283,11.29,23.390359008933086,59550,44475,,,,-14.369369369369373
2025-06-18 15:18:47,NIFTY.NSE.OPT.31Jul2025.26000.PUT,PUT,26000,31-Jul-2025,1138.05,1152.0,1138.35,1544,6834,16.87,3.2638259292837715,6675,9225,,,,3.415852827617525
2025-06-18 15:18:47,NIFTY.NSE.OPT.28Aug2025.26000.CALL,CALL,26000,28-Aug-2025,216.7,221.0,219.0,2652,3645,11.12,25.689655172413794,13500,11025,,,,-10.721565430085613
2025-06-18 15:18:47,NIFTY.NSE.OPT.28Aug2025.26000.PUT,PUT,26000,28-Aug-2025,1127.8,1150.0,1143.9,161,665,16.75,9.195402298850574,4125,4425,,,,2.665589660743138
2025-06-18 15:18:47,NIFTY.NSE.OPT.25Sep2025.26000.CALL,CALL,26000,25-Sep-2025,368.0,369.5,368.0,1677,7361,11.27,2.979854504756575,20400,8625,,,,-6.870808553713774
2025-06-18 15:18:47,NIFTY.NSE.OPT.25Sep2025.26000.PUT,PUT,26000,25-Sep-2025,1162.0,1169.85,1169.9,381,6879,17.18,0.43802014892685065,4350,3825,,,,3.179432905587175
2025-06-18 15:18:47,NIFTY.NSE.OPT.24Dec2025.26000.CALL,CALL,26000,24-Dec-2025,770.65,772.7,773.75,2376,20836,10.1,0.8372453177176595,19200,10650,,,,-2.4520927887039896
2025-06-18 15:18:47,NIFTY.NSE.OPT.24Dec2025.26000.PUT,PUT,26000,24-Dec-2025,1173.05,1182.75,1173.05,820,11034,17.29,0.7119170038638231,19125,9450,,,,1.7521793815327271
2025-06-18 15:18:47,NIFTY.NSE.OPT.26Mar2026.26000.CALL,CALL,26000,26-Mar-2026,103.25,0.0,0.0,0,0,0.0,0.0,3750,0,,,,0.0
2025-06-18 15:18:47,NIFTY.NSE.OPT.26Mar2026.26000.PUT,PUT,26000,26-Mar-2026,80.0,0.0,0.0,0,0,0.0,0.0,1875,0,,,,0.0
2025-06-18 15:18:47,NIFTY.NSE.OPT.25Jun2026.26000.CALL,CALL,26000,25-Jun-2026,1335.0,2800.0,1600.0,0,36,0.0,0.0,450,150,,,,0.0
2025-06-18 15:18:47,NIFTY.NSE.OPT.25Jun2026.26000.PUT,PUT,26000,25-Jun-2026,1081.05,0.0,1100.05,0,4,0.0,0.0,4275,0,,,,0.0
2025-06-18 15:18:47,NIFTY.NSE.OPT.31Dec2026.26000.CALL,CALL,26000,31-Dec-2026,2285.0,2482.95,2300.0,3,68,0.0,0.0,375,450,,,,-1.0752688172043012
2025-06-18 15:18:47,NIFTY.NSE.OPT.31Dec2026.26000.PUT,PUT,26000,31-Dec-2026,1313.0,1365.0,1350.0,7,210,20.65,-1.4040561622464898,8025,750,,,,0.1483679525222552
2025-06-18 15:18:47,NIFTY.NSE.OPT.24Jun2027.26000.PUT,PUT,26000,24-Jun-2027,8.85,0.0,0.0,0,0,0.0,0.0,10950,0,,,,0.0
2025-06-18 15:18:47,NIFTY.NSE.OPT.30Dec2027.26000.PUT,PUT,26000,30-Dec-2027,16.15,0.0,1951.6,0,1,0.0,0.0,11100,0,,,,0.0
2025-06-18 15:18:47,NIFTY.NSE.OPT.29Jun2028.26000.PUT,PUT,26000,29-Jun-2028,8.75,0.0,0.0,0,0,0.0,0.0,5550,0,,,,0.0
2025-06-18 15:18:47,NIFTY.NSE.OPT.28Dec2028.26000.PUT,PUT,26000,28-Dec-2028,12.85,0.0,0.0,0,0,0.0,0.0,5550,0,,,,0.0
2025-06-18 15:18:47,NIFTY.NSE.OPT.28Jun2029.26000.PUT,PUT,26000,28-Jun-2029,14.45,0.0,1391.75,0,0,0.0,0.0,5550,0,,,,0.0
2025-06-18 15:18:47,NIFTY.NSE.OPT.27Dec2029.26000.PUT,PUT,26000,27-Dec-2029,10.0,0.0,0.0,0,0,0.0,0.0,3750,0,,,,0.0
2025-06-18 15:18:47,NIFTY.NSE.OPT.19Jun2025.26050.CALL,CALL,26050,19-Jun-2025,0.75,0.85,0.85,104095,17052,36.76,-25.00329858820425,487275,168525,,,,-15.000000000000002
2025-06-18 15:18:47,NIFTY.NSE.OPT.19Jun2025.26050.PUT,PUT,26050,19-Jun-2025,1200.1,1304.9,1362.75,0,12,0.0,0.0,900,900,,,,-0.2488745745342818
2025-06-18 15:18:47,NIFTY.NSE.OPT.26Jun2025.26050.CALL,CALL,26050,26-Jun-2025,3.05,3.2,3.3,17310,7920,14.9,1.7341040462427746,64575,27000,,,,-8.333333333333341
2025-06-18 15:18:47,NIFTY.NSE.OPT.26Jun2025.26050.PUT,PUT,26050,26-Jun-2025,1131.75,1439.05,1064.25,0,33,0.0,0.0,1800,1800,,,,0.0
2025-06-18 15:18:47,NIFTY.NSE.OPT.03Jul2025.26050.CALL,CALL,26050,03-Jul-2025,9.0,11.0,10.1,286,210,12.62,7.142857142857143,33375,2850,,,,-19.200000000000003
2025-06-18 15:18:47,NIFTY.NSE.OPT.03Jul2025.26050.PUT,PUT,26050,03-Jul-2025,0.0,0.0,1058.45,0,1,0.0,0.0,0,0,,,,0.0
2025-06-18 15:18:47,NIFTY.NSE.OPT.10Jul2025.26050.CALL,CALL,26050,10-Jul-2025,18.5,45.0,0.0,0,0,0.0,0.0,18450,3825,,,,0.0
2025-06-18 15:18:47,NIFTY.NSE.OPT.17Jul2025.26050.CALL,CALL,26050,17-Jul-2025,29.25,72.6,0.0,0,0,0.0,0.0,12600,3225,,,,0.0
2025-06-18 15:18:47,NIFTY.NSE.OPT.31Jul2025.26050.CALL,CALL,26050,31-Jul-2025,85.1,87.7,86.25,339,262,11.26,85.81560283687944,11850,2100,,,,-15.024630541871922
2025-06-18 15:18:47,NIFTY.NSE.OPT.31Jul2025.26050.PUT,PUT,26050,31-Jul-2025,967.75,1240.4,1183.75,4,19,17.17,18.75,1800,1875,,,,3.583304165208265
2025-06-18 15:18:47,NIFTY.NSE.OPT.28Aug2025.26050.CALL,CALL,26050,28-Aug-2025,0.0,233.7,0.0,0,0,0.0,0.0,0,975,,,,0.0
2025-06-18 15:18:47,NIFTY.NSE.OPT.28Aug2025.26050.PUT,PUT,26050,28-Aug-2025,0.0,0.0,1074.1,0,3,0.0,0.0,0,0,,,,-0.01861677371311975
2025-06-18 15:18:47,NIFTY.NSE.OPT.19Jun2025.26100.CALL,CALL,26100,19-Jun-2025,0.75,0.8,0.75,242534,34629,38.28,-25.766897468327297,1180050,197700,,,,-21.052631578947363
2025-06-18 15:18:47,NIFTY.NSE.OPT.19Jun2025.26100.PUT,PUT,26100,19-Jun-2025,1249.95,1355.45,1272.3,0,55,0.0,0.0,900,900,,,,0.019653315514327266
2025-06-18 15:18:47,NIFTY.NSE.OPT.26Jun2025.26100.CALL,CALL,26100,26-Jun-2025,2.65,2.75,2.75,43029,22569,15.03,10.556480846477907,1553325,33150,,,,-9.836065573770487
2025-06-18 15:18:47,NIFTY.NSE.OPT.26Jun2025.26100.PUT,PUT,26100,26-Jun-2025,1230.0,1302.75,1300.0,10,92,27.15,-8.910891089108912,1950,2250,,,,5.233334682478658
2025-06-18 15:18:47,NIFTY.NSE.OPT.03Jul2025.26100.CALL,CALL,26100,03-Jul-2025,8.15,8.65,8.7,3926,1406,12.7,16.777408637873755,169950,20700,,,,-20.547945205479454
2025-06-18 15:18:47,NIFTY.NSE.OPT.03Jul2025.26100.PUT,PUT,26100,03-Jul-2025,0.0,1410.9,1106.2,0,1,0.0,0.0,0,75,,,,0.0
2025-06-18 15:18:47,NIFTY.NSE.OPT.10Jul2025.26100.CALL,CALL,26100,10-Jul-2025,16.5,41.25,0.0,0,0,0.0,0.0,39450,3825,,,,0.0
2025-06-18 15:18:47,NIFTY.NSE.OPT.17Jul2025.26100.CALL,CALL,26100,17-Jul-2025,31.1,64.9,0.0,0,0,0.0,0.0,16275,3225,,,,0.0
2025-06-18 15:18:47,NIFTY.NSE.OPT.31Jul2025.26100.CALL,CALL,26100,31-Jul-2025,76.05,78.15,77.85,3155,2416,11.23,18.605792832596958,13425,5775,,,,-14.871514488791698
2025-06-18 15:18:47,NIFTY.NSE.OPT.31Jul2025.26100.PUT,PUT,26100,31-Jul-2025,1214.3,1234.0,1148.9,4,42,14.46,7.6923076923076925,1875,1875,,,,-0.768699257211942
2025-06-18 15:18:47,NIFTY.NSE.OPT.28Aug2025.26100.CALL,CALL,26100,28-Aug-2025,172.1,212.2,191.55,48,71,11.08,10.9375,14700,6600,,,,-12.233676975945013
2025-06-18 15:18:47,NIFTY.NSE.OPT.28Aug2025.26100.PUT,PUT,26100,28-Aug-2025,978.55,1567.15,1107.4,0,3,0.0,0.0,1800,1800,,,,-0.018057060310565014
2025-06-18 15:18:47,NIFTY.NSE.OPT.19Jun2025.26150.CALL,CALL,26150,19-Jun-2025,0.75,0.9,0.9,78016,8052,39.55,-4.256837098692033,676950,169950,,,,-5.263157894736835
2025-06-18 15:18:47,NIFTY.NSE.OPT.19Jun2025.26150.PUT,PUT,26150,19-Jun-2025,1301.1,1404.4,1204.8,0,5,0.0,0.0,900,900,,,,0.0
2025-06-18 15:18:47,NIFTY.NSE.OPT.26Jun2025.26150.CALL,CALL,26150,26-Jun-2025,2.45,2.55,2.45,10875,7750,15.29,47.45053272450533,70650,23475,,,,-10.909090909090903
2025-06-18 15:18:47,NIFTY.NSE.OPT.26Jun2025.26150.PUT,PUT,26150,26-Jun-2025,1036.55,1426.15,1168.55,0,32,0.0,0.0,1800,1800,,,,0.0
2025-06-18 15:18:47,NIFTY.NSE.OPT.03Jul2025.26150.CALL,CALL,26150,03-Jul-2025,7.25,13.0,7.6,1282,259,12.82,73.8255033557047,50250,8025,,,,-19.148936170212774
2025-06-18 15:18:47,NIFTY.NSE.OPT.03Jul2025.26150.PUT,PUT,26150,03-Jul-2025,0.0,0.0,1149.55,0,0,0.0,0.0,0,0,,,,0.0
2025-06-18 15:18:47,NIFTY.NSE.OPT.10Jul2025.26150.CALL,CALL,26150,10-Jul-2025,13.9,37.7,0.0,0,0,0.0,0.0,24000,4725,,,,0.0
2025-06-18 15:18:47,NIFTY.NSE.OPT.17Jul2025.26150.CALL,CALL,26150,17-Jul-2025,32.15,39.95,32.15,63,104,11.64,-15.447154471544716,24900,3000,,,,-19.925280199252803
2025-06-18 15:18:47,NIFTY.NSE.OPT.31Jul2025.26150.CALL,CALL,26150,31-Jul-2025,66.9,71.35,70.8,266,256,11.23,118.80341880341881,12300,2175,,,,-14.852675886951303
2025-06-18 15:18:47,NIFTY.NSE.OPT.31Jul2025.26150.PUT,PUT,26150,31-Jul-2025,1042.8,1311.05,1207.75,8,22,15.24,-8.333333333333334,1800,1875,,,,-1.375959496978598
2025-06-18 15:18:47,NIFTY.NSE.OPT.28Aug2025.26150.CALL,CALL,26150,28-Aug-2025,0.0,214.4,249.0,0,8,0.0,0.0,0,975,,,,0.0
2025-06-18 15:18:47,NIFTY.NSE.OPT.28Aug2025.26150.PUT,PUT,26150,28-Aug-2025,0.0,0.0,1141.3,0,3,0.0,0.0,0,0,,,,-0.017520805957078008
2025-06-18 15:18:47,NIFTY.NSE.OPT.19Jun2025.26200.CALL,CALL,26200,19-Jun-2025,0.75,0.85,0.85,174558,25971,40.56,-24.005852231163132,1381050,204300,,,,-5.55555555555556
2025-06-18 15:18:47,NIFTY.NSE.OPT.19Jun2025.26200.PUT,PUT,26200,19-Jun-2025,1360.45,1444.8,1416.65,11,36,66.38,-21.73913043478261,900,1050,,,,14.680644377883926
2025-06-18 15:18:47,NIFTY.NSE.OPT.26Jun2025.26200.CALL,CALL,26200,26-Jun-2025,2.3,2.4,2.4,49392,27473,15.74,51.809692214179144,1497900,68550,,,,-4.0000000000000036
2025-06-18 15:18:47,NIFTY.NSE.OPT.26Jun2025.26200.PUT,PUT,26200,26-Jun-2025,1378.1,1418.0,1335.0,9,79,0.0,-7.0588235294117645,2325,1875,,,,0.7547169811320755
2025-06-18 15:18:47,NIFTY.NSE.OPT.03Jul2025.26200.CALL,CALL,26200,03-Jul-2025,6.75,6.85,6.75,4424,3326,12.97,83.14977973568281,194400,14925,,,,-19.642857142857146
2025-06-18 15:18:47,NIFTY.NSE.OPT.03Jul2025.26200.PUT,PUT,26200,03-Jul-2025,0.0,1514.45,1201.1,0,1,0.0,0.0,0,75,,,,0.0
2025-06-18 15:18:47,NIFTY.NSE.OPT.10Jul2025.26200.CALL,CALL,26200,10-Jul-2025,13.65,34.45,0.0,0,0,0.0,0.0,21450,3825,,,,0.0
2025-06-18 15:18:47,NIFTY.NSE.OPT.17Jul2025.26200.CALL,CALL,26200,17-Jul-2025,23.0,56.0,0.0,0,0,0.0,0.0,15300,3825,,,,0.0
2025-06-18 15:18:47,NIFTY.NSE.OPT.31Jul2025.26200.CALL,CALL,26200,31-Jul-2025,64.3,65.45,65.45,5418,4299,11.29,21.61244695898161,36150,6825,,,,-14.388489208633093
2025-06-18 15:18:47,NIFTY.NSE.OPT.31Jul2025.26200.PUT,PUT,26200,31-Jul-2025,1277.7,1353.15,1287.0,15,27,16.8,0.0,1950,1875,,,,0.15174506828528428
2025-06-18 15:18:47,NIFTY.NSE.OPT.28Aug2025.26200.CALL,CALL,26200,28-Aug-2025,164.0,190.0,168.9,114,251,11.1,-0.7905138339920948,18525,3900,,,,-10.70578905630452
2025-06-18 15:18:47,NIFTY.NSE.OPT.28Aug2025.26200.PUT,PUT,26200,28-Aug-2025,1047.1,1651.7,1178.75,0,2,0.0,0.0,1800,1800,,,,0.0
2025-06-18 15:18:47,NIFTY.NSE.OPT.19Jun2025.26250.CALL,CALL,26250,19-Jun-2025,0.7,0.85,0.85,79394,7993,41.81,-3.185562015503876,713325,143850,,,,-10.526315789473681
2025-06-18 15:18:47,NIFTY.NSE.OPT.19Jun2025.26250.PUT,PUT,26250,19-Jun-2025,1399.75,1512.75,1284.45,0,22,0.0,0.0,975,900,,,,0.0
2025-06-18 15:18:47,NIFTY.NSE.OPT.26Jun2025.26250.CALL,CALL,26250,26-Jun-2025,2.1,2.2,2.2,13979,8670,16.05,39.83870967741935,99675,29400,,,,-2.2222222222222143
2025-06-18 15:18:47,NIFTY.NSE.OPT.26Jun2025.26250.PUT,PUT,26250,26-Jun-2025,1136.25,1547.9,1262.15,0,27,0.0,0.0,1800,1800,,,,0.0
2025-06-18 15:18:47,NIFTY.NSE.OPT.03Jul2025.26250.CALL,CALL,26250,03-Jul-2025,5.25,10.45,6.35,171,92,13.24,43.75,49275,9450,,,,-21.60493827160494
2025-06-18 15:18:47,NIFTY.NSE.OPT.03Jul2025.26250.PUT,PUT,26250,03-Jul-2025,0.0,0.0,1248.05,0,1,0.0,0.0,0,0,,,,0.0
2025-06-18 15:18:47,NIFTY.NSE.OPT.10Jul2025.26250.CALL,CALL,26250,10-Jul-2025,12.65,31.4,0.0,0,0,0.0,0.0,25800,4725,,,,0.0
2025-06-18 15:18:47,NIFTY.NSE.OPT.17Jul2025.26250.CALL,CALL,26250,17-Jul-2025,17.0,51.9,0.0,0,0,0.0,0.0,13350,1875,,,,0.0
2025-06-18 15:18:47,NIFTY.NSE.OPT.31Jul2025.26250.CALL,CALL,26250,31-Jul-2025,51.55,97.45,165.9,0,40,0.0,0.0,5400,2925,,,,-0.1204093919325639
2025-06-18 15:18:47,NIFTY.NSE.OPT.31Jul2025.26250.PUT,PUT,26250,31-Jul-2025,1049.85,0.0,1391.8,2,19,19.28,11.764705882352942,1800,0,,,,7.753648434173332
2025-06-18 15:18:47,NIFTY.NSE.OPT.28Aug2025.26250.CALL,CALL,26250,28-Aug-2025,0.0,0.0,0.0,0,0,0.0,0.0,0,0,,,,0.0
2025-06-18 15:18:47,NIFTY.NSE.OPT.28Aug2025.26250.PUT,PUT,26250,28-Aug-2025,0.0,0.0,1215.45,0,3,0.0,0.0,0,0,,,,0.0
2025-06-18 15:18:47,NIFTY.NSE.OPT.19Jun2025.26300.CALL,CALL,26300,19-Jun-2025,0.7,0.85,0.65,105113,17669,41.85,-24.2486602357985,1223025,146625,,,,-27.77777777777778
2025-06-18 15:18:47,NIFTY.NSE.OPT.19Jun2025.26300.PUT,PUT,26300,19-Jun-2025,1449.55,1554.95,1614.6,0,17,0.0,0.0,900,900,,,,0.0
2025-06-18 15:18:47,NIFTY.NSE.OPT.26Jun2025.26300.CALL,CALL,26300,26-Jun-2025,2.05,2.15,2.15,38287,24716,16.38,10.794333871256947,1480575,41925,,,,4.87804878048781
2025-06-18 15:18:47,NIFTY.NSE.OPT.26Jun2025.26300.PUT,PUT,26300,26-Jun-2025,1367.2,1585.85,1309.3,0,41,0.0,0.0,75,825,,,,0.0
2025-06-18 15:18:47,NIFTY.NSE.OPT.03Jul2025.26300.CALL,CALL,26300,03-Jul-2025,5.5,5.7,5.55,2197,949,13.36,1.2806830309498398,156900,9225,,,,-18.97810218978102
2025-06-18 15:18:47,NIFTY.NSE.OPT.03Jul2025.26300.PUT,PUT,26300,03-Jul-2025,0.0,1620.15,1283.95,0,1,0.0,0.0,0,75,,,,0.0
2025-06-18 15:18:47,NIFTY.NSE.OPT.10Jul2025.26300.CALL,CALL,26300,10-Jul-2025,12.05,13.2,12.7,238,199,12.34,7.5675675675675675,55950,3600,,,,-20.625000000000004
2025-06-18 15:18:47,NIFTY.NSE.OPT.17Jul2025.26300.CALL,CALL,26300,17-Jul-2025,17.55,48.15,0.0,0,0,0.0,0.0,20250,2025,,,,0.0
2025-06-18 15:18:47,NIFTY.NSE.OPT.31Jul2025.26300.CALL,CALL,26300,31-Jul-2025,52.45,53.75,54.1,3895,2632,11.32,12.478632478632479,21300,8175,,,,-15.13725490196078
2025-06-18 15:18:47,NIFTY.NSE.OPT.31Jul2025.26300.PUT,PUT,26300,31-Jul-2025,917.9,0.0,1438.15,2,14,19.59,16.666666666666668,1200,0,,,,6.210996639710508
2025-06-18 15:18:47,NIFTY.NSE.OPT.28Aug2025.26300.CALL,CALL,26300,28-Aug-2025,140.0,163.0,151.0,100,147,11.2,50.0,21750,3750,,,,-15.120854412591347
2025-06-18 15:18:47,NIFTY.NSE.OPT.28Aug2025.26300.PUT,PUT,26300,28-Aug-2025,1037.65,1740.1,1251.2,0,2,0.0,0.0,1800,1800,,,,0.0
2025-06-18 15:18:47,NIFTY.NSE.OPT.19Jun2025.26350.CALL,CALL,26350,19-Jun-2025,0.75,0.85,0.8,56757,6230,44.3,17.7916430327094,851100,141900,,,,-15.789473684210517
2025-06-18 15:18:47,NIFTY.NSE.OPT.19Jun2025.26350.PUT,PUT,26350,19-Jun-2025,1507.25,1568.85,1665.05,0,17,0.0,0.0,900,975,,,,0.0
2025-06-18 15:18:47,NIFTY.NSE.OPT.26Jun2025.26350.CALL,CALL,26350,26-Jun-2025,1.95,2.05,2.1,7940,4684,16.91,25.913978494623656,100875,25125,,,,2.4390243902439157
2025-06-18 15:18:47,NIFTY.NSE.OPT.26Jun2025.26350.PUT,PUT,26350,26-Jun-2025,0.0,1537.2,1357.3,0,23,0.0,0.0,0,2025,,,,0.0
2025-06-18 15:18:47,NIFTY.NSE.OPT.03Jul2025.26350.CALL,CALL,26350,03-Jul-2025,5.15,5.95,5.35,168,426,13.67,12.9973474801061,46575,16950,,,,-18.939393939393938
2025-06-18 15:18:47,NIFTY.NSE.OPT.03Jul2025.26350.PUT,PUT,26350,03-Jul-2025,0.0,0.0,1337.25,0,1,0.0,0.0,0,0,,,,0.0
2025-06-18 15:18:47,NIFTY.NSE.OPT.10Jul2025.26350.CALL,CALL,26350,10-Jul-2025,9.6,23.35,0.0,0,0,0.0,0.0,22350,2925,,,,0.0
2025-06-18 15:18:47,NIFTY.NSE.OPT.17Jul2025.26350.CALL,CALL,26350,17-Jul-2025,13.0,44.55,0.0,0,0,0.0,0.0,9450,2850,,,,0.0
2025-06-18 15:18:47,NIFTY.NSE.OPT.31Jul2025.26350.CALL,CALL,26350,31-Jul-2025,47.4,53.05,48.9,454,329,11.31,119.33333333333333,18600,1800,,,,-15.397923875432523
2025-06-18 15:18:47,NIFTY.NSE.OPT.31Jul2025.26350.PUT,PUT,26350,31-Jul-2025,1320.55,1560.9,1483.2,2,19,19.85,11.764705882352942,75,75,,,,7.6303472297812185
2025-06-18 15:18:47,NIFTY.NSE.OPT.28Aug2025.26350.CALL,CALL,26350,28-Aug-2025,131.55,219.95,286.1,0,3,0.0,0.0,75,1050,,,,0.0
2025-06-18 15:18:47,NIFTY.NSE.OPT.28Aug2025.26350.PUT,PUT,26350,28-Aug-2025,0.0,0.0,1287.55,0,3,0.0,0.0,0,0,,,,0.0
2025-06-18 15:18:47,NIFTY.NSE.OPT.19Jun2025.26400.CALL,CALL,26400,19-Jun-2025,0.75,0.85,0.8,44345,13336,45.24,-20.27737924438068,1382925,145425,,,,-15.789473684210517
2025-06-18 15:18:47,NIFTY.NSE.OPT.19Jun2025.26400.PUT,PUT,26400,19-Jun-2025,1575.7,1661.8,1500.0,1,19,0.0,0.0,975,900,,,,-1.639344262295082
2025-06-18 15:18:47,NIFTY.NSE.OPT.26Jun2025.26400.CALL,CALL,26400,26-Jun-2025,2.0,2.05,2.0,12131,6341,17.28,-7.592538618478578,997125,27225,,,,0.0
2025-06-18 15:18:47,NIFTY.NSE.OPT.26Jun2025.26400.PUT,PUT,26400,26-Jun-2025,1570.15,1684.25,1545.9,1,63,16.94,1.6129032258064515,1950,1800,,,,-4.023095548519275
2025-06-18 15:18:47,NIFTY.NSE.OPT.03Jul2025.26400.CALL,CALL,26400,03-Jul-2025,4.6,4.8,4.6,2427,1325,13.74,123.06397306397307,204975,13575,,,,-17.857142857142858
2025-06-18 15:18:47,NIFTY.NSE.OPT.03Jul2025.26400.PUT,PUT,26400,03-Jul-2025,0.0,0.0,1386.6,0,1,0.0,0.0,0,0,,,,0.0
2025-06-18 15:18:47,NIFTY.NSE.OPT.10Jul2025.26400.CALL,CALL,26400,10-Jul-2025,10.8,11.15,10.8,411,420,12.67,61.53846153846154,63225,4275,,,,-11.836734693877546
2025-06-18 15:18:47,NIFTY.NSE.OPT.17Jul2025.26400.CALL,CALL,26400,17-Jul-2025,14.35,41.2,0.0,0,0,0.0,0.0,19650,2625,,,,0.0
2025-06-18 15:18:47,NIFTY.NSE.OPT.31Jul2025.26400.CALL,CALL,26400,31-Jul-2025,44.0,44.4,44.4,2827,2192,11.33,10.040160642570282,20025,4350,,,,-16.305372290292176
2025-06-18 15:18:47,NIFTY.NSE.OPT.31Jul2025.26400.PUT,PUT,26400,31-Jul-2025,1343.35,1860.95,1437.45,3,19,16.47,11.764705882352942,150,825,,,,-0.05562315313749032
2025-06-18 15:18:47,NIFTY.NSE.OPT.28Aug2025.26400.CALL,CALL,26400,28-Aug-2025,120.0,139.95,130.45,62,181,11.15,26.573426573426573,24225,4275,,,,-11.73883626522329
2025-06-18 15:18:47,NIFTY.NSE.OPT.28Aug2025.26400.PUT,PUT,26400,28-Aug-2025,1141.25,1822.45,1324.45,0,3,0.0,0.0,1800,1800,,,,0.0
2025-06-18 15:18:47,NIFTY.NSE.OPT.19Jun2025.26450.CALL,CALL,26450,19-Jun-2025,0.75,0.85,0.85,40192,6241,46.76,-3.9846153846153847,727650,145125,,,,-5.55555555555556
2025-06-18 15:18:47,NIFTY.NSE.OPT.19Jun2025.26450.PUT,PUT,26450,19-Jun-2025,1606.05,1698.0,1884.95,0,8,0.0,0.0,900,900,,,,0.0
2025-06-18 15:18:47,NIFTY.NSE.OPT.26Jun2025.26450.CALL,CALL,26450,26-Jun-2025,1.9,2.0,1.95,4072,1938,17.7,-8.41209829867675,90000,21225,,,,0.0
2025-06-18 15:18:47,NIFTY.NSE.OPT.26Jun2025.26450.PUT,PUT,26450,26-Jun-2025,1507.25,1757.6,1459.2,0,31,0.0,0.0,75,900,,,,0.0
2025-06-18 15:18:47,NIFTY.NSE.OPT.03Jul2025.26450.CALL,CALL,26450,03-Jul-2025,4.55,4.9,4.65,188,182,14.14,97.82608695652173,32325,13650,,,,-12.264150943396217
2025-06-18 15:18:47,NIFTY.NSE.OPT.03Jul2025.26450.PUT,PUT,26450,03-Jul-2025,0.0,0.0,1426.6,0,1,0.0,0.0,0,0,,,,0.0
2025-06-18 15:18:47,NIFTY.NSE.OPT.10Jul2025.26450.CALL,CALL,26450,10-Jul-2025,7.2,15.75,49.85,0,1,0.0,0.0,28200,4425,,,,0.0
2025-06-18 15:18:47,NIFTY.NSE.OPT.17Jul2025.26450.CALL,CALL,26450,17-Jul-2025,10.0,38.05,0.0,0,0,0.0,0.0,15525,2850,,,,0.0
2025-06-18 15:18:47,NIFTY.NSE.OPT.31Jul2025.26450.CALL,CALL,26450,31-Jul-2025,34.55,77.2,88.25,0,9,0.0,0.0,4500,2175,,,,0.0
2025-06-18 15:18:47,NIFTY.NSE.OPT.31Jul2025.26450.PUT,PUT,26450,31-Jul-2025,1015.9,0.0,1377.05,0,14,0.0,0.0,1200,0,,,,0.018158047646717024
2025-06-18 15:18:47,NIFTY.NSE.OPT.28Aug2025.26450.CALL,CALL,26450,28-Aug-2025,0.0,199.95,0.0,0,0,0.0,0.0,0,1050,,,,0.0
2025-06-18 15:18:47,NIFTY.NSE.OPT.28Aug2025.26450.PUT,PUT,26450,28-Aug-2025,0.0,0.0,1363.5,0,2,0.0,0.0,0,0,,,,0.0
2025-06-18 15:18:47,NIFTY.NSE.OPT.19Jun2025.26500.CALL,CALL,26500,19-Jun-2025,0.8,0.85,0.85,222251,81661,47.98,36.05404774995418,2011725,399300,,,,0.0
2025-06-18 15:18:47,NIFTY.NSE.OPT.19Jun2025.26500.PUT,PUT,26500,19-Jun-2025,1704.9,1758.85,1703.6,6,60,65.3,0.0,1350,900,,,,-10.511109943793672
2025-06-18 15:18:47,NIFTY.NSE.OPT.26Jun2025.26500.CALL,CALL,26500,26-Jun-2025,1.9,1.95,2.0,41328,33999,18.22,7.0328978435384855,1337850,150075,,,,8.108108108108103
2025-06-18 15:18:47,NIFTY.NSE.OPT.26Jun2025.26500.PUT,PUT,26500,26-Jun-2025,1679.4,1687.0,1680.2,281,5311,29.72,-0.46851574212893554,3000,2925,,,,3.016554261189457
2025-06-18 15:18:47,NIFTY.NSE.OPT.03Jul2025.26500.CALL,CALL,26500,03-Jul-2025,4.35,4.4,4.4,3988,3704,14.4,65.43099598034837,149850,36975,,,,-16.190476190476183
2025-06-18 15:18:47,NIFTY.NSE.OPT.03Jul2025.26500.PUT,PUT,26500,03-Jul-2025,0.0,0.0,1634.1,1,5,21.82,25.0,0,0,,,,1.8892630003741089
2025-06-18 15:18:47,NIFTY.NSE.OPT.10Jul2025.26500.CALL,CALL,26500,10-Jul-2025,8.4,8.8,8.55,872,665,12.83,62.19512195121951,111900,47250,,,,-15.763546798029552
2025-06-18 15:18:47,NIFTY.NSE.OPT.17Jul2025.26500.CALL,CALL,26500,17-Jul-2025,12.5,35.15,0.0,0,0,0.0,0.0,25200,4125,,,,0.0
2025-06-18 15:18:47,NIFTY.NSE.OPT.31Jul2025.26500.CALL,CALL,26500,31-Jul-2025,36.9,37.3,36.9,11045,12403,11.4,0.9523034348038417,54600,24225,,,,-16.515837104072407
2025-06-18 15:18:47,NIFTY.NSE.OPT.31Jul2025.26500.PUT,PUT,26500,31-Jul-2025,1571.85,1588.15,1574.5,795,2748,18.83,11.752745018300121,5700,2850,,,,3.195149926265771
2025-06-18 15:18:47,NIFTY.NSE.OPT.28Aug2025.26500.CALL,CALL,26500,28-Aug-2025,115.0,116.05,116.05,2690,4156,11.24,11.063602351683592,27375,8250,,,,-11.479786422578183
2025-06-18 15:18:47,NIFTY.NSE.OPT.28Aug2025.26500.PUT,PUT,26500,28-Aug-2025,1495.25,1585.15,1536.0,40,206,17.99,6.7357512953367875,2550,4200,,,,4.315936024992356
2025-06-18 15:18:47,NIFTY.NSE.OPT.19Jun2025.26550.CALL,CALL,26550,19-Jun-2025,0.75,0.85,0.85,32312,8116,49.2,-20.30636292223095,843975,164775,,,,0.0
2025-06-18 15:18:47,NIFTY.NSE.OPT.19Jun2025.26550.PUT,PUT,26550,19-Jun-2025,1705.45,1771.1,1860.4,0,8,0.0,0.0,900,975,,,,0.0
2025-06-18 15:18:47,NIFTY.NSE.OPT.26Jun2025.26550.CALL,CALL,26550,26-Jun-2025,1.8,2.0,1.8,954,3542,18.45,-3.3033033033033035,126450,54900,,,,0.0
2025-06-18 15:18:47,NIFTY.NSE.OPT.26Jun2025.26550.PUT,PUT,26550,26-Jun-2025,0.0,1737.1,1650.65,0,41,0.0,0.0,0,2025,,,,0.0
2025-06-18 15:18:47,NIFTY.NSE.OPT.03Jul2025.26550.CALL,CALL,26550,03-Jul-2025,3.4,4.4,4.4,109,108,14.77,227.27272727272728,27600,14400,,,,-22.807017543859644
2025-06-18 15:18:47,NIFTY.NSE.OPT.03Jul2025.26550.PUT,PUT,26550,03-Jul-2025,0.0,0.0,1540.5,0,1,0.0,0.0,0,0,,,,0.0
2025-06-18 15:18:47,NIFTY.NSE.OPT.10Jul2025.26550.CALL,CALL,26550,10-Jul-2025,6.3,9.3,0.0,0,0,0.0,0.0,35850,7350,,,,0.0
2025-06-18 15:18:47,NIFTY.NSE.OPT.17Jul2025.26550.CALL,CALL,26550,17-Jul-2025,9.0,32.4,0.0,0,0,0.0,0.0,17550,3900,,,,0.0
2025-06-18 15:18:47,NIFTY.NSE.OPT.31Jul2025.26550.CALL,CALL,26550,31-Jul-2025,28.2,35.5,33.2,336,187,11.4,544.8275862068965,6000,3000,,,,-59.684274438372796
2025-06-18 15:18:47,NIFTY.NSE.OPT.31Jul2025.26550.PUT,PUT,26550,31-Jul-2025,1318.75,1741.75,1466.55,0,20,0.0,0.0,1800,1875,,,,0.0
2025-06-18 15:18:47,NIFTY.NSE.OPT.28Aug2025.26550.CALL,CALL,26550,28-Aug-2025,0.0,169.0,0.0,0,0,0.0,0.0,0,1200,,,,0.0
2025-06-18 15:18:47,NIFTY.NSE.OPT.28Aug2025.26550.PUT,PUT,26550,28-Aug-2025,1148.35,0.0,1439.2,0,2,0.0,0.0,1800,0,,,,0.0
2025-06-18 15:18:47,NIFTY.NSE.OPT.19Jun2025.26600.CALL,CALL,26600,19-Jun-2025,0.75,0.8,0.85,47376,10895,50.41,7.519984210006908,1114725,187200,,,,0.0
2025-06-18 15:18:47,NIFTY.NSE.OPT.19Jun2025.26600.PUT,PUT,26600,19-Jun-2025,1756.25,1855.05,1677.4,0,7,0.0,0.0,900,900,,,,0.0
2025-06-18 15:18:47,NIFTY.NSE.OPT.26Jun2025.26600.CALL,CALL,26600,26-Jun-2025,1.7,1.75,1.7,6133,7667,18.78,-15.8304973103524,1160250,57000,,,,0.0
2025-06-18 15:18:47,NIFTY.NSE.OPT.26Jun2025.26600.PUT,PUT,26600,26-Jun-2025,1627.55,0.0,1601.6,0,24,0.0,0.0,975,0,,,,0.0
2025-06-18 15:18:47,NIFTY.NSE.OPT.03Jul2025.26600.CALL,CALL,26600,03-Jul-2025,3.35,4.45,3.9,736,1226,14.88,17.77137367915466,182250,57225,,,,-14.285714285714285
2025-06-18 15:18:47,NIFTY.NSE.OPT.03Jul2025.26600.PUT,PUT,26600,03-Jul-2025,0.0,0.0,1589.5,0,1,0.0,0.0,0,0,,,,0.0
2025-06-18 15:18:47,NIFTY.NSE.OPT.10Jul2025.26600.CALL,CALL,26600,10-Jul-2025,7.35,8.5,7.35,70,113,13.17,22.82608695652174,62400,8775,,,,-9.815950920245408
2025-06-18 15:18:47,NIFTY.NSE.OPT.17Jul2025.26600.CALL,CALL,26600,17-Jul-2025,12.6,29.7,79.0,0,1,0.0,0.0,21975,3900,,,,0.0
2025-06-18 15:18:47,NIFTY.NSE.OPT.31Jul2025.26600.CALL,CALL,26600,31-Jul-2025,29.1,29.8,30.0,3199,3068,11.39,20.125293657008616,45375,3675,,,,-14.772727272727279
2025-06-18 15:18:47,NIFTY.NSE.OPT.31Jul2025.26600.PUT,PUT,26600,31-Jul-2025,1372.6,2017.1,1618.25,0,37,0.0,0.0,1800,1800,,,,0.0
2025-06-18 15:18:47,NIFTY.NSE.OPT.28Aug2025.26600.CALL,CALL,26600,28-Aug-2025,92.55,96.95,94.0,634,597,10.99,-3.7096774193548385,22425,4275,,,,-16.108879964301646
2025-06-18 15:18:47,NIFTY.NSE.OPT.28Aug2025.26600.PUT,PUT,26600,28-Aug-2025,1287.65,2006.15,1610.0,6,4,18.02,100.0,1800,1800,,,,8.72501350621286
2025-06-18 15:18:47,NIFTY.NSE.OPT.19Jun2025.26650.CALL,CALL,26650,19-Jun-2025,0.7,0.8,0.7,34798,6171,50.6,-7.370159111377965,771900,172500,,,,-12.50000000000001
2025-06-18 15:18:47,NIFTY.NSE.OPT.19Jun2025.26650.PUT,PUT,26650,19-Jun-2025,1804.6,1901.2,1895.85,0,7,0.0,0.0,900,900,,,,0.0
2025-06-18 15:18:47,NIFTY.NSE.OPT.26Jun2025.26650.CALL,CALL,26650,26-Jun-2025,1.4,1.7,1.65,751,2308,19.17,-5.949470252648736,180300,58050,,,,-2.941176470588238
2025-06-18 15:18:47,NIFTY.NSE.OPT.26Jun2025.26650.PUT,PUT,26650,26-Jun-2025,1811.2,1927.6,1775.35,1,400,0.0,-0.24937655860349128,1950,150,,,,1.8559954102122724
2025-06-18 15:18:47,NIFTY.NSE.OPT.03Jul2025.26650.CALL,CALL,26650,03-Jul-2025,3.4,4.5,4.1,89,120,15.35,64.38356164383562,34500,16125,,,,-18.000000000000007
2025-06-18 15:18:47,NIFTY.NSE.OPT.03Jul2025.26650.PUT,PUT,26650,03-Jul-2025,0.0,0.0,1638.95,0,1,0.0,0.0,0,0,,,,0.0
2025-06-18 15:18:47,NIFTY.NSE.OPT.10Jul2025.26650.CALL,CALL,26650,10-Jul-2025,4.7,9.0,0.0,0,0,0.0,0.0,26100,5025,,,,0.0
2025-06-18 15:18:47,NIFTY.NSE.OPT.17Jul2025.26650.CALL,CALL,26650,17-Jul-2025,6.0,27.95,0.0,0,0,0.0,0.0,19125,3300,,,,0.0
2025-06-18 15:18:47,NIFTY.NSE.OPT.31Jul2025.26650.CALL,CALL,26650,31-Jul-2025,24.4,28.2,27.5,151,153,11.47,23.387096774193548,33900,3000,,,,-15.384615384615385
2025-06-18 15:18:47,NIFTY.NSE.OPT.31Jul2025.26650.PUT,PUT,26650,31-Jul-2025,1560.95,1872.3,1550.65,0,16,0.0,0.0,1050,1875,,,,0.009674298613356398
2025-06-18 15:18:47,NIFTY.NSE.OPT.28Aug2025.26650.CALL,CALL,26650,28-Aug-2025,0.0,140.0,0.0,0,0,0.0,0.0,0,1875,,,,0.0
2025-06-18 15:18:47,NIFTY.NSE.OPT.28Aug2025.26650.PUT,PUT,26650,28-Aug-2025,1266.95,0.0,1519.8,0,2,0.0,0.0,1800,0,,,,0.0
2025-06-18 15:18:47,NIFTY.NSE.OPT.19Jun2025.26700.CALL,CALL,26700,19-Jun-2025,0.6,0.65,0.65,80022,19195,51.4,22.96604740550929,1229250,285675,,,,-13.33333333333333
2025-06-18 15:18:47,NIFTY.NSE.OPT.19Jun2025.26700.PUT,PUT,26700,19-Jun-2025,1856.75,1955.0,1840.0,0,8,0.0,0.0,900,900,,,,0.0
2025-06-18 15:18:47,NIFTY.NSE.OPT.26Jun2025.26700.CALL,CALL,26700,26-Jun-2025,1.55,1.6,1.6,3513,6323,19.55,-2.6182042199291544,839025,76275,,,,-3.0303030303030196
2025-06-18 15:18:47,NIFTY.NSE.OPT.26Jun2025.26700.PUT,PUT,26700,26-Jun-2025,1858.0,2123.4,1846.25,0,26,0.0,0.0,3375,1800,,,,0.0
2025-06-18 15:18:47,NIFTY.NSE.OPT.03Jul2025.26700.CALL,CALL,26700,03-Jul-2025,3.65,3.9,3.65,923,785,15.46,-20.385395537525355,206700,13575,,,,-15.11627906976744
2025-06-18 15:18:47,NIFTY.NSE.OPT.03Jul2025.26700.PUT,PUT,26700,03-Jul-2025,0.0,0.0,1689.45,0,1,0.0,0.0,0,0,,,,0.0
2025-06-18 15:18:47,NIFTY.NSE.OPT.10Jul2025.26700.CALL,CALL,26700,10-Jul-2025,4.95,6.4,5.8,5,14,13.32,27.272727272727273,49575,9300,,,,-16.54676258992806
2025-06-18 15:18:47,NIFTY.NSE.OPT.17Jul2025.26700.CALL,CALL,26700,17-Jul-2025,6.6,22.05,0.0,0,0,0.0,0.0,40425,4350,,,,0.0
2025-06-18 15:18:47,NIFTY.NSE.OPT.31Jul2025.26700.CALL,CALL,26700,31-Jul-2025,24.5,24.95,24.95,1815,1590,11.5,-9.504837791690381,47550,3675,,,,-13.965517241379313
2025-06-18 15:18:47,NIFTY.NSE.OPT.31Jul2025.26700.PUT,PUT,26700,31-Jul-2025,1614.2,2102.55,1595.65,0,14,0.0,0.0,75,1800,,,,0.00940144155437737
2025-06-18 15:18:47,NIFTY.NSE.OPT.28Aug2025.26700.CALL,CALL,26700,28-Aug-2025,87.85,135.55,0.0,0,0,0.0,0.0,750,2250,,,,0.0
2025-06-18 15:18:47,NIFTY.NSE.OPT.28Aug2025.26700.PUT,PUT,26700,28-Aug-2025,1303.45,0.0,1565.0,0,2,0.0,0.0,1800,0,,,,0.0
2025-06-18 15:18:47,NIFTY.NSE.OPT.19Jun2025.26750.CALL,CALL,26750,19-Jun-2025,0.65,0.75,0.75,46228,8611,53.33,5.591661557326794,797250,238875,,,,0.0
2025-06-18 15:18:47,NIFTY.NSE.OPT.19Jun2025.26750.PUT,PUT,26750,19-Jun-2025,1897.55,2003.7,1818.15,0,14,0.0,0.0,900,900,,,,0.0
2025-06-18 15:18:47,NIFTY.NSE.OPT.26Jun2025.26750.CALL,CALL,26750,26-Jun-2025,1.3,1.55,1.5,984,2243,19.85,1.8619436875567665,170925,64950,,,,-6.250000000000005
2025-06-18 15:18:47,NIFTY.NSE.OPT.26Jun2025.26750.PUT,PUT,26750,26-Jun-2025,1787.0,2078.0,1749.0,0,26,0.0,0.0,150,1875,,,,0.0
2025-06-18 15:18:47,NIFTY.NSE.OPT.03Jul2025.26750.CALL,CALL,26750,03-Jul-2025,3.55,3.8,3.5,479,724,15.73,2.987197724039829,41400,22200,,,,-13.580246913580243
2025-06-18 15:18:47,NIFTY.NSE.OPT.03Jul2025.26750.PUT,PUT,26750,03-Jul-2025,0.0,0.0,1737.8,0,1,0.0,0.0,0,0,,,,0.0
2025-06-18 15:18:47,NIFTY.NSE.OPT.10Jul2025.26750.CALL,CALL,26750,10-Jul-2025,4.5,7.6,6.05,91,143,13.71,3.6231884057971016,35250,12000,,,,-2.4193548387096833
2025-06-18 15:18:47,NIFTY.NSE.OPT.31Jul2025.26750.CALL,CALL,26750,31-Jul-2025,22.0,25.45,22.8,199,226,11.55,6.103286384976526,40425,2700,,,,-13.799621928166347
2025-06-18 15:18:47,NIFTY.NSE.OPT.31Jul2025.26750.PUT,PUT,26750,31-Jul-2025,1652.7,2158.45,1643.9,0,10,0.0,0.0,75,1800,,,,0.0
2025-06-18 15:18:47,NIFTY.NSE.OPT.28Aug2025.26750.CALL,CALL,26750,28-Aug-2025,0.0,148.0,0.0,0,0,0.0,0.0,0,1575,,,,0.0
2025-06-18 15:18:47,NIFTY.NSE.OPT.28Aug2025.26750.PUT,PUT,26750,28-Aug-2025,1368.0,0.0,1611.55,0,2,0.0,0.0,1800,0,,,,0.0
2025-06-18 15:18:47,NIFTY.NSE.OPT.19Jun2025.26800.CALL,CALL,26800,19-Jun-2025,0.7,0.75,0.7,156652,61846,54.13,9.858604518971152,2682075,281475,,,,-6.666666666666672
2025-06-18 15:18:47,NIFTY.NSE.OPT.19Jun2025.26800.PUT,PUT,26800,19-Jun-2025,1950.5,2013.9,2016.75,82,38,87.45,-47.945205479452056,900,975,,,,6.450080494048721
2025-06-18 15:18:47,NIFTY.NSE.OPT.26Jun2025.26800.CALL,CALL,26800,26-Jun-2025,1.45,1.5,1.5,6271,8054,20.3,-1.7924643336178514,761400,74250,,,,-9.090909090909086
2025-06-18 15:18:47,NIFTY.NSE.OPT.26Jun2025.26800.PUT,PUT,26800,26-Jun-2025,1829.1,2104.65,1878.6,0,25,0.0,0.0,1425,1800,,,,0.0
2025-06-18 15:18:47,NIFTY.NSE.OPT.03Jul2025.26800.CALL,CALL,26800,03-Jul-2025,3.4,3.55,3.35,421,564,15.99,11.242603550295858,182700,18225,,,,-16.249999999999996
2025-06-18 15:18:47,NIFTY.NSE.OPT.03Jul2025.26800.PUT,PUT,26800,03-Jul-2025,0.0,0.0,1786.75,0,1,0.0,0.0,0,0,,,,0.0
2025-06-18 15:18:47,NIFTY.NSE.OPT.10Jul2025.26800.CALL,CALL,26800,10-Jul-2025,4.35,6.5,5.75,66,61,13.92,60.526315789473685,96000,10725,,,,0.0
2025-06-18 15:18:47,NIFTY.NSE.OPT.31Jul2025.26800.CALL,CALL,26800,31-Jul-2025,20.7,22.0,22.1,7872,9772,11.74,-0.27553832023675884,48000,11775,,,,-7.916666666666661
2025-06-18 15:18:47,NIFTY.NSE.OPT.31Jul2025.26800.PUT,PUT,26800,31-Jul-2025,1850.65,2211.1,1837.4,31,97,19.59,10.227272727272727,4200,1800,,,,1.4829747866670424
2025-06-18 15:18:47,NIFTY.NSE.OPT.28Aug2025.26800.CALL,CALL,26800,28-Aug-2025,78.0,121.6,0.0,0,0,0.0,0.0,750,3000,,,,0.0
2025-06-18 15:18:47,NIFTY.NSE.OPT.28Aug2025.26800.PUT,PUT,26800,28-Aug-2025,1412.0,0.0,1649.85,0,3,0.0,0.0,1800,0,,,,0.0
2025-06-18 15:18:47,NIFTY.NSE.OPT.19Jun2025.26850.CALL,CALL,26850,19-Jun-2025,0.65,0.75,0.75,160015,25620,55.68,-7.881490004314684,1285950,153000,,,,0.0
2025-06-18 15:18:47,NIFTY.NSE.OPT.19Jun2025.26850.PUT,PUT,26850,19-Jun-2025,2007.6,2110.4,1922.25,0,3,0.0,0.0,900,900,,,,0.0
2025-06-18 15:18:47,NIFTY.NSE.OPT.26Jun2025.26850.CALL,CALL,26850,26-Jun-2025,1.3,1.45,1.45,1119,1282,20.66,-3.463855421686747,347925,64350,,,,-12.12121212121212
2025-06-18 15:18:47,NIFTY.NSE.OPT.26Jun2025.26850.PUT,PUT,26850,26-Jun-2025,1704.55,2145.75,1864.0,0,2,0.0,0.0,1800,1800,,,,0.0
2025-06-18 15:18:47,NIFTY.NSE.OPT.03Jul2025.26850.CALL,CALL,26850,03-Jul-2025,3.2,3.75,3.4,94,167,16.37,-4.571428571428571,37125,25575,,,,-21.83908045977011
2025-06-18 15:18:47,NIFTY.NSE.OPT.03Jul2025.26850.PUT,PUT,26850,03-Jul-2025,0.0,0.0,1837.9,0,1,0.0,0.0,0,0,,,,0.0
2025-06-18 15:18:47,NIFTY.NSE.OPT.10Jul2025.26850.CALL,CALL,26850,10-Jul-2025,4.65,6.2,6.2,51,33,14.38,175.0,32100,8475,,,,-22.499999999999996
2025-06-18 15:18:47,NIFTY.NSE.OPT.31Jul2025.26850.CALL,CALL,26850,31-Jul-2025,16.0,47.0,0.0,0,0,0.0,0.0,12750,5100,,,,0.0
2025-06-18 15:18:47,NIFTY.NSE.OPT.31Jul2025.26850.PUT,PUT,26850,31-Jul-2025,1731.2,0.0,1733.2,0,3,0.0,0.0,75,0,,,,0.0
2025-06-18 15:18:47,NIFTY.NSE.OPT.28Aug2025.26850.CALL,CALL,26850,28-Aug-2025,0.0,119.9,0.0,0,0,0.0,0.0,0,1500,,,,0.0
2025-06-18 15:18:47,NIFTY.NSE.OPT.28Aug2025.26850.PUT,PUT,26850,28-Aug-2025,1456.0,0.0,1699.4,0,4,0.0,0.0,1800,0,,,,0.0
2025-06-18 15:18:47,NIFTY.NSE.OPT.19Jun2025.26900.CALL,CALL,26900,19-Jun-2025,0.7,0.75,0.8,220014,89514,57.22,15.989841138207169,4112175,360450,,,,6.666666666666672
2025-06-18 15:18:47,NIFTY.NSE.OPT.19Jun2025.26900.PUT,PUT,26900,19-Jun-2025,2089.9,2147.8,2044.1,2,2,0.0,0.0,975,900,,,,3.7614213197969497
2025-06-18 15:18:47,NIFTY.NSE.OPT.26Jun2025.26900.CALL,CALL,26900,26-Jun-2025,1.45,1.5,1.5,2509,1207,21.18,59.445178335535005,452325,78525,,,,-6.250000000000005
2025-06-18 15:18:47,NIFTY.NSE.OPT.26Jun2025.26900.PUT,PUT,26900,26-Jun-2025,1748.25,2351.9,1913.85,0,2,0.0,0.0,1800,1800,,,,0.0
2025-06-18 15:18:47,NIFTY.NSE.OPT.03Jul2025.26900.CALL,CALL,26900,03-Jul-2025,3.15,3.25,3.15,2044,1696,16.56,5.472636815920398,199875,25575,,,,-16.000000000000004
2025-06-18 15:18:47,NIFTY.NSE.OPT.03Jul2025.26900.PUT,PUT,26900,03-Jul-2025,0.0,0.0,1887.55,0,1,0.0,0.0,0,0,,,,0.0
2025-06-18 15:18:47,NIFTY.NSE.OPT.10Jul2025.26900.CALL,CALL,26900,10-Jul-2025,4.15,5.0,4.85,220,198,14.18,86.79245283018868,98250,26025,,,,-12.612612612612617
2025-06-18 15:18:47,NIFTY.NSE.OPT.31Jul2025.26900.CALL,CALL,26900,31-Jul-2025,17.3,18.15,18.05,2950,3360,11.78,6.836248012718601,51300,7575,,,,-10.864197530864194
2025-06-18 15:18:47,NIFTY.NSE.OPT.31Jul2025.26900.PUT,PUT,26900,31-Jul-2025,1936.45,2000.0,1935.0,5,271,20.24,1.4981273408239701,3900,1875,,,,1.2002824193928008
2025-06-18 15:18:47,NIFTY.NSE.OPT.28Aug2025.26900.CALL,CALL,26900,28-Aug-2025,69.1,112.9,0.0,0,0,0.0,0.0,750,2250,,,,0.0
2025-06-18 15:18:47,NIFTY.NSE.OPT.28Aug2025.26900.PUT,PUT,26900,28-Aug-2025,1479.45,0.0,1740.25,0,2,0.0,0.0,1800,0,,,,0.0
2025-06-18 15:18:47,NIFTY.NSE.OPT.26Jun2025.27000.CALL,CALL,27000,26-Jun-2025,1.4,1.45,1.4,17383,36230,21.89,-0.677126643699798,793875,240450,,,,-9.677419354838717
2025-06-18 15:18:47,NIFTY.NSE.OPT.26Jun2025.27000.PUT,PUT,27000,26-Jun-2025,2178.5,2187.5,2176.75,884,11183,35.62,-1.9207156639186107,3000,3075,,,,2.1540699720768752
2025-06-18 15:18:47,NIFTY.NSE.OPT.25Sep2025.27000.CALL,CALL,27000,25-Sep-2025,137.5,139.45,137.5,2077,7234,11.56,1.501332959169356,30525,17475,,,,-9.50970714050674
2025-06-18 15:18:47,NIFTY.NSE.OPT.25Sep2025.27000.PUT,PUT,27000,25-Sep-2025,1897.05,1905.0,1902.8,576,1858,18.72,17.66941101963268,2700,2250,,,,1.8711352624675455
2025-06-18 15:18:47,NIFTY.NSE.OPT.24Dec2025.27000.CALL,CALL,27000,24-Dec-2025,401.0,403.5,401.8,1880,19500,10.33,2.70906122162333,21825,7875,,,,-4.718994545885695
2025-06-18 15:18:47,NIFTY.NSE.OPT.24Dec2025.27000.PUT,PUT,27000,24-Dec-2025,1760.2,1773.45,1777.0,147,8803,18.18,0.5711892159476029,5175,4950,,,,1.9506597819850833
2025-06-18 15:18:47,NIFTY.NSE.OPT.26Mar2026.27000.CALL,CALL,27000,26-Mar-2026,91.25,0.0,0.0,0,0,0.0,0.0,7500,0,,,,0.0
2025-06-18 15:18:47,NIFTY.NSE.OPT.25Jun2026.27000.CALL,CALL,27000,25-Jun-2026,176.0,0.0,0.0,0,0,0.0,0.0,5250,0,,,,0.0
2025-06-18 15:18:47,NIFTY.NSE.OPT.25Jun2026.27000.PUT,PUT,27000,25-Jun-2026,1200.05,0.0,0.0,0,0,0.0,0.0,150,0,,,,0.0
2025-06-18 15:18:47,NIFTY.NSE.OPT.31Dec2026.27000.CALL,CALL,27000,31-Dec-2026,1765.0,1820.0,1804.25,3,306,5.84,0.0,4500,675,,,,-1.9056162670581176
2025-06-18 15:18:47,NIFTY.NSE.OPT.31Dec2026.27000.PUT,PUT,27000,31-Dec-2026,1650.0,1799.0,1728.0,0,47,0.0,0.0,8175,75,,,,0.0
2025-06-18 15:18:47,NIFTY.NSE.OPT.24Jun2027.27000.PUT,PUT,27000,24-Jun-2027,12.35,0.0,0.0,0,0,0.0,0.0,11100,0,,,,0.0
2025-06-18 15:18:47,NIFTY.NSE.OPT.30Dec2027.27000.CALL,CALL,27000,30-Dec-2027,0.0,0.0,0.0,0,0,0.0,0.0,0,0,,,,0.0
2025-06-18 15:18:47,NIFTY.NSE.OPT.30Dec2027.27000.PUT,PUT,27000,30-Dec-2027,19.45,0.0,2492.45,0,1,0.0,0.0,11175,0,,,,0.0
2025-06-18 15:18:47,NIFTY.NSE.OPT.29Jun2028.27000.PUT,PUT,27000,29-Jun-2028,12.65,0.0,0.0,0,0,0.0,0.0,10950,0,,,,0.0
2025-06-18 15:18:47,NIFTY.NSE.OPT.28Dec2028.27000.PUT,PUT,27000,28-Dec-2028,10.45,0.0,0.0,0,0,0.0,0.0,5550,0,,,,0.0
2025-06-18 15:18:47,NIFTY.NSE.OPT.28Jun2029.27000.PUT,PUT,27000,28-Jun-2029,12.15,0.0,0.0,0,0,0.0,0.0,5550,0,,,,0.0
2025-06-18 15:18:47,NIFTY.NSE.OPT.27Dec2029.27000.PUT,PUT,27000,27-Dec-2029,9.0,0.0,0.0,0,0,0.0,0.0,3750,0,,,,0.0
2025-06-18 15:18:47,NIFTY.NSE.OPT.26Jun2025.28000.CALL,CALL,28000,26-Jun-2025,1.2,1.3,1.2,1666,9989,29.75,-0.90274792500248,424875,125700,,,,-11.11111111111112
2025-06-18 15:18:47,NIFTY.NSE.OPT.26Jun2025.28000.PUT,PUT,28000,26-Jun-2025,3172.75,3184.8,3173.0,82,5408,46.98,-0.9160864785635764,3000,1200,,,,1.5945184426229566
2025-06-18 15:18:47,NIFTY.NSE.OPT.25Sep2025.28000.CALL,CALL,28000,25-Sep-2025,48.7,49.0,49.65,1060,6393,12.17,1.4278914802475011,30300,9375,,,,-11.339285714285717
2025-06-18 15:18:47,NIFTY.NSE.OPT.25Sep2025.28000.PUT,PUT,28000,25-Sep-2025,2770.25,2822.0,2775.0,135,274,21.45,65.06024096385542,75,150,,,,1.3643088049969831
2025-06-18 15:18:47,NIFTY.NSE.OPT.24Dec2025.28000.CALL,CALL,28000,24-Dec-2025,190.3,194.0,190.3,1958,13056,10.57,1.7535200290954434,29100,26250,,,,-6.3023141309699575
2025-06-18 15:18:47,NIFTY.NSE.OPT.24Dec2025.28000.PUT,PUT,28000,24-Dec-2025,2500.1,2518.6,2499.5,326,7837,19.42,1.2662044015676817,6600,3675,,,,1.28454493881189
2025-06-18 15:18:47,NIFTY.NSE.OPT.26Mar2026.28000.CALL,CALL,28000,26-Mar-2026,5.1,700.0,0.0,0,0,0.0,0.0,7350,150,,,,0.0
2025-06-18 15:18:47,NIFTY.NSE.OPT.25Jun2026.28000.CALL,CALL,28000,25-Jun-2026,70.8,0.0,0.0,0,0,0.0,0.0,5250,0,,,,0.0
2025-06-18 15:18:47,NIFTY.NSE.OPT.25Jun2026.28000.PUT,PUT,28000,25-Jun-2026,1550.05,0.0,0.0,0,0,0.0,0.0,150,0,,,,0.0
2025-06-18 15:18:47,NIFTY.NSE.OPT.31Dec2026.28000.CALL,CALL,28000,31-Dec-2026,1355.0,1370.7,1367.6,6,103,7.63,6.185567010309279,4575,525,,,,-0.17518248175183146
2025-06-18 15:18:47,NIFTY.NSE.OPT.31Dec2026.28000.PUT,PUT,28000,31-Dec-2026,2113.1,0.0,2110.05,0,39,0.0,0.0,75,0,,,,0.0
2025-06-18 15:18:47,NIFTY.NSE.OPT.24Jun2027.28000.CALL,CALL,28000,24-Jun-2027,333.7,0.0,0.0,0,0,0.0,0.0,1800,0,,,,0.0
2025-06-18 15:18:47,NIFTY.NSE.OPT.24Jun2027.28000.PUT,PUT,28000,24-Jun-2027,272.25,0.0,0.0,0,0,0.0,0.0,1800,0,,,,0.0
2025-06-18 15:18:47,NIFTY.NSE.OPT.30Dec2027.28000.CALL,CALL,28000,30-Dec-2027,744.0,0.0,0.0,0,0,0.0,0.0,75,0,,,,0.0
2025-06-18 15:18:47,NIFTY.NSE.OPT.30Dec2027.28000.PUT,PUT,28000,30-Dec-2027,37.85,0.0,0.0,0,0,0.0,0.0,2850,0,,,,0.0
2025-06-18 15:18:47,NIFTY.NSE.OPT.29Jun2028.28000.PUT,PUT,28000,29-Jun-2028,9.9,0.0,0.0,0,0,0.0,0.0,10950,0,,,,0.0
2025-06-18 15:18:47,NIFTY.NSE.OPT.28Dec2028.28000.PUT,PUT,28000,28-Dec-2028,9.25,0.0,0.0,0,0,0.0,0.0,10875,0,,,,0.0
2025-06-18 15:18:47,NIFTY.NSE.OPT.28Jun2029.28000.PUT,PUT,28000,28-Jun-2029,11.25,0.0,0.0,0,0,0.0,0.0,5550,0,,,,0.0
2025-06-18 15:18:47,NIFTY.NSE.OPT.27Dec2029.28000.PUT,PUT,28000,27-Dec-2029,8.0,0.0,0.0,0,0,0.0,0.0,3750,0,,,,0.0
2025-06-18 15:18:47,NIFTY.NSE.OPT.26Jun2025.29000.CALL,CALL,29000,26-Jun-2025,1.0,1.15,1.15,4709,7445,37.32,14.890443370023661,608025,126525,,,,4.545454545454529
2025-06-18 15:18:47,NIFTY.NSE.OPT.26Jun2025.29000.PUT,PUT,29000,26-Jun-2025,4169.55,4183.2,4180.55,324,3890,60.67,-5.947775628626692,1425,1950,,,,1.3319274772154308
2025-06-18 15:18:47,NIFTY.NSE.OPT.25Sep2025.29000.CALL,CALL,29000,25-Sep-2025,24.95,25.25,24.95,414,3903,13.6,2.2530783337699765,28050,6150,,,,-6.728971962616825
2025-06-18 15:18:47,NIFTY.NSE.OPT.25Sep2025.29000.PUT,PUT,29000,25-Sep-2025,3715.25,3838.15,3714.75,14,15,24.96,1400.0,450,75,,,,1.7739726027397258
2025-06-18 15:18:47,NIFTY.NSE.OPT.24Dec2025.29000.CALL,CALL,29000,24-Dec-2025,91.8,93.95,92.0,776,5125,11.08,2.643524699599466,27750,35325,,,,-8.820614469772057
2025-06-18 15:18:47,NIFTY.NSE.OPT.24Dec2025.29000.PUT,PUT,29000,24-Dec-2025,3333.15,3357.45,3335.95,340,673,21.47,11.36238279095422,4200,1950,,,,0.7079245283018812
2025-06-18 15:18:47,NIFTY.NSE.OPT.26Mar2026.29000.CALL,CALL,29000,26-Mar-2026,66.6,0.0,0.0,0,0,0.0,0.0,6300,0,,,,0.0
2025-06-18 15:18:47,NIFTY.NSE.OPT.25Jun2026.29000.CALL,CALL,29000,25-Jun-2026,49.95,0.0,0.0,0,0,0.0,0.0,4500,0,,,,0.0
2025-06-18 15:18:47,NIFTY.NSE.OPT.31Dec2026.29000.CALL,CALL,29000,31-Dec-2026,1011.0,1044.45,1042.0,6,66,8.77,6.451612903225806,5550,975,,,,-2.0308386611508
2025-06-18 15:18:47,NIFTY.NSE.OPT.31Dec2026.29000.PUT,PUT,29000,31-Dec-2026,2525.0,0.0,0.0,0,0,0.0,0.0,75,0,,,,0.0
2025-06-18 15:18:47,NIFTY.NSE.OPT.24Jun2027.29000.CALL,CALL,29000,24-Jun-2027,11.25,0.0,0.0,0,0,0.0,0.0,1800,0,,,,0.0
2025-06-18 15:18:47,NIFTY.NSE.OPT.24Jun2027.29000.PUT,PUT,29000,24-Jun-2027,669.0,0.0,0.0,0,0,0.0,0.0,900,0,,,,0.0
2025-06-18 15:18:47,NIFTY.NSE.OPT.30Dec2027.29000.CALL,CALL,29000,30-Dec-2027,364.0,0.0,0.0,0,0,0.0,0.0,1875,0,,,,0.0
2025-06-18 15:18:47,NIFTY.NSE.OPT.30Dec2027.29000.PUT,PUT,29000,30-Dec-2027,360.25,0.0,0.0,0,0,0.0,0.0,1800,0,,,,0.0
2025-06-18 15:18:47,NIFTY.NSE.OPT.29Jun2028.29000.PUT,PUT,29000,29-Jun-2028,111.45,0.0,0.0,0,0,0.0,0.0,3600,0,,,,0.0
2025-06-18 15:18:47,NIFTY.NSE.OPT.28Dec2028.29000.PUT,PUT,29000,28-Dec-2028,9.45,0.0,0.0,0,0,0.0,0.0,10950,0,,,,0.0
2025-06-18 15:18:47,NIFTY.NSE.OPT.28Jun2029.29000.PUT,PUT,29000,28-Jun-2029,12.45,0.0,0.0,0,0,0.0,0.0,5550,0,,,,0.0
2025-06-18 15:18:47,NIFTY.NSE.OPT.27Dec2029.29000.PUT,PUT,29000,27-Dec-2029,7.0,0.0,0.0,0,0,0.0,0.0,3750,0,,,,0.0
2025-06-18 15:18:47,NIFTY.NSE.OPT.26Jun2025.30000.CALL,CALL,30000,26-Jun-2025,1.05,1.1,1.05,10158,56653,44.22,-4.363752996387454,1008825,230175,,,,0.0
2025-06-18 15:18:47,NIFTY.NSE.OPT.25Sep2025.30000.CALL,CALL,30000,25-Sep-2025,14.1,14.75,14.3,249,1137,15.06,13.813813813813814,26850,17250,,,,-3.050847457627114
2025-06-18 15:18:47,NIFTY.NSE.OPT.24Dec2025.30000.CALL,CALL,30000,24-Dec-2025,51.45,52.45,51.45,248,3292,11.95,-0.18192844147968465,220725,8550,,,,-6.877828054298638
2025-06-18 15:18:47,NIFTY.NSE.OPT.24Dec2025.30000.PUT,PUT,30000,24-Dec-2025,4000.0,0.0,4110.0,0,28,0.0,0.0,150,0,,,,0.0
2025-06-18 15:18:47,NIFTY.NSE.OPT.26Mar2026.30000.CALL,CALL,30000,26-Mar-2026,49.95,0.0,0.0,0,0,0.0,0.0,8025,0,,,,0.0
2025-06-18 15:18:47,NIFTY.NSE.OPT.25Jun2026.30000.CALL,CALL,30000,25-Jun-2026,45.0,0.0,0.0,0,0,0.0,0.0,4500,0,,,,0.0
2025-06-18 15:18:47,NIFTY.NSE.OPT.31Dec2026.30000.CALL,CALL,30000,31-Dec-2026,5.0,0.0,0.0,0,0,0.0,0.0,4125,0,,,,0.0
2025-06-18 15:18:47,NIFTY.NSE.OPT.31Dec2026.30000.PUT,PUT,30000,31-Dec-2026,0.0,0.0,0.0,0,0,0.0,0.0,0,0,,,,0.0
2025-06-18 15:18:47,NIFTY.NSE.OPT.24Jun2027.30000.CALL,CALL,30000,24-Jun-2027,3.25,0.0,0.0,0,0,0.0,0.0,5625,0,,,,0.0
2025-06-18 15:18:47,NIFTY.NSE.OPT.24Jun2027.30000.PUT,PUT,30000,24-Jun-2027,1146.0,0.0,0.0,0,0,0.0,0.0,75,0,,,,0.0
2025-06-18 15:18:47,NIFTY.NSE.OPT.30Dec2027.30000.CALL,CALL,30000,30-Dec-2027,53.0,0.0,0.0,0,0,0.0,0.0,1875,0,,,,0.0
2025-06-18 15:18:47,NIFTY.NSE.OPT.30Dec2027.30000.PUT,PUT,30000,30-Dec-2027,745.25,0.0,0.0,0,0,0.0,0.0,1800,0,,,,0.0
2025-06-18 15:18:47,NIFTY.NSE.OPT.29Jun2028.30000.PUT,PUT,30000,29-Jun-2028,430.25,0.0,0.0,0,0,0.0,0.0,1800,0,,,,0.0
2025-06-18 15:18:47,NIFTY.NSE.OPT.28Dec2028.30000.PUT,PUT,30000,28-Dec-2028,161.25,0.0,0.0,0,0,0.0,0.0,1800,0,,,,0.0
2025-06-18 15:18:47,NIFTY.NSE.OPT.28Jun2029.30000.PUT,PUT,30000,28-Jun-2029,9.95,0.0,0.0,0,0,0.0,0.0,5550,0,,,,0.0
2025-06-18 15:18:47,NIFTY.NSE.OPT.27Dec2029.30000.PUT,PUT,30000,27-Dec-2029,6.0,0.0,0.0,0,0,0.0,0.0,3750,0,,,,0.0
2025-06-18 15:18:47,NIFTY.NSE.OPT.24Dec2025.31000.CALL,CALL,31000,24-Dec-2025,31.15,32.9,32.0,95,2080,12.92,1.8606169414068876,13875,4425,,,,-4.191616766467062
