timestamp,symbol,option_type,strike,expiry,bid,ask,last,volume,open_interest,impliedVolatility,pchangeinOpenInterest,totalBuyQuantity,totalSellQuantity,underlyingValue,underlying,identifier,pChange
2025-06-18 15:18:47,BANKNIFTY.NSE.OPT.26Jun2025.40500.CALL,CALL,40500,26-Jun-2025,15083.75,15561.3,14935.0,0,5,0.0,0.0,2820,2760,,,,0.0
2025-06-18 15:18:47,BANKNIFTY.NSE.OPT.26Jun2025.40500.PUT,PUT,40500,26-Jun-2025,2.15,2.2,2.15,25677,8773,73.28,23.459048691246835,92430,36210,,,,-25.862068965517242
2025-06-18 15:18:47,BANKNIFTY.NSE.OPT.25Sep2025.40500.PUT,PUT,40500,25-Sep-2025,1.05,0.0,0.0,0,0,0.0,0.0,595,0,,,,0.0
2025-06-18 15:18:47,BANKNIFTY.NSE.OPT.24Dec2025.40500.PUT,PUT,40500,24-Dec-2025,2.05,0.0,0.0,0,0,0.0,0.0,595,0,,,,0.0
2025-06-18 15:18:47,BANKNIFTY.NSE.OPT.26Jun2025.42000.CALL,CALL,42000,26-Jun-2025,13248.9,14063.05,13800.0,0,1,0.0,0.0,2820,2760,,,,0.0
2025-06-18 15:18:47,BANKNIFTY.NSE.OPT.26Jun2025.42000.PUT,PUT,42000,26-Jun-2025,2.6,2.75,2.75,3542,5781,67.08,1.9037546271813854,18060,19620,,,,-14.062500000000005
2025-06-18 15:18:47,BANKNIFTY.NSE.OPT.25Sep2025.42000.PUT,PUT,42000,25-Sep-2025,1.05,0.0,0.0,0,0,0.0,0.0,595,0,,,,0.0
2025-06-18 15:18:47,BANKNIFTY.NSE.OPT.24Dec2025.42000.PUT,PUT,42000,24-Dec-2025,2.05,0.0,0.0,0,0,0.0,0.0,595,0,,,,0.0
2025-06-18 15:18:47,BANKNIFTY.NSE.OPT.26Mar2026.42000.PUT,PUT,42000,26-Mar-2026,2.05,0.0,0.0,0,0,0.0,0.0,595,0,,,,0.0
2025-06-18 15:18:47,BANKNIFTY.NSE.OPT.26Jun2025.42500.CALL,CALL,42500,26-Jun-2025,12765.1,13576.6,10916.55,0,1,0.0,0.0,2820,2820,,,,0.0
2025-06-18 15:18:47,BANKNIFTY.NSE.OPT.26Jun2025.42500.PUT,PUT,42500,26-Jun-2025,2.4,2.8,2.8,1188,995,64.63,1.4271151885830784,14700,16620,,,,-22.22222222222223
2025-06-18 15:18:47,BANKNIFTY.NSE.OPT.26Jun2025.43000.CALL,CALL,43000,26-Jun-2025,12616.4,13027.05,12820.0,1,106,0.0,-0.9345794392523364,2820,2820,,,,0.4702194357366771
2025-06-18 15:18:47,BANKNIFTY.NSE.OPT.26Jun2025.43000.PUT,PUT,43000,26-Jun-2025,2.55,2.9,2.55,1681,1053,61.56,57.634730538922156,30300,17850,,,,-27.142857142857146
2025-06-18 15:18:47,BANKNIFTY.NSE.OPT.26Jun2025.43500.CALL,CALL,43500,26-Jun-2025,11784.9,12536.25,11500.0,0,1,0.0,0.0,2820,2760,,,,0.0
2025-06-18 15:18:47,BANKNIFTY.NSE.OPT.26Jun2025.43500.PUT,PUT,43500,26-Jun-2025,2.75,3.9,3.15,843,228,60.24,2.242152466367713,11670,14130,,,,-14.864864864864872
2025-06-18 15:18:47,BANKNIFTY.NSE.OPT.25Sep2025.43500.PUT,PUT,43500,25-Sep-2025,1.05,0.0,0.0,0,0,0.0,0.0,595,0,,,,0.0
2025-06-18 15:18:47,BANKNIFTY.NSE.OPT.24Dec2025.43500.PUT,PUT,43500,24-Dec-2025,2.05,0.0,156.0,0,13,0.0,0.0,595,0,,,,0.0
2025-06-18 15:18:47,BANKNIFTY.NSE.OPT.26Mar2026.43500.PUT,PUT,43500,26-Mar-2026,2.05,0.0,0.0,0,0,0.0,0.0,595,0,,,,0.0
2025-06-18 15:18:47,BANKNIFTY.NSE.OPT.26Jun2025.44000.CALL,CALL,44000,26-Jun-2025,11699.0,12029.15,11955.0,0,37,0.0,0.0,2820,2820,,,,0.0
2025-06-18 15:18:47,BANKNIFTY.NSE.OPT.26Jun2025.44000.PUT,PUT,44000,26-Jun-2025,3.1,4.5,3.2,4534,1051,57.82,48.236953455571225,42180,16200,,,,-17.948717948717942
2025-06-18 15:18:47,BANKNIFTY.NSE.OPT.26Jun2025.44500.CALL,CALL,44500,26-Jun-2025,10819.95,11537.25,11250.0,0,3,0.0,0.0,2820,2760,,,,0.0
2025-06-18 15:18:47,BANKNIFTY.NSE.OPT.26Jun2025.44500.PUT,PUT,44500,26-Jun-2025,2.85,3.5,3.5,689,452,55.8,-25.901639344262296,35400,15720,,,,-13.580246913580243
2025-06-18 15:18:47,BANKNIFTY.NSE.OPT.26Jun2025.44900.CALL,CALL,44900,26-Jun-2025,10439.5,11144.1,9129.45,0,2,0.0,0.0,2820,2760,,,,0.0
2025-06-18 15:18:47,BANKNIFTY.NSE.OPT.26Jun2025.44900.PUT,PUT,44900,26-Jun-2025,2.3,4.5,3.3,20,155,53.49,-1.2738853503184713,16710,17040,,,,-27.472527472527474
2025-06-18 15:18:47,BANKNIFTY.NSE.OPT.26Jun2025.45000.CALL,CALL,45000,26-Jun-2025,10850.0,10894.05,10860.0,8,1929,0.0,-0.31007751937984496,2880,2820,,,,1.0232558139534882
2025-06-18 15:18:47,BANKNIFTY.NSE.OPT.26Jun2025.45000.PUT,PUT,45000,26-Jun-2025,3.3,3.6,3.35,5112,9702,53.08,-6.819054936611602,35730,24270,,,,-21.17647058823529
2025-06-18 15:18:47,BANKNIFTY.NSE.OPT.25Sep2025.45000.PUT,PUT,45000,25-Sep-2025,1.05,0.0,0.0,0,0,0.0,0.0,700,0,,,,0.0
2025-06-18 15:18:47,BANKNIFTY.NSE.OPT.24Dec2025.45000.PUT,PUT,45000,24-Dec-2025,36.0,0.0,0.0,0,0,0.0,0.0,840,0,,,,0.0
2025-06-18 15:18:47,BANKNIFTY.NSE.OPT.26Mar2026.45000.PUT,PUT,45000,26-Mar-2026,2.05,0.0,0.0,0,0,0.0,0.0,595,0,,,,0.0
2025-06-18 15:18:47,BANKNIFTY.NSE.OPT.26Jun2025.45100.CALL,CALL,45100,26-Jun-2025,10273.8,10934.0,8941.95,0,2,0.0,0.0,2820,2760,,,,0.0
2025-06-18 15:18:47,BANKNIFTY.NSE.OPT.26Jun2025.45100.PUT,PUT,45100,26-Jun-2025,3.25,4.8,4.0,132,195,53.52,12.068965517241379,19680,11430,,,,-31.623931623931618
2025-06-18 15:18:47,BANKNIFTY.NSE.OPT.26Jun2025.45200.CALL,CALL,45200,26-Jun-2025,10180.4,10833.55,8848.25,0,2,0.0,0.0,2820,2820,,,,0.0
2025-06-18 15:18:47,BANKNIFTY.NSE.OPT.26Jun2025.45200.PUT,PUT,45200,26-Jun-2025,2.6,7.4,3.6,51,64,52.46,-33.333333333333336,14880,210,,,,-20.879120879120876
2025-06-18 15:18:47,BANKNIFTY.NSE.OPT.26Jun2025.45300.CALL,CALL,45300,26-Jun-2025,10055.5,10737.8,8767.5,0,3,0.0,0.0,2820,2760,,,,0.0
2025-06-18 15:18:47,BANKNIFTY.NSE.OPT.26Jun2025.45300.PUT,PUT,45300,26-Jun-2025,2.9,5.5,3.2,81,363,51.36,-0.547945205479452,15720,510,,,,-37.2549019607843
2025-06-18 15:18:47,BANKNIFTY.NSE.OPT.26Jun2025.45400.CALL,CALL,45400,26-Jun-2025,9971.55,10634.3,8662.8,0,3,0.0,0.0,2820,2820,,,,0.0
2025-06-18 15:18:47,BANKNIFTY.NSE.OPT.26Jun2025.45400.PUT,PUT,45400,26-Jun-2025,3.2,5.0,3.8,12,129,51.75,-3.7313432835820897,15450,870,,,,-2.5641025641025665
2025-06-18 15:18:47,BANKNIFTY.NSE.OPT.26Jun2025.45500.CALL,CALL,45500,26-Jun-2025,9893.55,10623.4,5305.3,0,1,0.0,0.0,2820,1260,,,,0.0
2025-06-18 15:18:47,BANKNIFTY.NSE.OPT.26Jun2025.45500.PUT,PUT,45500,26-Jun-2025,3.1,3.75,3.1,1033,923,50.23,6.091954022988506,32580,780,,,,-27.058823529411764
2025-06-18 15:18:47,BANKNIFTY.NSE.OPT.26Jun2025.45600.CALL,CALL,45600,26-Jun-2025,9795.45,10432.95,8502.75,0,4,0.0,0.0,2820,2760,,,,0.0
2025-06-18 15:18:47,BANKNIFTY.NSE.OPT.26Jun2025.45600.PUT,PUT,45600,26-Jun-2025,2.8,5.1,4.5,0,69,0.0,0.0,16740,2190,,,,0.0
2025-06-18 15:18:47,BANKNIFTY.NSE.OPT.26Jun2025.45700.CALL,CALL,45700,26-Jun-2025,9686.9,10331.3,8383.1,0,3,0.0,0.0,2820,2760,,,,0.0
2025-06-18 15:18:47,BANKNIFTY.NSE.OPT.26Jun2025.45700.PUT,PUT,45700,26-Jun-2025,3.1,5.9,3.95,19,21,50.46,-16.0,17280,810,,,,-2.469135802469127
2025-06-18 15:18:47,BANKNIFTY.NSE.OPT.26Jun2025.45800.CALL,CALL,45800,26-Jun-2025,9615.3,10226.55,8302.8,0,4,0.0,0.0,2820,2760,,,,0.0
2025-06-18 15:18:47,BANKNIFTY.NSE.OPT.26Jun2025.45800.PUT,PUT,45800,26-Jun-2025,2.25,4.85,3.75,260,86,49.7,-63.24786324786325,14280,1080,,,,-16.666666666666664
2025-06-18 15:18:47,BANKNIFTY.NSE.OPT.26Jun2025.45900.CALL,CALL,45900,26-Jun-2025,9492.55,10118.65,8209.65,0,4,0.0,0.0,2820,2760,,,,0.0
2025-06-18 15:18:47,BANKNIFTY.NSE.OPT.26Jun2025.45900.PUT,PUT,45900,26-Jun-2025,2.9,5.5,3.65,13,21,49.07,-4.545454545454546,17490,570,,,,-23.958333333333332
2025-06-18 15:18:47,BANKNIFTY.NSE.OPT.26Jun2025.46000.CALL,CALL,46000,26-Jun-2025,9740.7,10025.9,9803.95,18,415,0.0,-4.157043879907621,2850,2820,,,,0.08728586887723923
2025-06-18 15:18:47,BANKNIFTY.NSE.OPT.26Jun2025.46000.PUT,PUT,46000,26-Jun-2025,3.75,3.9,3.75,2977,3181,48.71,4.158480681074002,37620,5910,,,,-17.582417582417577
2025-06-18 15:18:47,BANKNIFTY.NSE.OPT.31Jul2025.46000.CALL,CALL,46000,31-Jul-2025,9230.15,9950.0,9960.0,22,85,0.0,32.8125,1785,2065,,,,0.8607594936708861
2025-06-18 15:18:47,BANKNIFTY.NSE.OPT.31Jul2025.46000.PUT,PUT,46000,31-Jul-2025,16.65,17.9,17.55,884,2117,26.19,-2.036094400740398,11620,6755,,,,-24.999999999999993
2025-06-18 15:18:47,BANKNIFTY.NSE.OPT.26Jun2025.46100.CALL,CALL,46100,26-Jun-2025,9285.4,9924.55,8013.15,0,4,0.0,0.0,3420,2760,,,,0.0
2025-06-18 15:18:47,BANKNIFTY.NSE.OPT.26Jun2025.46100.PUT,PUT,46100,26-Jun-2025,2.75,5.6,5.05,0,47,0.0,0.0,16740,1230,,,,0.0
2025-06-18 15:18:47,BANKNIFTY.NSE.OPT.26Jun2025.46200.CALL,CALL,46200,26-Jun-2025,9247.45,9817.45,7930.0,0,4,0.0,0.0,3420,2760,,,,0.0
2025-06-18 15:18:47,BANKNIFTY.NSE.OPT.26Jun2025.46200.PUT,PUT,46200,26-Jun-2025,3.7,5.0,4.0,28,89,48.04,5.9523809523809526,13680,810,,,,-8.045977011494246
2025-06-18 15:18:47,BANKNIFTY.NSE.OPT.26Jun2025.46300.CALL,CALL,46300,26-Jun-2025,9418.6,9727.25,9220.0,0,10,0.0,0.0,3420,2760,,,,0.0
2025-06-18 15:18:47,BANKNIFTY.NSE.OPT.26Jun2025.46300.PUT,PUT,46300,26-Jun-2025,2.65,5.4,4.9,1,51,48.57,2.0,12540,2070,,,,0.0
2025-06-18 15:18:47,BANKNIFTY.NSE.OPT.26Jun2025.46400.CALL,CALL,46400,26-Jun-2025,9006.5,9612.95,7730.45,0,3,0.0,0.0,3420,3360,,,,0.0
2025-06-18 15:18:47,BANKNIFTY.NSE.OPT.26Jun2025.46400.PUT,PUT,46400,26-Jun-2025,2.7,5.4,4.0,54,86,47.06,48.275862068965516,13140,3390,,,,-12.087912087912084
2025-06-18 15:18:47,BANKNIFTY.NSE.OPT.26Jun2025.46500.CALL,CALL,46500,26-Jun-2025,9201.55,9466.4,9100.0,0,9,0.0,0.0,3360,3450,,,,0.0
2025-06-18 15:18:47,BANKNIFTY.NSE.OPT.26Jun2025.46500.PUT,PUT,46500,26-Jun-2025,3.65,3.9,3.6,727,1764,46.06,-1.8363939899833055,32700,1920,,,,-20.0
2025-06-18 15:18:47,BANKNIFTY.NSE.OPT.31Jul2025.46500.CALL,CALL,46500,31-Jul-2025,8598.35,9768.3,0.0,0,0,0.0,0.0,1785,1785,,,,0.0
2025-06-18 15:18:47,BANKNIFTY.NSE.OPT.31Jul2025.46500.PUT,PUT,46500,31-Jul-2025,19.0,20.5,20.0,66,39,25.41,290.0,8260,3675,,,,-20.318725099601597
2025-06-18 15:18:47,BANKNIFTY.NSE.OPT.25Sep2025.46500.PUT,PUT,46500,25-Sep-2025,1.05,0.0,0.0,0,0,0.0,0.0,665,0,,,,0.0
2025-06-18 15:18:47,BANKNIFTY.NSE.OPT.24Dec2025.46500.PUT,PUT,46500,24-Dec-2025,46.0,0.0,0.0,0,0,0.0,0.0,840,0,,,,0.0
2025-06-18 15:18:47,BANKNIFTY.NSE.OPT.26Mar2026.46500.PUT,PUT,46500,26-Mar-2026,2.05,0.0,0.0,0,0,0.0,0.0,595,0,,,,0.0
2025-06-18 15:18:47,BANKNIFTY.NSE.OPT.26Jun2025.46600.CALL,CALL,46600,26-Jun-2025,8837.25,9537.2,4340.9,0,0,0.0,0.0,3360,1230,,,,0.0
2025-06-18 15:18:47,BANKNIFTY.NSE.OPT.26Jun2025.46600.PUT,PUT,46600,26-Jun-2025,2.55,7.4,4.1,15,69,46.19,0.0,20280,780,,,,-21.153846153846164
2025-06-18 15:18:47,BANKNIFTY.NSE.OPT.26Jun2025.46700.CALL,CALL,46700,26-Jun-2025,8915.85,9528.75,4258.75,0,0,0.0,0.0,3360,1800,,,,0.0
2025-06-18 15:18:47,BANKNIFTY.NSE.OPT.26Jun2025.46700.PUT,PUT,46700,26-Jun-2025,3.05,5.4,5.85,0,32,0.0,0.0,10080,2760,,,,0.0
2025-06-18 15:18:47,BANKNIFTY.NSE.OPT.26Jun2025.46800.CALL,CALL,46800,26-Jun-2025,8636.2,9364.05,4170.8,0,0,0.0,0.0,3360,1800,,,,0.0
2025-06-18 15:18:47,BANKNIFTY.NSE.OPT.26Jun2025.46800.PUT,PUT,46800,26-Jun-2025,2.5,5.4,4.15,71,19,45.26,46.15384615384615,16680,2010,,,,-24.54545454545454
2025-06-18 15:18:47,BANKNIFTY.NSE.OPT.26Jun2025.46900.CALL,CALL,46900,26-Jun-2025,8522.65,9140.6,4086.5,0,2,0.0,0.0,3360,1890,,,,0.0
2025-06-18 15:18:47,BANKNIFTY.NSE.OPT.26Jun2025.46900.PUT,PUT,46900,26-Jun-2025,4.0,5.4,4.5,75,96,45.15,60.0,22680,2100,,,,-17.43119266055046
2025-06-18 15:18:47,BANKNIFTY.NSE.OPT.26Jun2025.47000.CALL,CALL,47000,26-Jun-2025,8723.55,8912.0,8904.65,8,337,0.0,-1.1730205278592376,3360,3480,,,,1.4734455035981386
2025-06-18 15:18:47,BANKNIFTY.NSE.OPT.26Jun2025.47000.PUT,PUT,47000,26-Jun-2025,4.0,4.6,4.0,4218,6146,44.11,-7.272178636089318,41040,2130,,,,-20.0
2025-06-18 15:18:47,BANKNIFTY.NSE.OPT.31Jul2025.47000.CALL,CALL,47000,31-Jul-2025,8768.8,9170.35,8925.0,1,2,0.0,100.0,1820,1820,,,,-0.27932960893854747
2025-06-18 15:18:47,BANKNIFTY.NSE.OPT.31Jul2025.47000.PUT,PUT,47000,31-Jul-2025,25.0,26.6,24.25,70,69,24.83,32.69230769230769,6230,4480,,,,-22.025723472668815
2025-06-18 15:18:47,BANKNIFTY.NSE.OPT.26Jun2025.47100.CALL,CALL,47100,26-Jun-2025,8589.65,8933.3,3920.5,0,5,0.0,0.0,3360,1890,,,,0.0
2025-06-18 15:18:47,BANKNIFTY.NSE.OPT.26Jun2025.47100.PUT,PUT,47100,26-Jun-2025,3.1,5.0,4.2,221,42,43.85,23.529411764705884,15480,900,,,,-40.42553191489361
2025-06-18 15:18:47,BANKNIFTY.NSE.OPT.26Jun2025.47200.CALL,CALL,47200,26-Jun-2025,8252.65,8870.1,8127.0,0,2,0.0,0.0,3360,3360,,,,0.0
2025-06-18 15:18:47,BANKNIFTY.NSE.OPT.26Jun2025.47200.PUT,PUT,47200,26-Jun-2025,3.25,4.6,5.75,0,52,0.0,0.0,14280,810,,,,0.0
2025-06-18 15:18:47,BANKNIFTY.NSE.OPT.26Jun2025.47300.CALL,CALL,47300,26-Jun-2025,8384.1,8721.7,8700.0,1,5,66.7,0.0,3360,3360,,,,3.880597014925373
2025-06-18 15:18:47,BANKNIFTY.NSE.OPT.26Jun2025.47300.PUT,PUT,47300,26-Jun-2025,4.0,5.7,4.35,12,70,43.03,12.903225806451612,16260,2520,,,,-32.55813953488373
2025-06-18 15:18:47,BANKNIFTY.NSE.OPT.26Jun2025.47400.CALL,CALL,47400,26-Jun-2025,8109.5,8778.0,7011.2,0,2,0.0,0.0,3360,3360,,,,0.0
2025-06-18 15:18:47,BANKNIFTY.NSE.OPT.26Jun2025.47400.PUT,PUT,47400,26-Jun-2025,3.5,6.0,4.5,27,72,42.69,-2.7027027027027026,21000,2130,,,,-11.764705882352935
2025-06-18 15:18:47,BANKNIFTY.NSE.OPT.26Jun2025.47500.CALL,CALL,47500,26-Jun-2025,7975.7,8467.65,9400.0,0,4,0.0,0.0,3360,3390,,,,0.0
2025-06-18 15:18:47,BANKNIFTY.NSE.OPT.26Jun2025.47500.PUT,PUT,47500,26-Jun-2025,3.9,5.55,3.9,1208,892,41.57,-15.450236966824644,24780,5940,,,,-28.440366972477065
2025-06-18 15:18:47,BANKNIFTY.NSE.OPT.31Jul2025.47500.CALL,CALL,47500,31-Jul-2025,8096.05,8820.1,0.0,0,0,0.0,0.0,1820,1820,,,,0.0
2025-06-18 15:18:47,BANKNIFTY.NSE.OPT.31Jul2025.47500.PUT,PUT,47500,31-Jul-2025,28.55,30.0,29.95,22,20,24.33,-9.090909090909092,3675,2520,,,,-13.936781609195398
2025-06-18 15:18:47,BANKNIFTY.NSE.OPT.26Jun2025.47600.CALL,CALL,47600,26-Jun-2025,7856.55,8447.15,4765.25,0,2,0.0,0.0,3360,1890,,,,0.0
2025-06-18 15:18:47,BANKNIFTY.NSE.OPT.26Jun2025.47600.PUT,PUT,47600,26-Jun-2025,2.1,6.55,4.5,28,41,41.71,-10.869565217391305,16680,810,,,,-26.22950819672131
2025-06-18 15:18:47,BANKNIFTY.NSE.OPT.26Jun2025.47700.CALL,CALL,47700,26-Jun-2025,7751.45,8460.5,4680.1,0,2,0.0,0.0,3360,1800,,,,0.0
2025-06-18 15:18:47,BANKNIFTY.NSE.OPT.26Jun2025.47700.PUT,PUT,47700,26-Jun-2025,3.1,6.55,4.4,14,53,41.12,0.0,22380,810,,,,-7.368421052631572
2025-06-18 15:18:47,BANKNIFTY.NSE.OPT.26Jun2025.47800.CALL,CALL,47800,26-Jun-2025,7667.55,8307.75,4595.7,0,2,0.0,0.0,3360,1890,,,,0.0
2025-06-18 15:18:47,BANKNIFTY.NSE.OPT.26Jun2025.47800.PUT,PUT,47800,26-Jun-2025,3.05,5.9,4.3,11,193,40.53,-1.0256410256410255,16680,300,,,,-12.244897959183684
2025-06-18 15:18:47,BANKNIFTY.NSE.OPT.26Jun2025.47900.CALL,CALL,47900,26-Jun-2025,7559.05,8223.8,4511.6,0,2,0.0,0.0,3360,1860,,,,0.0
2025-06-18 15:18:47,BANKNIFTY.NSE.OPT.26Jun2025.47900.PUT,PUT,47900,26-Jun-2025,2.95,6.85,4.2,61,28,39.95,3.7037037037037037,16080,300,,,,-36.36363636363636
2025-06-18 15:18:47,BANKNIFTY.NSE.OPT.26Jun2025.48000.CALL,CALL,48000,26-Jun-2025,7800.0,7880.0,7880.0,9,821,0.0,-0.7255139056831923,3660,3420,,,,1.9404915912031047
2025-06-18 15:18:47,BANKNIFTY.NSE.OPT.26Jun2025.48000.PUT,PUT,48000,26-Jun-2025,4.5,4.8,4.8,10750,7634,40.03,-9.592610137375651,52350,12510,,,,-15.04424778761063
2025-06-18 15:18:47,BANKNIFTY.NSE.OPT.31Jul2025.48000.CALL,CALL,48000,31-Jul-2025,7903.45,8075.4,7993.3,20,33,0.0,153.84615384615384,1890,1820,,,,1.0039361372783135
2025-06-18 15:18:47,BANKNIFTY.NSE.OPT.31Jul2025.48000.PUT,PUT,48000,31-Jul-2025,35.0,36.5,36.5,398,867,23.77,7.037037037037037,5180,4795,,,,-11.300121506682864
2025-06-18 15:18:47,BANKNIFTY.NSE.OPT.28Aug2025.48000.CALL,CALL,48000,28-Aug-2025,7451.2,8727.25,8300.0,0,6,0.0,0.0,1785,1785,,,,0.0
2025-06-18 15:18:47,BANKNIFTY.NSE.OPT.28Aug2025.48000.PUT,PUT,48000,28-Aug-2025,41.25,0.0,52.0,0,3,0.0,0.0,1645,0,,,,0.0
2025-06-18 15:18:47,BANKNIFTY.NSE.OPT.25Sep2025.48000.PUT,PUT,48000,25-Sep-2025,135.0,140.0,131.05,51,1478,21.31,-0.06760019314340898,2275,595,,,,-6.292456203074711
2025-06-18 15:18:47,BANKNIFTY.NSE.OPT.24Dec2025.48000.PUT,PUT,48000,24-Dec-2025,56.0,0.0,0.0,0,0,0.0,0.0,945,0,,,,0.0
2025-06-18 15:18:47,BANKNIFTY.NSE.OPT.26Mar2026.48000.PUT,PUT,48000,26-Mar-2026,2.05,0.0,0.0,0,0,0.0,0.0,595,0,,,,0.0
2025-06-18 15:18:47,BANKNIFTY.NSE.OPT.26Jun2025.48100.CALL,CALL,48100,26-Jun-2025,7368.75,7996.7,4346.35,0,2,0.0,0.0,3360,1890,,,,0.0
2025-06-18 15:18:47,BANKNIFTY.NSE.OPT.26Jun2025.48100.PUT,PUT,48100,26-Jun-2025,3.0,8.0,4.55,16,38,39.31,8.571428571428571,16080,12060,,,,-29.457364341085274
2025-06-18 15:18:47,BANKNIFTY.NSE.OPT.26Jun2025.48200.CALL,CALL,48200,26-Jun-2025,7302.55,7859.85,4251.15,0,2,0.0,0.0,3360,1920,,,,0.0
2025-06-18 15:18:47,BANKNIFTY.NSE.OPT.26Jun2025.48200.PUT,PUT,48200,26-Jun-2025,4.55,6.55,4.55,16,127,38.83,-0.78125,16920,240,,,,-25.40983606557377
2025-06-18 15:18:47,BANKNIFTY.NSE.OPT.26Jun2025.48300.CALL,CALL,48300,26-Jun-2025,7373.8,7728.35,7500.0,1,2,0.0,-33.333333333333336,3360,3360,,,,10.294117647058822
2025-06-18 15:18:47,BANKNIFTY.NSE.OPT.26Jun2025.48300.PUT,PUT,48300,26-Jun-2025,4.1,8.25,4.5,18,68,38.29,6.25,15510,780,,,,-28.000000000000004
2025-06-18 15:18:47,BANKNIFTY.NSE.OPT.26Jun2025.48400.CALL,CALL,48400,26-Jun-2025,7324.5,7626.5,7490.0,3,3,0.0,-50.0,3360,3360,,,,-0.7947019867549668
2025-06-18 15:18:47,BANKNIFTY.NSE.OPT.26Jun2025.48400.PUT,PUT,48400,26-Jun-2025,4.4,6.15,5.25,27,88,38.45,-2.2222222222222223,19500,840,,,,-17.322834645669285
2025-06-18 15:18:47,BANKNIFTY.NSE.OPT.26Jun2025.48500.CALL,CALL,48500,26-Jun-2025,7225.3,7517.95,7350.0,0,41,0.0,0.0,3360,3360,,,,1.6126690952324945
2025-06-18 15:18:47,BANKNIFTY.NSE.OPT.26Jun2025.48500.PUT,PUT,48500,26-Jun-2025,4.75,5.6,5.3,2449,1361,38.0,-11.277705345501955,24750,10470,,,,-15.200000000000003
2025-06-18 15:18:47,BANKNIFTY.NSE.OPT.31Jul2025.48500.CALL,CALL,48500,31-Jul-2025,6908.2,7608.65,7600.0,1,1,0.0,0.0,1785,1855,,,,-2.2036351938233874
2025-06-18 15:18:47,BANKNIFTY.NSE.OPT.31Jul2025.48500.PUT,PUT,48500,31-Jul-2025,42.05,44.45,43.35,126,233,23.11,33.142857142857146,2835,2520,,,,-3.773584905660368
2025-06-18 15:18:47,BANKNIFTY.NSE.OPT.28Aug2025.48500.CALL,CALL,48500,28-Aug-2025,6847.5,8118.75,0.0,0,0,0.0,0.0,1785,1785,,,,0.0
2025-06-18 15:18:47,BANKNIFTY.NSE.OPT.28Aug2025.48500.PUT,PUT,48500,28-Aug-2025,80.0,105.0,80.0,3,3,20.89,0.0,1890,1925,,,,-44.54072790294627
2025-06-18 15:18:47,BANKNIFTY.NSE.OPT.26Jun2025.48600.CALL,CALL,48600,26-Jun-2025,6946.5,7433.5,7201.0,0,4,0.0,0.0,3360,3360,,,,0.0
2025-06-18 15:18:47,BANKNIFTY.NSE.OPT.26Jun2025.48600.PUT,PUT,48600,26-Jun-2025,3.85,6.8,5.4,24,97,37.59,-4.901960784313726,17580,1140,,,,-18.796992481203006
2025-06-18 15:18:47,BANKNIFTY.NSE.OPT.31Jul2025.48600.CALL,CALL,48600,31-Jul-2025,6697.5,7736.1,0.0,0,0,0.0,0.0,1785,1785,,,,0.0
2025-06-18 15:18:47,BANKNIFTY.NSE.OPT.31Jul2025.48600.PUT,PUT,48600,31-Jul-2025,21.3,0.0,0.0,0,0,0.0,0.0,2695,0,,,,0.0
2025-06-18 15:18:47,BANKNIFTY.NSE.OPT.26Jun2025.48700.CALL,CALL,48700,26-Jun-2025,6844.25,7532.7,7105.75,0,4,0.0,0.0,3360,2760,,,,0.0
2025-06-18 15:18:47,BANKNIFTY.NSE.OPT.26Jun2025.48700.PUT,PUT,48700,26-Jun-2025,3.1,7.75,5.8,99,37,37.4,27.586206896551722,17580,810,,,,3.5714285714285747
2025-06-18 15:18:47,BANKNIFTY.NSE.OPT.31Jul2025.48700.CALL,CALL,48700,31-Jul-2025,6180.35,7543.85,0.0,0,0,0.0,0.0,1785,1785,,,,0.0
2025-06-18 15:18:47,BANKNIFTY.NSE.OPT.31Jul2025.48700.PUT,PUT,48700,31-Jul-2025,25.4,0.0,0.0,0,0,0.0,0.0,2730,0,,,,0.0
2025-06-18 15:18:47,BANKNIFTY.NSE.OPT.26Jun2025.48800.CALL,CALL,48800,26-Jun-2025,6828.0,7235.55,6848.1,0,5,0.0,0.0,3360,3360,,,,0.0
2025-06-18 15:18:47,BANKNIFTY.NSE.OPT.26Jun2025.48800.PUT,PUT,48800,26-Jun-2025,3.15,6.75,4.85,18,119,36.16,6.25,17280,540,,,,-27.06766917293234
2025-06-18 15:18:47,BANKNIFTY.NSE.OPT.31Jul2025.48800.CALL,CALL,48800,31-Jul-2025,6013.8,7451.25,0.0,0,0,0.0,0.0,2380,1785,,,,0.0
2025-06-18 15:18:47,BANKNIFTY.NSE.OPT.31Jul2025.48800.PUT,PUT,48800,31-Jul-2025,21.3,0.0,0.0,0,0,0.0,0.0,2695,0,,,,0.0
2025-06-18 15:18:47,BANKNIFTY.NSE.OPT.26Jun2025.48900.CALL,CALL,48900,26-Jun-2025,6749.75,7132.5,6913.75,0,1,0.0,0.0,3360,3360,,,,0.0
2025-06-18 15:18:47,BANKNIFTY.NSE.OPT.26Jun2025.48900.PUT,PUT,48900,26-Jun-2025,3.1,6.0,5.15,12,49,35.92,-2.0,16380,360,,,,-26.428571428571423
2025-06-18 15:18:47,BANKNIFTY.NSE.OPT.31Jul2025.48900.CALL,CALL,48900,31-Jul-2025,6019.4,7534.8,0.0,0,0,0.0,0.0,1785,1785,,,,0.0
2025-06-18 15:18:47,BANKNIFTY.NSE.OPT.31Jul2025.48900.PUT,PUT,48900,31-Jul-2025,21.3,0.0,0.0,0,0,0.0,0.0,2695,0,,,,0.0
2025-06-18 15:18:47,BANKNIFTY.NSE.OPT.26Jun2025.49000.CALL,CALL,49000,26-Jun-2025,6750.9,6922.35,6865.35,112,1683,0.0,-5.767077267637178,4080,3450,,,,1.7088888888888942
2025-06-18 15:18:47,BANKNIFTY.NSE.OPT.26Jun2025.49000.PUT,PUT,49000,26-Jun-2025,5.05,6.0,5.95,7079,6514,36.02,-2.250900360144058,44700,8700,,,,-9.160305343511444
2025-06-18 15:18:47,BANKNIFTY.NSE.OPT.31Jul2025.49000.CALL,CALL,49000,31-Jul-2025,6446.05,7168.55,7001.1,4,9,0.0,80.0,1785,1820,,,,2.655425219941354
2025-06-18 15:18:47,BANKNIFTY.NSE.OPT.31Jul2025.49000.PUT,PUT,49000,31-Jul-2025,50.5,51.0,50.75,1295,1527,22.38,29.73661852166525,5250,2590,,,,-8.640864086408637
2025-06-18 15:18:47,BANKNIFTY.NSE.OPT.28Aug2025.49000.CALL,CALL,49000,28-Aug-2025,6440.8,7615.05,0.0,0,0,0.0,0.0,1785,1785,,,,0.0
2025-06-18 15:18:47,BANKNIFTY.NSE.OPT.28Aug2025.49000.PUT,PUT,49000,28-Aug-2025,93.05,112.0,107.45,41,89,20.98,28.985507246376812,2030,1470,,,,-0.5552984729291942
2025-06-18 15:18:47,BANKNIFTY.NSE.OPT.26Jun2025.49100.CALL,CALL,49100,26-Jun-2025,6452.4,6924.85,6500.0,0,1,0.0,0.0,3360,3360,,,,0.0
2025-06-18 15:18:47,BANKNIFTY.NSE.OPT.26Jun2025.49100.PUT,PUT,49100,26-Jun-2025,3.55,8.15,5.7,75,104,35.35,19.54022988505747,20280,240,,,,-18.57142857142857
2025-06-18 15:18:47,BANKNIFTY.NSE.OPT.31Jul2025.49100.CALL,CALL,49100,31-Jul-2025,6225.15,7387.35,0.0,0,0,0.0,0.0,1785,1785,,,,0.0
2025-06-18 15:18:47,BANKNIFTY.NSE.OPT.31Jul2025.49100.PUT,PUT,49100,31-Jul-2025,31.0,0.0,0.0,0,0,0.0,0.0,2695,0,,,,0.0
2025-06-18 15:18:47,BANKNIFTY.NSE.OPT.26Jun2025.49200.CALL,CALL,49200,26-Jun-2025,6539.6,6827.85,6650.0,4,15,0.0,-11.764705882352942,3360,3360,,,,3.90625
2025-06-18 15:18:47,BANKNIFTY.NSE.OPT.26Jun2025.49200.PUT,PUT,49200,26-Jun-2025,3.65,6.4,5.2,155,156,34.49,17.293233082706767,20280,420,,,,-24.637681159420293
2025-06-18 15:18:47,BANKNIFTY.NSE.OPT.31Jul2025.49200.CALL,CALL,49200,31-Jul-2025,6113.45,7118.75,0.0,0,0,0.0,0.0,1785,1785,,,,0.0
2025-06-18 15:18:47,BANKNIFTY.NSE.OPT.31Jul2025.49200.PUT,PUT,49200,31-Jul-2025,33.0,0.0,0.0,0,0,0.0,0.0,2730,0,,,,0.0
2025-06-18 15:18:47,BANKNIFTY.NSE.OPT.26Jun2025.49300.CALL,CALL,49300,26-Jun-2025,6059.55,6772.85,6600.0,1,32,0.0,-3.0303030303030303,3360,2820,,,,4.265402843601896
2025-06-18 15:18:47,BANKNIFTY.NSE.OPT.26Jun2025.49300.PUT,PUT,49300,26-Jun-2025,3.85,8.9,6.0,101,87,34.57,-10.309278350515465,22110,210,,,,-26.829268292682922
2025-06-18 15:18:47,BANKNIFTY.NSE.OPT.31Jul2025.49300.CALL,CALL,49300,31-Jul-2025,6115.7,7195.35,0.0,0,0,0.0,0.0,1785,1785,,,,0.0
2025-06-18 15:18:47,BANKNIFTY.NSE.OPT.31Jul2025.49300.PUT,PUT,49300,31-Jul-2025,31.0,0.0,0.0,0,0,0.0,0.0,2100,0,,,,0.0
2025-06-18 15:18:47,BANKNIFTY.NSE.OPT.26Jun2025.49400.CALL,CALL,49400,26-Jun-2025,6158.4,6641.4,6551.25,0,1,0.0,0.0,3360,3360,,,,0.0
2025-06-18 15:18:47,BANKNIFTY.NSE.OPT.26Jun2025.49400.PUT,PUT,49400,26-Jun-2025,4.7,6.55,6.65,308,77,34.49,-46.89655172413793,18780,900,,,,-9.523809523809515
2025-06-18 15:18:47,BANKNIFTY.NSE.OPT.31Jul2025.49400.CALL,CALL,49400,31-Jul-2025,5644.35,7019.0,0.0,0,0,0.0,0.0,2380,1785,,,,0.0
2025-06-18 15:18:47,BANKNIFTY.NSE.OPT.31Jul2025.49400.PUT,PUT,49400,31-Jul-2025,31.0,0.0,0.0,0,0,0.0,0.0,2100,0,,,,0.0
2025-06-18 15:18:47,BANKNIFTY.NSE.OPT.26Jun2025.49500.CALL,CALL,49500,26-Jun-2025,6331.75,6443.7,6299.0,14,417,0.0,-1.4184397163120568,3840,3420,,,,0.7743256647361795
2025-06-18 15:18:47,BANKNIFTY.NSE.OPT.26Jun2025.49500.PUT,PUT,49500,26-Jun-2025,5.75,6.55,6.15,6204,5477,33.67,5.9996129281981805,36300,2100,,,,-22.151898734177212
2025-06-18 15:18:47,BANKNIFTY.NSE.OPT.31Jul2025.49500.CALL,CALL,49500,31-Jul-2025,5939.4,6666.2,6600.0,0,57,0.0,0.0,2380,2870,,,,0.0
2025-06-18 15:18:47,BANKNIFTY.NSE.OPT.31Jul2025.49500.PUT,PUT,49500,31-Jul-2025,57.0,62.0,57.5,117,282,21.51,5.617977528089888,3500,2730,,,,-13.857677902621724
2025-06-18 15:18:47,BANKNIFTY.NSE.OPT.28Aug2025.49500.CALL,CALL,49500,28-Aug-2025,5948.95,7162.0,0.0,0,0,0.0,0.0,1785,1785,,,,0.0
2025-06-18 15:18:47,BANKNIFTY.NSE.OPT.28Aug2025.49500.PUT,PUT,49500,28-Aug-2025,85.2,161.85,0.0,0,0,0.0,0.0,2835,2450,,,,0.0
2025-06-18 15:18:47,BANKNIFTY.NSE.OPT.25Sep2025.49500.PUT,PUT,49500,25-Sep-2025,170.8,185.15,188.0,2,1345,19.87,0.0,77490,455,,,,-0.37095919448860026
2025-06-18 15:18:47,BANKNIFTY.NSE.OPT.24Dec2025.49500.PUT,PUT,49500,24-Dec-2025,6.0,0.0,0.0,0,0,0.0,0.0,735,0,,,,0.0
2025-06-18 15:18:47,BANKNIFTY.NSE.OPT.26Mar2026.49500.PUT,PUT,49500,26-Mar-2026,2.05,0.0,0.0,0,0,0.0,0.0,595,0,,,,0.0
2025-06-18 15:18:47,BANKNIFTY.NSE.OPT.26Jun2025.49600.CALL,CALL,49600,26-Jun-2025,5975.55,6421.7,6666.6,0,3,0.0,0.0,3360,3360,,,,0.0
2025-06-18 15:18:47,BANKNIFTY.NSE.OPT.26Jun2025.49600.PUT,PUT,49600,26-Jun-2025,5.85,10.75,6.5,193,104,33.4,14.285714285714286,19680,780,,,,-16.129032258064516
2025-06-18 15:18:47,BANKNIFTY.NSE.OPT.31Jul2025.49600.CALL,CALL,49600,31-Jul-2025,5351.5,6701.5,0.0,0,0,0.0,0.0,1785,1785,,,,0.0
2025-06-18 15:18:47,BANKNIFTY.NSE.OPT.31Jul2025.49600.PUT,PUT,49600,31-Jul-2025,32.0,0.0,0.0,0,0,0.0,0.0,2170,0,,,,0.0
2025-06-18 15:18:47,BANKNIFTY.NSE.OPT.26Jun2025.49700.CALL,CALL,49700,26-Jun-2025,5698.65,6473.25,6100.0,2,1,0.0,-66.66666666666667,3300,2820,,,,7.964601769911504
2025-06-18 15:18:47,BANKNIFTY.NSE.OPT.26Jun2025.49700.PUT,PUT,49700,26-Jun-2025,5.05,9.95,6.05,39,220,32.62,2.803738317757009,17880,210,,,,-22.929936305732483
2025-06-18 15:18:47,BANKNIFTY.NSE.OPT.31Jul2025.49700.CALL,CALL,49700,31-Jul-2025,5701.85,6805.45,0.0,0,0,0.0,0.0,1785,1785,,,,0.0
2025-06-18 15:18:47,BANKNIFTY.NSE.OPT.31Jul2025.49700.PUT,PUT,49700,31-Jul-2025,31.3,0.0,0.0,0,0,0.0,0.0,9415,0,,,,0.0
2025-06-18 15:18:47,BANKNIFTY.NSE.OPT.26Jun2025.49800.CALL,CALL,49800,26-Jun-2025,5665.3,6261.5,5900.0,0,61,0.0,0.0,3360,2820,,,,0.0
2025-06-18 15:18:47,BANKNIFTY.NSE.OPT.26Jun2025.49800.PUT,PUT,49800,26-Jun-2025,4.35,9.1,6.45,87,70,32.37,-10.256410256410257,20280,210,,,,-21.341463414634138
2025-06-18 15:18:47,BANKNIFTY.NSE.OPT.31Jul2025.49800.CALL,CALL,49800,31-Jul-2025,5191.25,6507.15,0.0,0,0,0.0,0.0,2380,1785,,,,0.0
2025-06-18 15:18:47,BANKNIFTY.NSE.OPT.31Jul2025.49800.PUT,PUT,49800,31-Jul-2025,31.0,0.0,0.0,0,0,0.0,0.0,7175,0,,,,0.0
2025-06-18 15:18:47,BANKNIFTY.NSE.OPT.26Jun2025.49900.CALL,CALL,49900,26-Jun-2025,5676.85,6178.0,5960.8,0,1,0.0,0.0,3360,2760,,,,0.0
2025-06-18 15:18:47,BANKNIFTY.NSE.OPT.26Jun2025.49900.PUT,PUT,49900,26-Jun-2025,5.85,9.25,6.9,169,167,32.14,-13.020833333333334,18480,810,,,,-17.365269461077837
2025-06-18 15:18:47,BANKNIFTY.NSE.OPT.31Jul2025.49900.CALL,CALL,49900,31-Jul-2025,5512.05,6685.45,0.0,0,0,0.0,0.0,1785,1785,,,,0.0
2025-06-18 15:18:47,BANKNIFTY.NSE.OPT.31Jul2025.49900.PUT,PUT,49900,31-Jul-2025,32.0,0.0,0.0,0,0,0.0,0.0,2730,0,,,,0.0
2025-06-18 15:18:47,BANKNIFTY.NSE.OPT.26Jun2025.50000.CALL,CALL,50000,26-Jun-2025,5806.45,5908.05,5878.05,46,5300,0.0,-0.2071173037092826,4800,4170,,,,2.599884798659472
2025-06-18 15:18:47,BANKNIFTY.NSE.OPT.26Jun2025.50000.PUT,PUT,50000,26-Jun-2025,7.05,7.25,7.25,21153,20769,31.83,-10.763083268883733,90660,18060,,,,-17.142857142857142
2025-06-18 15:18:47,BANKNIFTY.NSE.OPT.31Jul2025.50000.CALL,CALL,50000,31-Jul-2025,5982.8,6160.2,6051.4,51,573,0.0,8.522727272727273,2485,2485,,,,0.5291093188028915
2025-06-18 15:18:47,BANKNIFTY.NSE.OPT.31Jul2025.50000.PUT,PUT,50000,31-Jul-2025,71.0,72.9,71.0,1609,4683,20.97,6.456012730165947,7245,4305,,,,-9.669211195928746
2025-06-18 15:18:47,BANKNIFTY.NSE.OPT.28Aug2025.50000.CALL,CALL,50000,28-Aug-2025,5480.65,6390.0,6400.0,5,57,0.0,9.615384615384615,1785,1890,,,,0.0
2025-06-18 15:18:47,BANKNIFTY.NSE.OPT.28Aug2025.50000.PUT,PUT,50000,28-Aug-2025,136.0,169.1,136.05,53,426,19.67,0.9478672985781991,2450,1330,,,,-9.571286141575259
2025-06-18 15:18:47,BANKNIFTY.NSE.OPT.26Jun2025.50100.CALL,CALL,50100,26-Jun-2025,5633.95,5925.85,5714.75,0,6,0.0,0.0,3360,3360,,,,0.0
2025-06-18 15:18:47,BANKNIFTY.NSE.OPT.26Jun2025.50100.PUT,PUT,50100,26-Jun-2025,6.7,8.0,8.1,300,369,31.76,0.0,21240,690,,,,-7.954545454545466
2025-06-18 15:18:47,BANKNIFTY.NSE.OPT.31Jul2025.50100.CALL,CALL,50100,31-Jul-2025,4801.9,6480.55,0.0,0,0,0.0,0.0,2380,1785,,,,0.0
2025-06-18 15:18:47,BANKNIFTY.NSE.OPT.31Jul2025.50100.PUT,PUT,50100,31-Jul-2025,5.15,0.0,102.95,0,9,0.0,0.0,1505,0,,,,0.0
2025-06-18 15:18:47,BANKNIFTY.NSE.OPT.26Jun2025.50200.CALL,CALL,50200,26-Jun-2025,5517.7,5827.5,5400.0,0,21,0.0,0.0,3360,3360,,,,0.0
2025-06-18 15:18:47,BANKNIFTY.NSE.OPT.26Jun2025.50200.PUT,PUT,50200,26-Jun-2025,5.4,10.35,7.2,267,262,30.8,-6.428571428571429,24300,300,,,,-18.644067796610166
2025-06-18 15:18:47,BANKNIFTY.NSE.OPT.31Jul2025.50200.CALL,CALL,50200,31-Jul-2025,4722.85,6127.35,5723.7,0,1,0.0,0.0,2380,1785,,,,0.0
2025-06-18 15:18:47,BANKNIFTY.NSE.OPT.31Jul2025.50200.PUT,PUT,50200,31-Jul-2025,5.15,95.65,114.0,0,1,0.0,0.0,1505,1785,,,,0.0
2025-06-18 15:18:47,BANKNIFTY.NSE.OPT.26Jun2025.50300.CALL,CALL,50300,26-Jun-2025,5422.7,5726.3,5341.0,0,13,0.0,0.0,3360,3360,,,,0.0
2025-06-18 15:18:47,BANKNIFTY.NSE.OPT.26Jun2025.50300.PUT,PUT,50300,26-Jun-2025,7.35,8.9,7.3,452,128,30.35,-11.724137931034482,22770,600,,,,-24.35233160621762
2025-06-18 15:18:47,BANKNIFTY.NSE.OPT.31Jul2025.50300.CALL,CALL,50300,31-Jul-2025,4590.0,6109.9,5585.85,0,1,0.0,0.0,2380,1785,,,,0.0
2025-06-18 15:18:47,BANKNIFTY.NSE.OPT.31Jul2025.50300.PUT,PUT,50300,31-Jul-2025,5.15,0.0,0.0,0,0,0.0,0.0,1505,0,,,,0.0
2025-06-18 15:18:47,BANKNIFTY.NSE.OPT.26Jun2025.50400.CALL,CALL,50400,26-Jun-2025,5334.55,5625.85,5200.0,0,39,0.0,0.0,3360,3360,,,,0.0
2025-06-18 15:18:47,BANKNIFTY.NSE.OPT.26Jun2025.50400.PUT,PUT,50400,26-Jun-2025,7.65,8.35,8.1,245,211,30.24,2.4271844660194173,20040,540,,,,-17.766497461928935
2025-06-18 15:18:47,BANKNIFTY.NSE.OPT.31Jul2025.50400.CALL,CALL,50400,31-Jul-2025,4569.6,5905.6,5538.7,0,0,0.0,0.0,2380,1785,,,,0.0
2025-06-18 15:18:47,BANKNIFTY.NSE.OPT.31Jul2025.50400.PUT,PUT,50400,31-Jul-2025,5.15,0.0,0.0,0,0,0.0,0.0,1505,0,,,,0.0
2025-06-18 15:18:47,BANKNIFTY.NSE.OPT.26Jun2025.50500.CALL,CALL,50500,26-Jun-2025,5335.3,5402.85,5556.9,0,273,0.0,0.0,3780,3480,,,,0.0
2025-06-18 15:18:47,BANKNIFTY.NSE.OPT.26Jun2025.50500.PUT,PUT,50500,26-Jun-2025,7.15,8.5,8.0,10815,9578,29.69,-0.704955421936554,31740,8100,,,,-23.44497607655502
2025-06-18 15:18:47,BANKNIFTY.NSE.OPT.31Jul2025.50500.CALL,CALL,50500,31-Jul-2025,5537.7,5693.8,5500.0,6,59,0.0,11.320754716981131,2450,2415,,,,-3.508771929824561
2025-06-18 15:18:47,BANKNIFTY.NSE.OPT.31Jul2025.50500.PUT,PUT,50500,31-Jul-2025,83.25,90.2,88.0,366,1379,20.45,6.076923076923077,7875,1050,,,,-6.631299734748011
2025-06-18 15:18:47,BANKNIFTY.NSE.OPT.28Aug2025.50500.CALL,CALL,50500,28-Aug-2025,5001.3,6323.9,0.0,0,0,0.0,0.0,1785,1785,,,,0.0
2025-06-18 15:18:47,BANKNIFTY.NSE.OPT.28Aug2025.50500.PUT,PUT,50500,28-Aug-2025,130.75,207.15,135.0,0,21,0.0,0.0,700,1960,,,,0.0
2025-06-18 15:18:47,BANKNIFTY.NSE.OPT.26Jun2025.50600.CALL,CALL,50600,26-Jun-2025,5130.75,5426.1,5080.0,0,49,0.0,0.0,3360,3360,,,,0.0
2025-06-18 15:18:47,BANKNIFTY.NSE.OPT.26Jun2025.50600.PUT,PUT,50600,26-Jun-2025,8.5,9.85,8.95,411,238,29.61,36.7816091954023,22080,2340,,,,-19.730941704035885
2025-06-18 15:18:47,BANKNIFTY.NSE.OPT.31Jul2025.50600.CALL,CALL,50600,31-Jul-2025,4443.5,5841.25,5359.5,0,1,0.0,0.0,2380,1785,,,,0.0
2025-06-18 15:18:47,BANKNIFTY.NSE.OPT.31Jul2025.50600.PUT,PUT,50600,31-Jul-2025,5.15,0.0,0.0,0,0,0.0,0.0,1505,0,,,,0.0
2025-06-18 15:18:47,BANKNIFTY.NSE.OPT.28Aug2025.50600.CALL,CALL,50600,28-Aug-2025,4820.35,6251.25,0.0,0,0,0.0,0.0,2310,1785,,,,0.0
2025-06-18 15:18:47,BANKNIFTY.NSE.OPT.28Aug2025.50600.PUT,PUT,50600,28-Aug-2025,0.0,0.0,0.0,0,0,0.0,0.0,0,0,,,,0.0
2025-06-18 15:18:47,BANKNIFTY.NSE.OPT.26Jun2025.50700.CALL,CALL,50700,26-Jun-2025,5023.8,5320.05,5100.0,0,15,0.0,0.0,3420,3360,,,,0.0
2025-06-18 15:18:47,BANKNIFTY.NSE.OPT.26Jun2025.50700.PUT,PUT,50700,26-Jun-2025,8.35,9.9,9.1,493,267,29.16,-6.968641114982578,24990,3540,,,,-16.894977168949772
2025-06-18 15:18:47,BANKNIFTY.NSE.OPT.31Jul2025.50700.CALL,CALL,50700,31-Jul-2025,4359.6,5758.55,5291.2,0,2,0.0,0.0,2380,2380,,,,0.0
2025-06-18 15:18:47,BANKNIFTY.NSE.OPT.31Jul2025.50700.PUT,PUT,50700,31-Jul-2025,5.15,140.8,90.4,0,7,0.0,0.0,1505,1785,,,,0.0
2025-06-18 15:18:47,BANKNIFTY.NSE.OPT.28Aug2025.50700.CALL,CALL,50700,28-Aug-2025,4739.8,6147.55,0.0,0,0,0.0,0.0,2380,1785,,,,0.0
2025-06-18 15:18:47,BANKNIFTY.NSE.OPT.28Aug2025.50700.PUT,PUT,50700,28-Aug-2025,0.0,0.0,0.0,0,0,0.0,0.0,0,0,,,,0.0
2025-06-18 15:18:47,BANKNIFTY.NSE.OPT.26Jun2025.50800.CALL,CALL,50800,26-Jun-2025,4927.95,5227.9,5050.0,3,17,0.0,-15.0,3360,3240,,,,8.023701041733522
2025-06-18 15:18:47,BANKNIFTY.NSE.OPT.26Jun2025.50800.PUT,PUT,50800,26-Jun-2025,8.5,10.25,9.45,2125,516,28.79,-2.272727272727273,29340,2580,,,,-18.88412017167383
2025-06-18 15:18:47,BANKNIFTY.NSE.OPT.31Jul2025.50800.CALL,CALL,50800,31-Jul-2025,4281.0,5631.7,5187.15,0,0,0.0,0.0,2380,1785,,,,0.0
2025-06-18 15:18:47,BANKNIFTY.NSE.OPT.31Jul2025.50800.PUT,PUT,50800,31-Jul-2025,5.15,134.6,230.25,0,8,0.0,0.0,1505,1785,,,,0.0
2025-06-18 15:18:47,BANKNIFTY.NSE.OPT.28Aug2025.50800.CALL,CALL,50800,28-Aug-2025,4638.5,6080.75,0.0,0,0,0.0,0.0,2310,1785,,,,0.0
2025-06-18 15:18:47,BANKNIFTY.NSE.OPT.28Aug2025.50800.PUT,PUT,50800,28-Aug-2025,0.0,0.0,0.0,0,0,0.0,0.0,0,0,,,,0.0
2025-06-18 15:18:47,BANKNIFTY.NSE.OPT.26Jun2025.50900.CALL,CALL,50900,26-Jun-2025,4830.0,5128.6,4750.0,0,26,0.0,0.0,3360,3360,,,,0.0
2025-06-18 15:18:47,BANKNIFTY.NSE.OPT.26Jun2025.50900.PUT,PUT,50900,26-Jun-2025,8.3,10.6,9.85,839,340,28.43,-15.841584158415841,70650,8490,,,,-23.046875000000007
2025-06-18 15:18:47,BANKNIFTY.NSE.OPT.31Jul2025.50900.CALL,CALL,50900,31-Jul-2025,4198.85,5439.95,5097.35,0,3,0.0,0.0,2380,1785,,,,0.0
2025-06-18 15:18:47,BANKNIFTY.NSE.OPT.31Jul2025.50900.PUT,PUT,50900,31-Jul-2025,5.15,120.15,119.7,0,13,0.0,0.0,1505,1785,,,,0.0
2025-06-18 15:18:47,BANKNIFTY.NSE.OPT.28Aug2025.50900.CALL,CALL,50900,28-Aug-2025,4543.65,5945.85,0.0,0,0,0.0,0.0,2310,1785,,,,0.0
2025-06-18 15:18:47,BANKNIFTY.NSE.OPT.28Aug2025.50900.PUT,PUT,50900,28-Aug-2025,0.0,333.05,0.0,0,0,0.0,0.0,0,1785,,,,0.0
2025-06-18 15:18:47,BANKNIFTY.NSE.OPT.26Jun2025.51000.CALL,CALL,51000,26-Jun-2025,4786.05,4898.5,4890.0,43,2663,0.0,-1.4433752775721687,5130,3630,,,,2.2157190635451505
2025-06-18 15:18:47,BANKNIFTY.NSE.OPT.26Jun2025.51000.PUT,PUT,51000,26-Jun-2025,9.15,10.1,10.1,27785,25008,28.01,17.889973129684627,41640,7050,,,,-22.007722007722005
2025-06-18 15:18:47,BANKNIFTY.NSE.OPT.31Jul2025.51000.CALL,CALL,51000,31-Jul-2025,5046.55,5216.85,5095.0,11,313,0.0,3.642384105960265,2450,2415,,,,0.8711146307661849
2025-06-18 15:18:47,BANKNIFTY.NSE.OPT.31Jul2025.51000.PUT,PUT,51000,31-Jul-2025,111.1,112.0,112.0,1503,4937,20.04,11.44469525959368,4585,2030,,,,-8.608731130150957
2025-06-18 15:18:47,BANKNIFTY.NSE.OPT.28Aug2025.51000.CALL,CALL,51000,28-Aug-2025,4839.7,5722.25,4799.1,0,1,0.0,0.0,1820,2380,,,,0.0
2025-06-18 15:18:47,BANKNIFTY.NSE.OPT.28Aug2025.51000.PUT,PUT,51000,28-Aug-2025,185.85,199.95,192.25,182,1316,18.83,11.336717428087987,3395,3885,,,,-7.460890493381468
2025-06-18 15:18:47,BANKNIFTY.NSE.OPT.25Sep2025.51000.CALL,CALL,51000,25-Sep-2025,0.0,0.0,5700.0,7,60,0.0,-8.874458874458874,0,0,,,,1.7857142857142856
2025-06-18 15:18:47,BANKNIFTY.NSE.OPT.25Sep2025.51000.PUT,PUT,51000,25-Sep-2025,295.0,300.3,299.0,224,1909,18.95,5.47534516765286,98455,1015,,,,-1.677079907925032
2025-06-18 15:18:47,BANKNIFTY.NSE.OPT.24Dec2025.51000.CALL,CALL,51000,24-Dec-2025,0.0,7521.1,7521.1,0,72,0.0,0.0,0,70,,,,0.0
2025-06-18 15:18:47,BANKNIFTY.NSE.OPT.24Dec2025.51000.PUT,PUT,51000,24-Dec-2025,478.55,500.0,499.95,10,153,18.41,0.6548175865294668,94570,490,,,,-2.610304860231817
2025-06-18 15:18:47,BANKNIFTY.NSE.OPT.26Mar2026.51000.PUT,PUT,51000,26-Mar-2026,2.05,0.0,0.0,0,0,0.0,0.0,595,0,,,,0.0
2025-06-18 15:18:47,BANKNIFTY.NSE.OPT.26Jun2025.51100.CALL,CALL,51100,26-Jun-2025,4658.5,4931.55,4655.0,0,33,0.0,0.0,3360,3360,,,,0.0
2025-06-18 15:18:47,BANKNIFTY.NSE.OPT.26Jun2025.51100.PUT,PUT,51100,26-Jun-2025,9.7,11.65,12.05,979,550,28.17,-14.330218068535826,27630,2940,,,,-12.996389891696744
2025-06-18 15:18:47,BANKNIFTY.NSE.OPT.31Jul2025.51100.CALL,CALL,51100,31-Jul-2025,4051.75,5356.1,4932.15,0,4,0.0,0.0,2380,1785,,,,0.0
2025-06-18 15:18:47,BANKNIFTY.NSE.OPT.31Jul2025.51100.PUT,PUT,51100,31-Jul-2025,10.15,200.0,220.15,0,31,0.0,0.0,910,35,,,,0.0
2025-06-18 15:18:47,BANKNIFTY.NSE.OPT.28Aug2025.51100.CALL,CALL,51100,28-Aug-2025,4398.4,5756.1,0.0,0,0,0.0,0.0,2310,1190,,,,0.0
2025-06-18 15:18:47,BANKNIFTY.NSE.OPT.28Aug2025.51100.PUT,PUT,51100,28-Aug-2025,0.0,406.35,0.0,0,0,0.0,0.0,0,1190,,,,0.0
2025-06-18 15:18:47,BANKNIFTY.NSE.OPT.26Jun2025.51200.CALL,CALL,51200,26-Jun-2025,4551.05,4832.4,4020.0,0,32,0.0,0.0,3360,3360,,,,0.0
2025-06-18 15:18:47,BANKNIFTY.NSE.OPT.26Jun2025.51200.PUT,PUT,51200,26-Jun-2025,10.95,13.05,12.1,1603,675,27.66,37.755102040816325,28950,2430,,,,-18.24324324324325
2025-06-18 15:18:47,BANKNIFTY.NSE.OPT.31Jul2025.51200.CALL,CALL,51200,31-Jul-2025,4159.1,5257.0,4853.55,0,4,0.0,0.0,2380,1785,,,,0.0
2025-06-18 15:18:47,BANKNIFTY.NSE.OPT.31Jul2025.51200.PUT,PUT,51200,31-Jul-2025,10.15,0.0,102.5,0,9,0.0,0.0,910,0,,,,0.0
2025-06-18 15:18:47,BANKNIFTY.NSE.OPT.28Aug2025.51200.CALL,CALL,51200,28-Aug-2025,4325.05,5570.75,0.0,0,0,0.0,0.0,2310,1190,,,,0.0
2025-06-18 15:18:47,BANKNIFTY.NSE.OPT.28Aug2025.51200.PUT,PUT,51200,28-Aug-2025,0.0,0.0,442.7,0,1,0.0,0.0,0,0,,,,0.0
2025-06-18 15:18:47,BANKNIFTY.NSE.OPT.26Jun2025.51300.CALL,CALL,51300,26-Jun-2025,4453.25,4732.75,4700.0,0,21,0.0,0.0,3360,3360,,,,0.0
2025-06-18 15:18:47,BANKNIFTY.NSE.OPT.26Jun2025.51300.PUT,PUT,51300,26-Jun-2025,11.3,13.45,11.65,1084,664,26.98,29.941291585127203,27510,3750,,,,-28.086419753086417
2025-06-18 15:18:47,BANKNIFTY.NSE.OPT.31Jul2025.51300.CALL,CALL,51300,31-Jul-2025,4104.5,5169.9,4766.15,0,4,0.0,0.0,2380,1785,,,,0.0
2025-06-18 15:18:47,BANKNIFTY.NSE.OPT.31Jul2025.51300.PUT,PUT,51300,31-Jul-2025,10.15,167.45,279.95,0,8,0.0,0.0,910,1190,,,,0.0
2025-06-18 15:18:47,BANKNIFTY.NSE.OPT.28Aug2025.51300.CALL,CALL,51300,28-Aug-2025,4166.65,5499.6,0.0,0,0,0.0,0.0,2310,1190,,,,0.0
2025-06-18 15:18:47,BANKNIFTY.NSE.OPT.28Aug2025.51300.PUT,PUT,51300,28-Aug-2025,0.0,0.0,322.9,0,2,0.0,0.0,0,0,,,,0.0
2025-06-18 15:18:47,BANKNIFTY.NSE.OPT.26Jun2025.51400.CALL,CALL,51400,26-Jun-2025,4333.05,4633.3,4415.0,0,32,0.0,0.0,3360,3360,,,,0.0
2025-06-18 15:18:47,BANKNIFTY.NSE.OPT.26Jun2025.51400.PUT,PUT,51400,26-Jun-2025,12.45,12.9,12.95,626,272,26.86,19.823788546255507,27810,2010,,,,-21.51515151515152
2025-06-18 15:18:47,BANKNIFTY.NSE.OPT.31Jul2025.51400.CALL,CALL,51400,31-Jul-2025,4031.65,5023.95,4657.5,0,2,0.0,0.0,2380,1785,,,,0.0
2025-06-18 15:18:47,BANKNIFTY.NSE.OPT.31Jul2025.51400.PUT,PUT,51400,31-Jul-2025,10.15,150.3,147.4,0,23,0.0,0.0,1505,1785,,,,0.0
2025-06-18 15:18:47,BANKNIFTY.NSE.OPT.28Aug2025.51400.CALL,CALL,51400,28-Aug-2025,4119.4,5473.15,0.0,0,0,0.0,0.0,2310,630,,,,0.0
2025-06-18 15:18:47,BANKNIFTY.NSE.OPT.28Aug2025.51400.PUT,PUT,51400,28-Aug-2025,0.0,415.05,0.0,0,0,0.0,0.0,0,1785,,,,0.0
2025-06-18 15:18:47,BANKNIFTY.NSE.OPT.26Jun2025.51500.CALL,CALL,51500,26-Jun-2025,4271.35,4392.8,4382.0,36,580,0.0,-3.814262023217247,3480,3510,,,,1.1180210220258175
2025-06-18 15:18:47,BANKNIFTY.NSE.OPT.26Jun2025.51500.PUT,PUT,51500,26-Jun-2025,12.05,13.55,13.15,22722,9806,26.39,61.018062397372745,32340,2850,,,,-21.95845697329377
2025-06-18 15:18:47,BANKNIFTY.NSE.OPT.31Jul2025.51500.CALL,CALL,51500,31-Jul-2025,4596.55,4735.3,4600.0,32,83,0.0,53.7037037037037,2450,2450,,,,0.8716627377884985
2025-06-18 15:18:47,BANKNIFTY.NSE.OPT.31Jul2025.51500.PUT,PUT,51500,31-Jul-2025,131.25,141.95,136.15,363,2565,19.43,7.09812108559499,3780,2765,,,,-10.072655217965654
2025-06-18 15:18:47,BANKNIFTY.NSE.OPT.28Aug2025.51500.CALL,CALL,51500,28-Aug-2025,4029.75,5299.25,0.0,0,0,0.0,0.0,2310,2380,,,,0.0
2025-06-18 15:18:47,BANKNIFTY.NSE.OPT.28Aug2025.51500.PUT,PUT,51500,28-Aug-2025,170.9,276.6,0.0,0,0,0.0,0.0,2450,2450,,,,0.0
2025-06-18 15:18:47,BANKNIFTY.NSE.OPT.26Jun2025.51600.CALL,CALL,51600,26-Jun-2025,4133.8,4430.75,4157.05,0,27,0.0,0.0,3360,3360,,,,0.0
2025-06-18 15:18:47,BANKNIFTY.NSE.OPT.26Jun2025.51600.PUT,PUT,51600,26-Jun-2025,13.55,15.05,14.35,751,1982,26.19,-0.5020080321285141,30390,2220,,,,-17.528735632183903
2025-06-18 15:18:47,BANKNIFTY.NSE.OPT.31Jul2025.51600.CALL,CALL,51600,31-Jul-2025,3842.0,4860.05,4859.2,0,3,0.0,0.0,2380,1820,,,,0.0
2025-06-18 15:18:47,BANKNIFTY.NSE.OPT.31Jul2025.51600.PUT,PUT,51600,31-Jul-2025,20.15,0.0,308.95,0,4,0.0,0.0,910,0,,,,0.0
2025-06-18 15:18:47,BANKNIFTY.NSE.OPT.28Aug2025.51600.CALL,CALL,51600,28-Aug-2025,3936.5,5274.5,0.0,0,0,0.0,0.0,2310,1785,,,,0.0
2025-06-18 15:18:47,BANKNIFTY.NSE.OPT.28Aug2025.51600.PUT,PUT,51600,28-Aug-2025,0.0,0.0,0.0,0,0,0.0,0.0,0,0,,,,0.0
2025-06-18 15:18:47,BANKNIFTY.NSE.OPT.26Jun2025.51700.CALL,CALL,51700,26-Jun-2025,4063.0,4327.3,4150.0,7,26,0.0,0.0,3360,3240,,,,-23.2668004104764
2025-06-18 15:18:47,BANKNIFTY.NSE.OPT.26Jun2025.51700.PUT,PUT,51700,26-Jun-2025,12.85,15.95,15.2,981,498,25.87,-8.118081180811808,23250,3330,,,,-20.000000000000004
2025-06-18 15:18:47,BANKNIFTY.NSE.OPT.31Jul2025.51700.CALL,CALL,51700,31-Jul-2025,3736.95,4752.9,4371.55,0,3,0.0,0.0,2380,2380,,,,0.0
2025-06-18 15:18:47,BANKNIFTY.NSE.OPT.31Jul2025.51700.PUT,PUT,51700,31-Jul-2025,20.15,230.7,213.45,0,59,0.0,0.0,210,595,,,,0.0
2025-06-18 15:18:47,BANKNIFTY.NSE.OPT.28Aug2025.51700.CALL,CALL,51700,28-Aug-2025,3836.9,5191.95,0.0,0,0,0.0,0.0,2310,595,,,,0.0
2025-06-18 15:18:47,BANKNIFTY.NSE.OPT.28Aug2025.51700.PUT,PUT,51700,28-Aug-2025,0.0,0.0,530.35,0,2,0.0,0.0,0,0,,,,0.0
2025-06-18 15:18:47,BANKNIFTY.NSE.OPT.26Jun2025.51800.CALL,CALL,51800,26-Jun-2025,3963.7,4208.45,3900.0,0,62,0.0,0.0,3360,3360,,,,0.0
2025-06-18 15:18:47,BANKNIFTY.NSE.OPT.26Jun2025.51800.PUT,PUT,51800,26-Jun-2025,15.0,16.8,15.1,1249,573,25.3,-12.51908396946565,22290,3300,,,,-23.544303797468356
2025-06-18 15:18:47,BANKNIFTY.NSE.OPT.31Jul2025.51800.CALL,CALL,51800,31-Jul-2025,3621.55,4627.4,4325.2,0,1,0.0,0.0,2380,2380,,,,0.0
2025-06-18 15:18:47,BANKNIFTY.NSE.OPT.31Jul2025.51800.PUT,PUT,51800,31-Jul-2025,120.05,204.05,170.5,3,71,19.61,4.411764705882353,2205,1960,,,,0.14684287812041116
2025-06-18 15:18:47,BANKNIFTY.NSE.OPT.28Aug2025.51800.CALL,CALL,51800,28-Aug-2025,3653.35,5103.45,0.0,0,0,0.0,0.0,2310,595,,,,0.0
2025-06-18 15:18:47,BANKNIFTY.NSE.OPT.28Aug2025.51800.PUT,PUT,51800,28-Aug-2025,0.0,0.0,0.0,0,0,0.0,0.0,0,0,,,,0.0
2025-06-18 15:18:47,BANKNIFTY.NSE.OPT.26Jun2025.51900.CALL,CALL,51900,26-Jun-2025,3805.45,4133.95,4040.65,0,41,0.0,0.0,3360,3360,,,,0.0
2025-06-18 15:18:47,BANKNIFTY.NSE.OPT.26Jun2025.51900.PUT,PUT,51900,26-Jun-2025,16.45,17.55,16.9,1147,675,25.21,4.006163328197227,22440,3420,,,,-21.39534883720931
2025-06-18 15:18:47,BANKNIFTY.NSE.OPT.31Jul2025.51900.CALL,CALL,51900,31-Jul-2025,3609.9,4547.9,4133.75,0,6,0.0,0.0,2380,2380,,,,0.0
2025-06-18 15:18:47,BANKNIFTY.NSE.OPT.31Jul2025.51900.PUT,PUT,51900,31-Jul-2025,25.15,189.0,134.35,0,1,0.0,0.0,910,1785,,,,0.0
2025-06-18 15:18:47,BANKNIFTY.NSE.OPT.28Aug2025.51900.CALL,CALL,51900,28-Aug-2025,3541.05,5082.35,0.0,0,0,0.0,0.0,1120,1190,,,,0.0
2025-06-18 15:18:47,BANKNIFTY.NSE.OPT.28Aug2025.51900.PUT,PUT,51900,28-Aug-2025,0.0,431.35,0.0,0,0,0.0,0.0,0,1785,,,,0.0
2025-06-18 15:18:47,BANKNIFTY.NSE.OPT.26Jun2025.52000.CALL,CALL,52000,26-Jun-2025,3851.0,3904.25,3900.0,98,3675,0.0,-1.580074986609534,5580,4110,,,,4.0
2025-06-18 15:18:47,BANKNIFTY.NSE.OPT.26Jun2025.52000.PUT,PUT,52000,26-Jun-2025,16.8,18.0,17.9,50387,23893,24.85,11.187118991111731,44100,16230,,,,-21.663019693654277
2025-06-18 15:18:47,BANKNIFTY.NSE.OPT.31Jul2025.52000.CALL,CALL,52000,31-Jul-2025,4147.55,4253.35,4180.4,52,735,0.0,5.0,3080,3010,,,,0.8406604672479997
2025-06-18 15:18:47,BANKNIFTY.NSE.OPT.31Jul2025.52000.PUT,PUT,52000,31-Jul-2025,172.5,176.95,176.95,2568,6443,19.15,8.085891628921322,7945,5460,,,,-5.247657295850073
2025-06-18 15:18:47,BANKNIFTY.NSE.OPT.28Aug2025.52000.CALL,CALL,52000,28-Aug-2025,3648.95,4769.1,0.0,0,0,0.0,0.0,2380,2415,,,,0.0
2025-06-18 15:18:47,BANKNIFTY.NSE.OPT.28Aug2025.52000.PUT,PUT,52000,28-Aug-2025,291.0,300.05,291.0,369,1106,18.39,23.713646532438478,4585,3045,,,,-6.068431245965143
2025-06-18 15:18:47,BANKNIFTY.NSE.OPT.26Jun2025.52100.CALL,CALL,52100,26-Jun-2025,3666.95,3936.5,4450.0,0,10,0.0,0.0,3360,3360,,,,0.0
2025-06-18 15:18:47,BANKNIFTY.NSE.OPT.26Jun2025.52100.PUT,PUT,52100,26-Jun-2025,17.85,19.9,19.2,3023,949,24.59,37.735849056603776,21900,4860,,,,-19.832985386221296
2025-06-18 15:18:47,BANKNIFTY.NSE.OPT.31Jul2025.52100.CALL,CALL,52100,31-Jul-2025,3728.05,4482.0,4073.9,0,2,0.0,0.0,1820,2135,,,,0.0
2025-06-18 15:18:47,BANKNIFTY.NSE.OPT.31Jul2025.52100.PUT,PUT,52100,31-Jul-2025,10.15,0.0,181.0,0,70,0.0,0.0,1505,0,,,,0.0
2025-06-18 15:18:47,BANKNIFTY.NSE.OPT.28Aug2025.52100.CALL,CALL,52100,28-Aug-2025,3313.85,5276.45,0.0,0,0,0.0,0.0,595,1190,,,,0.0
2025-06-18 15:18:47,BANKNIFTY.NSE.OPT.28Aug2025.52100.PUT,PUT,52100,28-Aug-2025,0.0,0.0,0.0,0,0,0.0,0.0,0,0,,,,0.0
2025-06-18 15:18:47,BANKNIFTY.NSE.OPT.26Jun2025.52200.CALL,CALL,52200,26-Jun-2025,3543.3,3837.7,3430.0,0,82,0.0,0.0,3390,3360,,,,0.0
2025-06-18 15:18:47,BANKNIFTY.NSE.OPT.26Jun2025.52200.PUT,PUT,52200,26-Jun-2025,19.75,20.9,19.75,2072,947,24.14,-8.678881388621022,35910,7200,,,,-20.682730923694777
2025-06-18 15:18:47,BANKNIFTY.NSE.OPT.31Jul2025.52200.CALL,CALL,52200,31-Jul-2025,3644.0,4332.75,3871.95,0,0,0.0,0.0,1820,2380,,,,0.0
2025-06-18 15:18:47,BANKNIFTY.NSE.OPT.31Jul2025.52200.PUT,PUT,52200,31-Jul-2025,10.15,0.0,200.25,11,55,19.16,14.583333333333334,1505,0,,,,-0.8908685968819654
2025-06-18 15:18:47,BANKNIFTY.NSE.OPT.28Aug2025.52200.CALL,CALL,52200,28-Aug-2025,3319.8,4742.95,0.0,0,0,0.0,0.0,2310,595,,,,0.0
2025-06-18 15:18:47,BANKNIFTY.NSE.OPT.28Aug2025.52200.PUT,PUT,52200,28-Aug-2025,0.0,0.0,0.0,0,0,0.0,0.0,0,0,,,,0.0
2025-06-18 15:18:47,BANKNIFTY.NSE.OPT.26Jun2025.52300.CALL,CALL,52300,26-Jun-2025,3474.95,3731.25,3452.3,0,17,0.0,0.0,3630,3360,,,,0.0
2025-06-18 15:18:47,BANKNIFTY.NSE.OPT.26Jun2025.52300.PUT,PUT,52300,26-Jun-2025,20.8,21.95,21.95,5094,1054,24.0,62.65432098765432,30960,8760,,,,-19.890510948905106
2025-06-18 15:18:47,BANKNIFTY.NSE.OPT.31Jul2025.52300.CALL,CALL,52300,31-Jul-2025,3330.5,4154.7,4405.7,0,2,0.0,0.0,2380,1190,,,,0.0
2025-06-18 15:18:47,BANKNIFTY.NSE.OPT.31Jul2025.52300.PUT,PUT,52300,31-Jul-2025,0.0,277.95,201.6,0,27,0.0,0.0,0,1225,,,,0.0
2025-06-18 15:18:47,BANKNIFTY.NSE.OPT.28Aug2025.52300.CALL,CALL,52300,28-Aug-2025,3141.9,5084.9,0.0,0,0,0.0,0.0,595,1190,,,,0.0
2025-06-18 15:18:47,BANKNIFTY.NSE.OPT.28Aug2025.52300.PUT,PUT,52300,28-Aug-2025,0.0,621.25,0.0,0,0,0.0,0.0,0,1785,,,,0.0
2025-06-18 15:18:47,BANKNIFTY.NSE.OPT.26Jun2025.52400.CALL,CALL,52400,26-Jun-2025,3371.6,3640.3,4399.05,0,2,0.0,0.0,3360,3360,,,,0.0
2025-06-18 15:18:47,BANKNIFTY.NSE.OPT.26Jun2025.52400.PUT,PUT,52400,26-Jun-2025,22.5,24.0,22.8,2436,1218,23.58,-4.545454545454546,28560,6510,,,,-22.18430034129693
2025-06-18 15:18:47,BANKNIFTY.NSE.OPT.31Jul2025.52400.CALL,CALL,52400,31-Jul-2025,3235.75,4141.2,3629.05,0,2,0.0,0.0,1785,2135,,,,0.0
2025-06-18 15:18:47,BANKNIFTY.NSE.OPT.31Jul2025.52400.PUT,PUT,52400,31-Jul-2025,2.0,235.4,234.85,2,71,19.39,1.4285714285714286,2100,1190,,,,0.0
2025-06-18 15:18:47,BANKNIFTY.NSE.OPT.28Aug2025.52400.CALL,CALL,52400,28-Aug-2025,3078.4,4759.9,0.0,0,0,0.0,0.0,595,1190,,,,0.0
2025-06-18 15:18:47,BANKNIFTY.NSE.OPT.28Aug2025.52400.PUT,PUT,52400,28-Aug-2025,0.0,504.7,0.0,0,0,0.0,0.0,0,1785,,,,0.0
2025-06-18 15:18:47,BANKNIFTY.NSE.OPT.26Jun2025.52500.CALL,CALL,52500,26-Jun-2025,3374.7,3454.85,3399.7,64,2077,0.0,-1.4705882352941178,5520,3930,,,,2.246616541353378
2025-06-18 15:18:47,BANKNIFTY.NSE.OPT.26Jun2025.52500.PUT,PUT,52500,26-Jun-2025,24.4,24.95,24.4,36889,12255,23.28,-0.7852979274611399,35940,10230,,,,-21.16316639741519
2025-06-18 15:18:47,BANKNIFTY.NSE.OPT.31Jul2025.52500.CALL,CALL,52500,31-Jul-2025,3685.85,3789.0,3725.9,3,99,0.0,0.0,2625,2450,,,,0.7285851390259471
2025-06-18 15:18:47,BANKNIFTY.NSE.OPT.31Jul2025.52500.PUT,PUT,52500,31-Jul-2025,214.5,219.0,218.95,1334,3796,18.64,21.04591836734694,4235,4095,,,,-6.829787234042558
2025-06-18 15:18:47,BANKNIFTY.NSE.OPT.28Aug2025.52500.CALL,CALL,52500,28-Aug-2025,3090.55,4364.55,0.0,0,0,0.0,0.0,595,2415,,,,0.0
2025-06-18 15:18:47,BANKNIFTY.NSE.OPT.28Aug2025.52500.PUT,PUT,52500,28-Aug-2025,331.05,388.25,364.3,13,19,18.33,137.5,1470,2485,,,,-2.4762414670057553
2025-06-18 15:18:47,BANKNIFTY.NSE.OPT.25Sep2025.52500.CALL,CALL,52500,25-Sep-2025,3235.0,4619.8,4399.45,1,472,0.0,0.2121855107608366,35,210,,,,4.140085926311669
2025-06-18 15:18:47,BANKNIFTY.NSE.OPT.25Sep2025.52500.PUT,PUT,52500,25-Sep-2025,463.5,477.75,475.7,238,1884,18.13,4.9570337364735835,97405,525,,,,0.4646251319957737
2025-06-18 15:18:47,BANKNIFTY.NSE.OPT.24Dec2025.52500.PUT,PUT,52500,24-Dec-2025,701.0,800.0,730.0,0,120,0.0,0.0,101045,105,,,,0.454107609742666
2025-06-18 15:18:47,BANKNIFTY.NSE.OPT.26Mar2026.52500.PUT,PUT,52500,26-Mar-2026,2.05,0.0,0.0,0,0,0.0,0.0,595,0,,,,0.0
2025-06-18 15:18:47,BANKNIFTY.NSE.OPT.26Jun2025.52600.CALL,CALL,52600,26-Jun-2025,3178.4,3445.45,3150.0,0,11,0.0,0.0,3630,3360,,,,0.0
2025-06-18 15:18:47,BANKNIFTY.NSE.OPT.26Jun2025.52600.PUT,PUT,52600,26-Jun-2025,25.6,27.4,27.2,3683,1433,23.14,77.57125154894672,26340,9210,,,,-20.23460410557185
2025-06-18 15:18:47,BANKNIFTY.NSE.OPT.31Jul2025.52600.CALL,CALL,52600,31-Jul-2025,3318.55,3927.1,4699.2,0,1,0.0,0.0,1260,2380,,,,0.0
2025-06-18 15:18:47,BANKNIFTY.NSE.OPT.31Jul2025.52600.PUT,PUT,52600,31-Jul-2025,0.0,0.0,248.0,1,45,19.02,2.272727272727273,0,0,,,,-21.66771951989893
2025-06-18 15:18:47,BANKNIFTY.NSE.OPT.28Aug2025.52600.CALL,CALL,52600,28-Aug-2025,0.0,4908.7,0.0,0,0,0.0,0.0,0,1190,,,,0.0
2025-06-18 15:18:47,BANKNIFTY.NSE.OPT.28Aug2025.52600.PUT,PUT,52600,28-Aug-2025,0.0,0.0,0.0,0,0,0.0,0.0,0,0,,,,0.0
2025-06-18 15:18:47,BANKNIFTY.NSE.OPT.26Jun2025.52700.CALL,CALL,52700,26-Jun-2025,3079.65,3347.25,3855.0,0,4,0.0,0.0,3360,3360,,,,0.0
2025-06-18 15:18:47,BANKNIFTY.NSE.OPT.26Jun2025.52700.PUT,PUT,52700,26-Jun-2025,27.05,29.05,27.05,2790,1212,22.78,0.6644518272425249,24930,6450,,,,-22.824536376604843
2025-06-18 15:18:47,BANKNIFTY.NSE.OPT.31Jul2025.52700.CALL,CALL,52700,31-Jul-2025,3238.7,3783.15,3991.7,0,3,0.0,0.0,1820,1190,,,,0.0
2025-06-18 15:18:47,BANKNIFTY.NSE.OPT.31Jul2025.52700.PUT,PUT,52700,31-Jul-2025,1.6,296.5,255.8,9,103,18.85,0.9803921568627451,665,630,,,,-2.1423106350420684
2025-06-18 15:18:47,BANKNIFTY.NSE.OPT.28Aug2025.52700.CALL,CALL,52700,28-Aug-2025,0.0,4712.8,0.0,0,0,0.0,0.0,0,1190,,,,0.0
2025-06-18 15:18:47,BANKNIFTY.NSE.OPT.28Aug2025.52700.PUT,PUT,52700,28-Aug-2025,0.0,0.0,0.0,0,0,0.0,0.0,0,0,,,,0.0
2025-06-18 15:18:47,BANKNIFTY.NSE.OPT.26Jun2025.52800.CALL,CALL,52800,26-Jun-2025,2967.5,3226.85,3056.0,0,74,0.0,0.0,3630,3360,,,,0.0
2025-06-18 15:18:47,BANKNIFTY.NSE.OPT.26Jun2025.52800.PUT,PUT,52800,26-Jun-2025,29.6,31.0,29.55,4941,2067,22.3,2.478929102627665,26250,4230,,,,-26.217228464419467
2025-06-18 15:18:47,BANKNIFTY.NSE.OPT.31Jul2025.52800.CALL,CALL,52800,31-Jul-2025,3157.85,4011.05,3735.7,0,3,0.0,0.0,1820,1190,,,,0.0
2025-06-18 15:18:47,BANKNIFTY.NSE.OPT.31Jul2025.52800.PUT,PUT,52800,31-Jul-2025,1.2,375.0,252.8,15,96,18.43,3.225806451612903,665,35,,,,-9.195402298850563
2025-06-18 15:18:47,BANKNIFTY.NSE.OPT.28Aug2025.52800.CALL,CALL,52800,28-Aug-2025,0.0,4706.1,0.0,0,0,0.0,0.0,0,1190,,,,0.0
2025-06-18 15:18:47,BANKNIFTY.NSE.OPT.28Aug2025.52800.PUT,PUT,52800,28-Aug-2025,0.0,685.2,0.0,0,0,0.0,0.0,0,595,,,,0.0
2025-06-18 15:18:47,BANKNIFTY.NSE.OPT.26Jun2025.52900.CALL,CALL,52900,26-Jun-2025,2882.15,3144.65,2901.85,0,11,0.0,0.0,3360,3360,,,,0.0
2025-06-18 15:18:47,BANKNIFTY.NSE.OPT.26Jun2025.52900.PUT,PUT,52900,26-Jun-2025,30.6,32.65,32.65,3883,1229,22.12,24.898373983739837,24660,2850,,,,-18.578553615960107
2025-06-18 15:18:47,BANKNIFTY.NSE.OPT.31Jul2025.52900.CALL,CALL,52900,31-Jul-2025,3078.25,4195.0,3633.5,0,2,0.0,0.0,1365,1190,,,,0.0
2025-06-18 15:18:47,BANKNIFTY.NSE.OPT.31Jul2025.52900.PUT,PUT,52900,31-Jul-2025,1.2,344.95,266.2,25,33,18.38,50.0,665,1225,,,,-4.244604316546767
2025-06-18 15:18:47,BANKNIFTY.NSE.OPT.28Aug2025.52900.CALL,CALL,52900,28-Aug-2025,0.0,4334.9,0.0,0,0,0.0,0.0,0,1190,,,,0.0
2025-06-18 15:18:47,BANKNIFTY.NSE.OPT.28Aug2025.52900.PUT,PUT,52900,28-Aug-2025,0.0,603.65,0.0,0,0,0.0,0.0,0,1190,,,,0.0
2025-06-18 15:18:47,BANKNIFTY.NSE.OPT.26Jun2025.53000.CALL,CALL,53000,26-Jun-2025,2907.35,2911.0,2911.0,1001,4062,0.0,-7.786606129398411,5640,4410,,,,3.3735795454545454
2025-06-18 15:18:47,BANKNIFTY.NSE.OPT.26Jun2025.53000.PUT,PUT,53000,26-Jun-2025,33.85,34.65,34.45,63719,32642,21.74,22.364672364672366,59940,42570,,,,-20.98623853211009
2025-06-18 15:18:47,BANKNIFTY.NSE.OPT.31Jul2025.53000.CALL,CALL,53000,31-Jul-2025,3245.65,3358.3,3300.0,67,919,0.0,6.8604651162790695,3150,3465,,,,1.5384615384615385
2025-06-18 15:18:47,BANKNIFTY.NSE.OPT.31Jul2025.53000.PUT,PUT,53000,31-Jul-2025,273.5,282.65,279.0,3328,5582,18.31,14.997939843428101,5740,3010,,,,-7.108373564175135
2025-06-18 15:18:47,BANKNIFTY.NSE.OPT.28Aug2025.53000.CALL,CALL,53000,28-Aug-2025,2934.8,3893.8,4551.0,0,1,0.0,0.0,595,2415,,,,0.0
2025-06-18 15:18:47,BANKNIFTY.NSE.OPT.28Aug2025.53000.PUT,PUT,53000,28-Aug-2025,425.2,438.0,437.95,140,722,18.07,11.764705882352942,3605,105,,,,-2.5153032832498634
2025-06-18 15:18:47,BANKNIFTY.NSE.OPT.26Jun2025.53100.CALL,CALL,53100,26-Jun-2025,2736.4,2933.55,2700.0,0,100,0.0,0.0,3870,3360,,,,0.0
2025-06-18 15:18:47,BANKNIFTY.NSE.OPT.26Jun2025.53100.PUT,PUT,53100,26-Jun-2025,36.0,38.2,36.35,3251,1159,21.36,0.43327556325823224,21780,6360,,,,-22.659574468085104
2025-06-18 15:18:47,BANKNIFTY.NSE.OPT.31Jul2025.53100.CALL,CALL,53100,31-Jul-2025,2571.1,3817.3,3412.2,0,4,0.0,0.0,1785,1190,,,,-1.5337556091015365
2025-06-18 15:18:47,BANKNIFTY.NSE.OPT.31Jul2025.53100.PUT,PUT,53100,31-Jul-2025,245.85,0.0,305.15,6,16,18.52,60.0,35,0,,,,1.9715956558061747
2025-06-18 15:18:47,BANKNIFTY.NSE.OPT.28Aug2025.53100.CALL,CALL,53100,28-Aug-2025,0.0,4565.4,0.0,0,0,0.0,0.0,0,1190,,,,0.0
2025-06-18 15:18:47,BANKNIFTY.NSE.OPT.28Aug2025.53100.PUT,PUT,53100,28-Aug-2025,0.0,0.0,0.0,0,0,0.0,0.0,0,0,,,,0.0
2025-06-18 15:18:47,BANKNIFTY.NSE.OPT.26Jun2025.53200.CALL,CALL,53200,26-Jun-2025,2638.45,2798.7,2865.45,0,18,0.0,0.0,3390,3390,,,,0.0
2025-06-18 15:18:47,BANKNIFTY.NSE.OPT.26Jun2025.53200.PUT,PUT,53200,26-Jun-2025,38.9,41.35,38.85,5338,1949,21.09,6.212534059945504,27690,3930,,,,-25.360230547550426
2025-06-18 15:18:47,BANKNIFTY.NSE.OPT.31Jul2025.53200.CALL,CALL,53200,31-Jul-2025,2494.2,0.0,3115.0,0,4,0.0,0.0,2380,0,,,,0.0
2025-06-18 15:18:47,BANKNIFTY.NSE.OPT.31Jul2025.53200.PUT,PUT,53200,31-Jul-2025,1.05,0.0,323.1,1,8,18.52,14.285714285714286,595,0,,,,-2.9438269750675743
2025-06-18 15:18:47,BANKNIFTY.NSE.OPT.28Aug2025.53200.CALL,CALL,53200,28-Aug-2025,0.0,4250.55,0.0,0,0,0.0,0.0,0,1190,,,,0.0
2025-06-18 15:18:47,BANKNIFTY.NSE.OPT.28Aug2025.53200.PUT,PUT,53200,28-Aug-2025,0.0,0.0,0.0,0,0,0.0,0.0,0,0,,,,0.0
2025-06-18 15:18:47,BANKNIFTY.NSE.OPT.26Jun2025.53300.CALL,CALL,53300,26-Jun-2025,2540.45,2738.3,2739.85,0,73,0.0,0.0,3390,3360,,,,0.0
2025-06-18 15:18:47,BANKNIFTY.NSE.OPT.26Jun2025.53300.PUT,PUT,53300,26-Jun-2025,41.7,44.0,44.0,10537,1767,20.94,-26.436303080766027,22410,6030,,,,-20.289855072463773
2025-06-18 15:18:47,BANKNIFTY.NSE.OPT.31Jul2025.53300.CALL,CALL,53300,31-Jul-2025,2315.65,3544.4,3314.55,0,2,0.0,0.0,1785,2380,,,,0.0
2025-06-18 15:18:47,BANKNIFTY.NSE.OPT.31Jul2025.53300.PUT,PUT,53300,31-Jul-2025,1.2,437.7,323.0,55,73,18.14,58.69565217391305,630,1750,,,,-8.238636363636363
2025-06-18 15:18:47,BANKNIFTY.NSE.OPT.28Aug2025.53300.CALL,CALL,53300,28-Aug-2025,0.0,4338.4,0.0,0,0,0.0,0.0,0,1190,,,,0.0
2025-06-18 15:18:47,BANKNIFTY.NSE.OPT.28Aug2025.53300.PUT,PUT,53300,28-Aug-2025,0.0,0.0,0.0,0,0,0.0,0.0,0,0,,,,0.0
2025-06-18 15:18:47,BANKNIFTY.NSE.OPT.26Jun2025.53400.CALL,CALL,53400,26-Jun-2025,2449.5,2598.45,2671.5,0,30,0.0,0.0,3090,3390,,,,0.0
2025-06-18 15:18:47,BANKNIFTY.NSE.OPT.26Jun2025.53400.PUT,PUT,53400,26-Jun-2025,45.65,48.3,45.2,6734,2536,20.41,78.21503865073788,29100,3630,,,,-22.668947818648416
2025-06-18 15:18:47,BANKNIFTY.NSE.OPT.31Jul2025.53400.CALL,CALL,53400,31-Jul-2025,2695.7,3216.35,2915.35,1,8,0.0,14.285714285714286,1820,1785,,,,2.208705102809964
2025-06-18 15:18:47,BANKNIFTY.NSE.OPT.31Jul2025.53400.PUT,PUT,53400,31-Jul-2025,0.0,0.0,332.1,6,45,17.95,0.0,0,0,,,,-27.568157033805885
2025-06-18 15:18:47,BANKNIFTY.NSE.OPT.28Aug2025.53400.CALL,CALL,53400,28-Aug-2025,0.0,4242.25,0.0,0,0,0.0,0.0,0,1190,,,,0.0
2025-06-18 15:18:47,BANKNIFTY.NSE.OPT.28Aug2025.53400.PUT,PUT,53400,28-Aug-2025,0.0,837.2,0.0,0,0,0.0,0.0,0,1785,,,,0.0
2025-06-18 15:18:47,BANKNIFTY.NSE.OPT.26Jun2025.53500.CALL,CALL,53500,26-Jun-2025,2392.25,2516.65,2400.4,37,1636,0.0,-0.8484848484848485,5610,3840,,,,4.035019286612053
2025-06-18 15:18:47,BANKNIFTY.NSE.OPT.26Jun2025.53500.PUT,PUT,53500,26-Jun-2025,49.25,50.85,49.9,45914,17407,20.21,13.010452509251445,31860,10530,,,,-21.725490196078432
2025-06-18 15:18:47,BANKNIFTY.NSE.OPT.31Jul2025.53500.CALL,CALL,53500,31-Jul-2025,2853.55,2928.45,2866.65,6,172,0.0,1.7751479289940828,2940,2555,,,,0.11699786959102813
2025-06-18 15:18:47,BANKNIFTY.NSE.OPT.31Jul2025.53500.PUT,PUT,53500,31-Jul-2025,342.65,355.0,343.45,761,2141,17.79,13.70154009559214,3465,1260,,,,-8.340005337603417
2025-06-18 15:18:47,BANKNIFTY.NSE.OPT.28Aug2025.53500.CALL,CALL,53500,28-Aug-2025,2600.8,3455.95,0.0,0,0,0.0,0.0,595,1820,,,,0.0
2025-06-18 15:18:47,BANKNIFTY.NSE.OPT.28Aug2025.53500.PUT,PUT,53500,28-Aug-2025,483.85,0.0,514.55,3,73,17.66,4.285714285714286,3360,0,,,,-4.712962962962972
2025-06-18 15:18:47,BANKNIFTY.NSE.OPT.26Jun2025.53600.CALL,CALL,53600,26-Jun-2025,2254.85,2408.9,2216.05,0,73,0.0,0.0,3660,3390,,,,0.0
2025-06-18 15:18:47,BANKNIFTY.NSE.OPT.26Jun2025.53600.PUT,PUT,53600,26-Jun-2025,54.3,56.55,55.5,6044,1938,20.05,-2.6619789050728278,20580,5160,,,,-18.20191599115696
2025-06-18 15:18:47,BANKNIFTY.NSE.OPT.31Jul2025.53600.CALL,CALL,53600,31-Jul-2025,2532.35,3049.2,3062.2,0,5,0.0,0.0,1365,1190,,,,0.0
2025-06-18 15:18:47,BANKNIFTY.NSE.OPT.31Jul2025.53600.PUT,PUT,53600,31-Jul-2025,327.75,0.0,352.35,9,10,17.58,66.66666666666667,840,0,,,,12.878423834694875
2025-06-18 15:18:47,BANKNIFTY.NSE.OPT.28Aug2025.53600.CALL,CALL,53600,28-Aug-2025,0.0,3500.35,0.0,0,0,0.0,0.0,0,2380,,,,0.0
2025-06-18 15:18:47,BANKNIFTY.NSE.OPT.28Aug2025.53600.PUT,PUT,53600,28-Aug-2025,431.95,592.35,0.0,0,0,0.0,0.0,490,1225,,,,0.0
2025-06-18 15:18:47,BANKNIFTY.NSE.OPT.26Jun2025.53700.CALL,CALL,53700,26-Jun-2025,2116.8,2314.3,2250.0,5,83,16.81,0.0,3540,3420,,,,11.386138613861387
2025-06-18 15:18:47,BANKNIFTY.NSE.OPT.26Jun2025.53700.PUT,PUT,53700,26-Jun-2025,57.6,60.75,57.9,6119,1835,19.57,-10.618606916707257,22080,5070,,,,-23.005319148936177
2025-06-18 15:18:47,BANKNIFTY.NSE.OPT.31Jul2025.53700.CALL,CALL,53700,31-Jul-2025,2011.35,2935.3,3103.5,0,5,0.0,0.0,1435,2380,,,,0.0
2025-06-18 15:18:47,BANKNIFTY.NSE.OPT.31Jul2025.53700.PUT,PUT,53700,31-Jul-2025,375.0,415.0,402.2,83,61,18.13,15.09433962264151,875,35,,,,-8.559736273729687
2025-06-18 15:18:47,BANKNIFTY.NSE.OPT.28Aug2025.53700.CALL,CALL,53700,28-Aug-2025,0.0,3420.15,0.0,0,0,0.0,0.0,0,2380,,,,0.0
2025-06-18 15:18:47,BANKNIFTY.NSE.OPT.28Aug2025.53700.PUT,PUT,53700,28-Aug-2025,407.35,615.25,0.0,0,0,0.0,0.0,490,1995,,,,0.0
2025-06-18 15:18:47,BANKNIFTY.NSE.OPT.26Jun2025.53800.CALL,CALL,53800,26-Jun-2025,2109.7,2275.55,2110.0,11,52,0.0,0.0,3690,3360,,,,1.5619359341532004
2025-06-18 15:18:47,BANKNIFTY.NSE.OPT.26Jun2025.53800.PUT,PUT,53800,26-Jun-2025,62.75,65.9,65.05,8184,3420,19.45,-10.68164011491251,20430,6210,,,,-19.64175416924028
2025-06-18 15:18:47,BANKNIFTY.NSE.OPT.31Jul2025.53800.CALL,CALL,53800,31-Jul-2025,1852.05,2905.1,2729.6,0,5,0.0,0.0,2380,1820,,,,0.0
2025-06-18 15:18:47,BANKNIFTY.NSE.OPT.31Jul2025.53800.PUT,PUT,53800,31-Jul-2025,0.0,566.7,558.0,0,56,0.0,0.0,0,1190,,,,0.0
2025-06-18 15:18:47,BANKNIFTY.NSE.OPT.28Aug2025.53800.CALL,CALL,53800,28-Aug-2025,0.0,3609.45,0.0,0,0,0.0,0.0,0,1785,,,,0.0
2025-06-18 15:18:47,BANKNIFTY.NSE.OPT.28Aug2025.53800.PUT,PUT,53800,28-Aug-2025,0.0,783.75,0.0,0,0,0.0,0.0,0,2275,,,,0.0
2025-06-18 15:18:47,BANKNIFTY.NSE.OPT.26Jun2025.53900.CALL,CALL,53900,26-Jun-2025,1935.35,2173.7,1998.7,0,72,0.0,0.0,3630,3720,,,,0.0
2025-06-18 15:18:47,BANKNIFTY.NSE.OPT.26Jun2025.53900.PUT,PUT,53900,26-Jun-2025,68.9,72.0,70.25,7274,2256,19.13,0.6244424620874219,15330,9120,,,,-21.288515406162464
2025-06-18 15:18:47,BANKNIFTY.NSE.OPT.31Jul2025.53900.CALL,CALL,53900,31-Jul-2025,1772.2,2867.45,0.0,0,0,0.0,0.0,1645,2380,,,,0.0
2025-06-18 15:18:47,BANKNIFTY.NSE.OPT.31Jul2025.53900.PUT,PUT,53900,31-Jul-2025,0.0,470.0,462.2,2,76,18.39,1.3333333333333333,0,35,,,,-1.2393162393162416
2025-06-18 15:18:47,BANKNIFTY.NSE.OPT.28Aug2025.53900.CALL,CALL,53900,28-Aug-2025,0.0,3246.55,0.0,0,0,0.0,0.0,0,2380,,,,0.0
2025-06-18 15:18:47,BANKNIFTY.NSE.OPT.28Aug2025.53900.PUT,PUT,53900,28-Aug-2025,480.45,739.7,0.0,0,0,0.0,0.0,140,175,,,,0.0
2025-06-18 15:18:47,BANKNIFTY.NSE.OPT.26Jun2025.54000.CALL,CALL,54000,26-Jun-2025,1940.0,1968.2,1960.0,844,6128,15.89,-1.2727565651683583,5790,6390,,,,5.136113718653614
2025-06-18 15:18:47,BANKNIFTY.NSE.OPT.26Jun2025.54000.PUT,PUT,54000,26-Jun-2025,75.35,77.0,76.65,99215,33160,18.86,-7.2473497244832314,101370,62070,,,,-21.424910302409014
2025-06-18 15:18:47,BANKNIFTY.NSE.OPT.31Jul2025.54000.CALL,CALL,54000,31-Jul-2025,2461.6,2534.95,2509.6,113,1169,9.64,-0.25597269624573377,2870,3395,,,,1.840316526326465
2025-06-18 15:18:47,BANKNIFTY.NSE.OPT.31Jul2025.54000.PUT,PUT,54000,31-Jul-2025,444.4,449.95,449.95,3040,6108,17.76,8.33628946434906,4375,4025,,,,-5.789363484087109
2025-06-18 15:18:47,BANKNIFTY.NSE.OPT.28Aug2025.54000.CALL,CALL,54000,28-Aug-2025,2836.15,3007.35,2880.0,1,93,7.23,1.0869565217391304,1680,4865,,,,-0.7734844700167038
2025-06-18 15:18:47,BANKNIFTY.NSE.OPT.28Aug2025.54000.PUT,PUT,54000,28-Aug-2025,628.2,647.95,630.0,88,488,17.6,0.411522633744856,3080,4410,,,,-3.5886448848419996
2025-06-18 15:18:47,BANKNIFTY.NSE.OPT.25Sep2025.54000.CALL,CALL,54000,25-Sep-2025,3133.3,3315.0,3300.0,2,321,7.35,0.6258381761287438,280,105,,,,3.4482758620689653
2025-06-18 15:18:47,BANKNIFTY.NSE.OPT.25Sep2025.54000.PUT,PUT,54000,25-Sep-2025,789.3,812.0,800.05,131,676,17.98,15.347137637028014,68635,595,,,,-0.8120505826927928
2025-06-18 15:18:47,BANKNIFTY.NSE.OPT.24Dec2025.54000.CALL,CALL,54000,24-Dec-2025,4000.1,0.0,4500.0,1,33,0.0,0.0,70,0,,,,0.0
2025-06-18 15:18:47,BANKNIFTY.NSE.OPT.24Dec2025.54000.PUT,PUT,54000,24-Dec-2025,900.0,0.0,0.0,0,0,0.0,0.0,805,0,,,,0.0
2025-06-18 15:18:47,BANKNIFTY.NSE.OPT.26Mar2026.54000.PUT,PUT,54000,26-Mar-2026,2.05,0.0,0.0,0,0,0.0,0.0,595,0,,,,0.0
2025-06-18 15:18:47,BANKNIFTY.NSE.OPT.26Jun2025.54100.CALL,CALL,54100,26-Jun-2025,1755.05,1936.85,1860.0,9,138,15.22,1.4705882352941178,3660,2790,,,,4.72972972972973
2025-06-18 15:18:47,BANKNIFTY.NSE.OPT.26Jun2025.54100.PUT,PUT,54100,26-Jun-2025,82.45,85.4,85.2,9795,2498,18.68,10.972900932918703,15300,3600,,,,-19.81176470588235
2025-06-18 15:18:47,BANKNIFTY.NSE.OPT.31Jul2025.54100.CALL,CALL,54100,31-Jul-2025,2257.35,2505.4,2372.0,0,2,0.0,0.0,2450,2415,,,,0.0
2025-06-18 15:18:47,BANKNIFTY.NSE.OPT.31Jul2025.54100.PUT,PUT,54100,31-Jul-2025,275.05,485.1,485.1,12,25,17.95,-10.714285714285714,630,420,,,,-1.3823947956901717
2025-06-18 15:18:47,BANKNIFTY.NSE.OPT.28Aug2025.54100.CALL,CALL,54100,28-Aug-2025,0.0,3049.8,0.0,0,0,0.0,0.0,0,2730,,,,0.0
2025-06-18 15:18:47,BANKNIFTY.NSE.OPT.28Aug2025.54100.PUT,PUT,54100,28-Aug-2025,0.0,989.45,0.0,0,0,0.0,0.0,0,980,,,,0.0
2025-06-18 15:18:47,BANKNIFTY.NSE.OPT.26Jun2025.54200.CALL,CALL,54200,26-Jun-2025,1757.95,1893.45,1692.25,1,70,0.0,0.0,3780,3360,,,,-0.1710763059316338
2025-06-18 15:18:47,BANKNIFTY.NSE.OPT.26Jun2025.54200.PUT,PUT,54200,26-Jun-2025,89.95,93.1,90.25,23012,9189,18.24,118.525564803805,15180,5820,,,,-22.698072805139187
2025-06-18 15:18:47,BANKNIFTY.NSE.OPT.31Jul2025.54200.CALL,CALL,54200,31-Jul-2025,2071.85,2898.3,2310.0,2,6,8.98,-14.285714285714286,1330,595,,,,0.004329191739898223
2025-06-18 15:18:47,BANKNIFTY.NSE.OPT.31Jul2025.54200.PUT,PUT,54200,31-Jul-2025,480.0,678.95,489.05,21,85,17.58,-4.49438202247191,105,1785,,,,-5.852343825199736
2025-06-18 15:18:47,BANKNIFTY.NSE.OPT.28Aug2025.54200.CALL,CALL,54200,28-Aug-2025,0.0,3335.75,0.0,0,0,0.0,0.0,0,2730,,,,0.0
2025-06-18 15:18:47,BANKNIFTY.NSE.OPT.28Aug2025.54200.PUT,PUT,54200,28-Aug-2025,543.3,910.0,0.0,0,0,0.0,0.0,525,3535,,,,0.0
2025-06-18 15:18:47,BANKNIFTY.NSE.OPT.26Jun2025.54300.CALL,CALL,54300,26-Jun-2025,1576.8,1799.45,1687.65,14,102,15.94,4.081632653061225,3630,2790,,,,5.00559980089597
2025-06-18 15:18:47,BANKNIFTY.NSE.OPT.26Jun2025.54300.PUT,PUT,54300,26-Jun-2025,100.3,102.7,102.6,15575,2459,18.11,11.721944570649704,17280,5880,,,,-20.000000000000004
2025-06-18 15:18:47,BANKNIFTY.NSE.OPT.31Jul2025.54300.CALL,CALL,54300,31-Jul-2025,2134.15,2329.0,2275.65,0,8,0.0,0.0,35,2415,,,,0.0
2025-06-18 15:18:47,BANKNIFTY.NSE.OPT.31Jul2025.54300.PUT,PUT,54300,31-Jul-2025,0.0,522.9,498.75,12,33,17.31,-13.157894736842104,0,1820,,,,-5.620210048254338
2025-06-18 15:18:47,BANKNIFTY.NSE.OPT.28Aug2025.54300.CALL,CALL,54300,28-Aug-2025,1985.1,2902.2,0.0,0,0,0.0,0.0,595,2730,,,,0.0
2025-06-18 15:18:47,BANKNIFTY.NSE.OPT.28Aug2025.54300.PUT,PUT,54300,28-Aug-2025,669.85,901.05,0.0,0,0,0.0,0.0,35,3920,,,,0.0
2025-06-18 15:18:47,BANKNIFTY.NSE.OPT.26Jun2025.54400.CALL,CALL,54400,26-Jun-2025,1570.55,1664.45,1543.35,6,111,11.57,2.7777777777777777,3660,2850,,,,2.7564166583441434
2025-06-18 15:18:47,BANKNIFTY.NSE.OPT.26Jun2025.54400.PUT,PUT,54400,26-Jun-2025,110.0,111.0,111.0,8923,2791,17.86,25.43820224719101,16440,9960,,,,-21.360255047821468
2025-06-18 15:18:47,BANKNIFTY.NSE.OPT.31Jul2025.54400.CALL,CALL,54400,31-Jul-2025,0.0,2744.05,2061.7,0,4,0.0,0.0,0,245,,,,0.0
2025-06-18 15:18:47,BANKNIFTY.NSE.OPT.31Jul2025.54400.PUT,PUT,54400,31-Jul-2025,0.0,719.3,530.0,27,45,17.39,12.5,0,1785,,,,-6.028368794326241
2025-06-18 15:18:47,BANKNIFTY.NSE.OPT.28Aug2025.54400.CALL,CALL,54400,28-Aug-2025,0.0,3342.7,0.0,0,0,0.0,0.0,0,2030,,,,0.0
2025-06-18 15:18:47,BANKNIFTY.NSE.OPT.28Aug2025.54400.PUT,PUT,54400,28-Aug-2025,0.0,996.3,0.0,0,0,0.0,0.0,0,280,,,,0.0
2025-06-18 15:18:47,BANKNIFTY.NSE.OPT.26Jun2025.54500.CALL,CALL,54500,26-Jun-2025,1496.5,1512.25,1499.5,1211,2103,15.18,-2.3223409196470044,7350,5400,,,,5.464903643269099
2025-06-18 15:18:47,BANKNIFTY.NSE.OPT.26Jun2025.54500.PUT,PUT,54500,26-Jun-2025,121.0,123.6,123.5,66088,22503,17.69,4.987403191191564,85740,28230,,,,-19.465275513531136
2025-06-18 15:18:47,BANKNIFTY.NSE.OPT.31Jul2025.54500.CALL,CALL,54500,31-Jul-2025,2074.8,2214.65,2119.6,97,263,10.67,6.048387096774194,1295,3115,,,,2.3516345550243765
2025-06-18 15:18:47,BANKNIFTY.NSE.OPT.31Jul2025.54500.PUT,PUT,54500,31-Jul-2025,557.0,575.0,564.2,1338,2148,17.49,13.530655391120508,3605,2100,,,,-5.8882402001667975
2025-06-18 15:18:47,BANKNIFTY.NSE.OPT.28Aug2025.54500.CALL,CALL,54500,28-Aug-2025,2220.55,2663.5,0.0,0,0,0.0,0.0,1820,4725,,,,0.0
2025-06-18 15:18:47,BANKNIFTY.NSE.OPT.28Aug2025.54500.PUT,PUT,54500,28-Aug-2025,750.0,820.35,780.0,3,27,17.74,3.8461538461538463,385,700,,,,-1.1406844106463878
2025-06-18 15:18:47,BANKNIFTY.NSE.OPT.26Jun2025.54600.CALL,CALL,54600,26-Jun-2025,1396.45,1437.95,1427.2,150,486,15.92,2.5316455696202533,5790,4050,,,,6.830345447060145
2025-06-18 15:18:47,BANKNIFTY.NSE.OPT.26Jun2025.54600.PUT,PUT,54600,26-Jun-2025,133.35,137.2,133.5,11366,4830,17.34,9.997722614438624,4710,5670,,,,-22.2027972027972
2025-06-18 15:18:47,BANKNIFTY.NSE.OPT.31Jul2025.54600.CALL,CALL,54600,31-Jul-2025,0.0,2252.45,2350.0,0,1,0.0,0.0,0,2590,,,,0.0
2025-06-18 15:18:47,BANKNIFTY.NSE.OPT.31Jul2025.54600.PUT,PUT,54600,31-Jul-2025,0.0,796.05,610.0,0,25,0.0,0.0,0,805,,,,-0.6109979633401221
2025-06-18 15:18:47,BANKNIFTY.NSE.OPT.28Aug2025.54600.CALL,CALL,54600,28-Aug-2025,2138.55,2802.15,0.0,0,0,0.0,0.0,35,1435,,,,0.0
2025-06-18 15:18:47,BANKNIFTY.NSE.OPT.28Aug2025.54600.PUT,PUT,54600,28-Aug-2025,0.0,1012.2,1040.0,0,0,0.0,0.0,0,2660,,,,0.0
2025-06-18 15:18:47,BANKNIFTY.NSE.OPT.26Jun2025.54700.CALL,CALL,54700,26-Jun-2025,1315.7,1345.15,1344.45,83,266,15.94,0.37735849056603776,23910,3750,,,,5.364420062695928
2025-06-18 15:18:47,BANKNIFTY.NSE.OPT.26Jun2025.54700.PUT,PUT,54700,26-Jun-2025,147.05,150.9,149.55,14764,3112,17.22,16.816816816816818,3000,5430,,,,-19.488559892328393
2025-06-18 15:18:47,BANKNIFTY.NSE.OPT.31Jul2025.54700.CALL,CALL,54700,31-Jul-2025,1500.0,2458.45,1900.0,0,2,0.0,0.0,35,1785,,,,0.0
2025-06-18 15:18:47,BANKNIFTY.NSE.OPT.31Jul2025.54700.PUT,PUT,54700,31-Jul-2025,62.2,830.3,639.35,0,28,0.0,0.0,35,595,,,,0.0
2025-06-18 15:18:47,BANKNIFTY.NSE.OPT.28Aug2025.54700.CALL,CALL,54700,28-Aug-2025,0.0,2789.85,0.0,0,0,0.0,0.0,0,1435,,,,0.0
2025-06-18 15:18:47,BANKNIFTY.NSE.OPT.28Aug2025.54700.PUT,PUT,54700,28-Aug-2025,0.0,1076.35,0.0,0,0,0.0,0.0,0,770,,,,0.0
2025-06-18 15:18:47,BANKNIFTY.NSE.OPT.26Jun2025.54800.CALL,CALL,54800,26-Jun-2025,1239.45,1258.85,1252.0,227,401,15.43,6.648936170212766,9690,4260,,,,5.573825786322616
2025-06-18 15:18:47,BANKNIFTY.NSE.OPT.26Jun2025.54800.PUT,PUT,54800,26-Jun-2025,162.25,165.3,164.0,18622,3695,16.96,3.298853788090579,8790,10080,,,,-20.09744214372716
2025-06-18 15:18:47,BANKNIFTY.NSE.OPT.31Jul2025.54800.CALL,CALL,54800,31-Jul-2025,1666.25,2004.6,2299.95,0,6,0.0,0.0,630,1225,,,,0.0
2025-06-18 15:18:47,BANKNIFTY.NSE.OPT.31Jul2025.54800.PUT,PUT,54800,31-Jul-2025,630.0,690.0,661.15,74,69,17.59,-27.36842105263158,910,945,,,,-3.1565841511645036
2025-06-18 15:18:47,BANKNIFTY.NSE.OPT.28Aug2025.54800.CALL,CALL,54800,28-Aug-2025,1919.4,2555.15,0.0,0,0,0.0,0.0,490,4340,,,,0.0
2025-06-18 15:18:47,BANKNIFTY.NSE.OPT.28Aug2025.54800.PUT,PUT,54800,28-Aug-2025,0.0,987.7,0.0,0,0,0.0,0.0,0,2030,,,,0.0
2025-06-18 15:18:47,BANKNIFTY.NSE.OPT.26Jun2025.54900.CALL,CALL,54900,26-Jun-2025,1160.7,1171.1,1158.8,359,449,14.85,12.25,21480,5610,,,,4.854544631950401
2025-06-18 15:18:47,BANKNIFTY.NSE.OPT.26Jun2025.54900.PUT,PUT,54900,26-Jun-2025,180.0,182.95,181.2,14486,3857,16.76,16.77263094156827,5490,6270,,,,-19.556048834628196
2025-06-18 15:18:47,BANKNIFTY.NSE.OPT.31Jul2025.54900.CALL,CALL,54900,31-Jul-2025,1540.1,1954.35,1890.0,0,4,0.0,0.0,315,1435,,,,0.0
2025-06-18 15:18:47,BANKNIFTY.NSE.OPT.31Jul2025.54900.PUT,PUT,54900,31-Jul-2025,629.9,747.0,677.0,3,54,17.35,1.8867924528301887,1715,875,,,,-5.2019883777917775
2025-06-18 15:18:47,BANKNIFTY.NSE.OPT.28Aug2025.54900.CALL,CALL,54900,28-Aug-2025,1756.8,2559.6,0.0,0,0,0.0,0.0,1960,3395,,,,0.0
2025-06-18 15:18:47,BANKNIFTY.NSE.OPT.28Aug2025.54900.PUT,PUT,54900,28-Aug-2025,715.95,1152.05,0.0,0,0,0.0,0.0,2450,280,,,,0.0
2025-06-18 15:18:47,BANKNIFTY.NSE.OPT.26Jun2025.55000.CALL,CALL,55000,26-Jun-2025,1079.65,1086.2,1086.75,18329,16762,15.1,-1.4347877219804774,58710,17490,,,,5.40737148399612
2025-06-18 15:18:47,BANKNIFTY.NSE.OPT.26Jun2025.55000.PUT,PUT,55000,26-Jun-2025,199.1,200.7,199.75,120546,47695,16.54,11.601188665559118,29580,96150,,,,-19.698492462311556
2025-06-18 15:18:47,BANKNIFTY.NSE.OPT.31Jul2025.55000.CALL,CALL,55000,31-Jul-2025,1709.55,1775.0,1767.0,917,1784,11.35,2.293577981651376,2835,4270,,,,1.2839619396996498
2025-06-18 15:18:47,BANKNIFTY.NSE.OPT.31Jul2025.55000.PUT,PUT,55000,31-Jul-2025,701.0,715.0,712.9,3906,5612,17.39,9.438377535101404,5040,7770,,,,-4.953003133124455
2025-06-18 15:18:47,BANKNIFTY.NSE.OPT.28Aug2025.55000.CALL,CALL,55000,28-Aug-2025,2165.2,2193.7,2231.4,46,185,10.85,15.625,2555,2800,,,,2.867416559100142
2025-06-18 15:18:47,BANKNIFTY.NSE.OPT.28Aug2025.55000.PUT,PUT,55000,28-Aug-2025,911.05,934.95,917.0,142,911,17.48,2.937853107344633,3290,1610,,,,-4.563667585991572
2025-06-18 15:18:47,BANKNIFTY.NSE.OPT.26Jun2025.55100.CALL,CALL,55100,26-Jun-2025,1001.4,1011.85,1006.65,1368,546,14.92,4.0,19290,5550,,,,5.9910502763885205
2025-06-18 15:18:47,BANKNIFTY.NSE.OPT.26Jun2025.55100.PUT,PUT,55100,26-Jun-2025,221.0,223.2,221.05,22061,5353,16.36,7.749597423510467,9870,8910,,,,-18.925362185952675
2025-06-18 15:18:47,BANKNIFTY.NSE.OPT.31Jul2025.55100.CALL,CALL,55100,31-Jul-2025,0.0,1973.75,1597.1,0,21,0.0,0.0,0,1400,,,,0.0
2025-06-18 15:18:47,BANKNIFTY.NSE.OPT.31Jul2025.55100.PUT,PUT,55100,31-Jul-2025,516.05,820.95,735.15,48,63,17.22,23.529411764705884,595,945,,,,-6.314515101312612
2025-06-18 15:18:47,BANKNIFTY.NSE.OPT.28Aug2025.55100.CALL,CALL,55100,28-Aug-2025,0.0,2450.85,0.0,0,0,0.0,0.0,0,2065,,,,0.0
2025-06-18 15:18:47,BANKNIFTY.NSE.OPT.28Aug2025.55100.PUT,PUT,55100,28-Aug-2025,741.25,1170.85,1013.8,0,1,0.0,0.0,2450,770,,,,0.0
2025-06-18 15:18:47,BANKNIFTY.NSE.OPT.26Jun2025.55200.CALL,CALL,55200,26-Jun-2025,924.75,934.55,936.7,3872,1311,15.04,3.882725832012678,20520,7710,,,,6.4310873764344985
2025-06-18 15:18:47,BANKNIFTY.NSE.OPT.26Jun2025.55200.PUT,PUT,55200,26-Jun-2025,243.25,246.7,245.05,27821,5758,16.19,5.515851200293201,5580,19650,,,,-18.38467943380516
2025-06-18 15:18:47,BANKNIFTY.NSE.OPT.31Jul2025.55200.CALL,CALL,55200,31-Jul-2025,0.0,1809.55,1618.0,0,20,0.0,0.0,0,2030,,,,0.0
2025-06-18 15:18:47,BANKNIFTY.NSE.OPT.31Jul2025.55200.PUT,PUT,55200,31-Jul-2025,551.0,814.4,814.4,114,121,17.85,-17.123287671232877,595,1435,,,,-0.8280565026790146
2025-06-18 15:18:47,BANKNIFTY.NSE.OPT.28Aug2025.55200.CALL,CALL,55200,28-Aug-2025,1770.65,2356.75,0.0,0,0,0.0,0.0,35,5180,,,,0.0
2025-06-18 15:18:47,BANKNIFTY.NSE.OPT.28Aug2025.55200.PUT,PUT,55200,28-Aug-2025,0.0,1156.0,0.0,0,0,0.0,0.0,0,2730,,,,0.0
2025-06-18 15:18:47,BANKNIFTY.NSE.OPT.26Jun2025.55300.CALL,CALL,55300,26-Jun-2025,852.8,864.4,856.0,7101,1424,14.67,-13.592233009708737,19470,5880,,,,6.019321278176867
2025-06-18 15:18:47,BANKNIFTY.NSE.OPT.26Jun2025.55300.PUT,PUT,55300,26-Jun-2025,269.7,271.6,268.8,29053,7547,15.95,2.764161220043573,5790,21840,,,,-18.59479103573591
2025-06-18 15:18:47,BANKNIFTY.NSE.OPT.31Jul2025.55300.CALL,CALL,55300,31-Jul-2025,1488.75,1600.0,1566.9,29,53,11.55,1.9230769230769231,700,2065,,,,1.915509447461709
2025-06-18 15:18:47,BANKNIFTY.NSE.OPT.31Jul2025.55300.PUT,PUT,55300,31-Jul-2025,800.0,885.95,809.0,93,55,17.25,-8.333333333333334,1330,1015,,,,-5.18605332552007
2025-06-18 15:18:47,BANKNIFTY.NSE.OPT.28Aug2025.55300.CALL,CALL,55300,28-Aug-2025,1744.6,2238.65,0.0,0,0,0.0,0.0,490,4725,,,,0.0
2025-06-18 15:18:47,BANKNIFTY.NSE.OPT.28Aug2025.55300.PUT,PUT,55300,28-Aug-2025,790.25,1165.0,1249.5,0,1,0.0,0.0,490,420,,,,0.0
2025-06-18 15:18:47,BANKNIFTY.NSE.OPT.26Jun2025.55400.CALL,CALL,55400,26-Jun-2025,780.45,791.0,780.7,11508,2535,14.42,-10.233711048158641,26190,11070,,,,5.109390777515994
2025-06-18 15:18:47,BANKNIFTY.NSE.OPT.26Jun2025.55400.PUT,PUT,55400,26-Jun-2025,299.05,300.75,304.25,38312,7154,16.01,3.786450021761207,8460,45540,,,,-16.18457300275482
2025-06-18 15:18:47,BANKNIFTY.NSE.OPT.31Jul2025.55400.CALL,CALL,55400,31-Jul-2025,0.0,1894.85,1530.95,13,46,12.02,2.2222222222222223,0,1225,,,,1.394132061725939
2025-06-18 15:18:47,BANKNIFTY.NSE.OPT.31Jul2025.55400.PUT,PUT,55400,31-Jul-2025,699.75,895.0,852.2,306,315,17.33,82.08092485549133,945,1190,,,,-4.744872296428763
2025-06-18 15:18:47,BANKNIFTY.NSE.OPT.28Aug2025.55400.CALL,CALL,55400,28-Aug-2025,1568.15,2200.8,0.0,0,0,0.0,0.0,490,3255,,,,0.0
2025-06-18 15:18:47,BANKNIFTY.NSE.OPT.28Aug2025.55400.PUT,PUT,55400,28-Aug-2025,850.85,1103.0,1370.0,0,4,0.0,0.0,490,525,,,,0.0
2025-06-18 15:18:47,BANKNIFTY.NSE.OPT.26Jun2025.55500.CALL,CALL,55500,26-Jun-2025,713.0,715.0,714.5,100550,17416,14.38,-5.537777295655475,56850,34080,,,,5.632761679479602
2025-06-18 15:18:47,BANKNIFTY.NSE.OPT.26Jun2025.55500.PUT,PUT,55500,26-Jun-2025,330.2,332.35,330.05,148620,30542,15.68,3.2242801135595514,24870,80220,,,,-17.145726120246017
2025-06-18 15:18:47,BANKNIFTY.NSE.OPT.31Jul2025.55500.CALL,CALL,55500,31-Jul-2025,1440.0,1469.95,1456.0,1409,1394,11.89,6.738131699846861,3675,11550,,,,2.4774774774774806
2025-06-18 15:18:47,BANKNIFTY.NSE.OPT.31Jul2025.55500.PUT,PUT,55500,31-Jul-2025,875.0,884.0,881.6,2570,3407,17.2,7.612128869235629,3815,7665,,,,-5.3518707391701135
2025-06-18 15:18:47,BANKNIFTY.NSE.OPT.28Aug2025.55500.CALL,CALL,55500,28-Aug-2025,1855.8,1927.75,1880.0,51,26,10.88,136.36363636363637,910,1925,,,,1.6188751655360691
2025-06-18 15:18:47,BANKNIFTY.NSE.OPT.28Aug2025.55500.PUT,PUT,55500,28-Aug-2025,1076.2,1106.45,1100.0,74,279,17.52,8.13953488372093,2415,945,,,,-3.8209320626038337
2025-06-18 15:18:47,BANKNIFTY.NSE.OPT.25Sep2025.55500.CALL,CALL,55500,25-Sep-2025,2214.35,2298.1,2258.45,10,197,10.08,0.509090909090909,1365,70,,,,2.3660056657223714
2025-06-18 15:18:47,BANKNIFTY.NSE.OPT.25Sep2025.55500.PUT,PUT,55500,25-Sep-2025,1260.0,1294.5,1306.0,9,186,18.23,1.4797507788161994,58835,350,,,,1.4920733602735503
2025-06-18 15:18:47,BANKNIFTY.NSE.OPT.24Dec2025.55500.PUT,PUT,55500,24-Dec-2025,1510.0,1577.35,1510.0,7,565,17.94,0.1773049645390071,76230,140,,,,-0.6578947368421052
2025-06-18 15:18:47,BANKNIFTY.NSE.OPT.26Mar2026.55500.PUT,PUT,55500,26-Mar-2026,2.05,0.0,0.0,0,0,0.0,0.0,595,0,,,,0.0
2025-06-18 15:18:47,BANKNIFTY.NSE.OPT.26Jun2025.55600.CALL,CALL,55600,26-Jun-2025,648.7,652.35,646.8,72125,5727,14.2,-10.724863600935308,32310,15060,,,,4.906333630686887
2025-06-18 15:18:47,BANKNIFTY.NSE.OPT.26Jun2025.55600.PUT,PUT,55600,26-Jun-2025,364.8,368.6,366.6,92370,9751,15.6,18.3373786407767,13110,42660,,,,-16.119437135339204
2025-06-18 15:18:47,BANKNIFTY.NSE.OPT.31Jul2025.55600.CALL,CALL,55600,31-Jul-2025,1323.1,1400.0,1383.3,269,139,11.76,11.2,735,2555,,,,1.1295098146726648
2025-06-18 15:18:47,BANKNIFTY.NSE.OPT.31Jul2025.55600.PUT,PUT,55600,31-Jul-2025,910.0,960.35,924.2,338,199,17.24,79.27927927927928,1750,1190,,,,-4.721649484536078
2025-06-18 15:18:47,BANKNIFTY.NSE.OPT.28Aug2025.55600.CALL,CALL,55600,28-Aug-2025,1507.2,2027.85,0.0,0,0,0.0,0.0,980,4585,,,,0.0
2025-06-18 15:18:47,BANKNIFTY.NSE.OPT.28Aug2025.55600.PUT,PUT,55600,28-Aug-2025,993.95,1195.65,0.0,0,0,0.0,0.0,2275,1295,,,,0.0
2025-06-18 15:18:47,BANKNIFTY.NSE.OPT.26Jun2025.55700.CALL,CALL,55700,26-Jun-2025,585.05,591.55,589.75,152102,6607,14.25,-17.50530653015358,224880,30060,,,,5.003115819460523
2025-06-18 15:18:47,BANKNIFTY.NSE.OPT.26Jun2025.55700.PUT,PUT,55700,26-Jun-2025,401.7,405.0,402.05,169168,8368,15.4,23.64066193853428,116850,57300,,,,-15.739285340039814
2025-06-18 15:18:47,BANKNIFTY.NSE.OPT.31Jul2025.55700.CALL,CALL,55700,31-Jul-2025,1325.0,1340.0,1330.0,718,265,11.89,38.020833333333336,1680,3080,,,,1.1714589989350443
2025-06-18 15:18:47,BANKNIFTY.NSE.OPT.31Jul2025.55700.PUT,PUT,55700,31-Jul-2025,960.0,970.0,967.0,997,409,17.27,149.390243902439,1925,2835,,,,-4.474958016398296
2025-06-18 15:18:47,BANKNIFTY.NSE.OPT.28Aug2025.55700.CALL,CALL,55700,28-Aug-2025,1629.25,1935.25,0.0,0,0,0.0,0.0,2450,3045,,,,0.0
2025-06-18 15:18:47,BANKNIFTY.NSE.OPT.28Aug2025.55700.PUT,PUT,55700,28-Aug-2025,1031.0,1217.0,0.0,0,0,0.0,0.0,2450,1295,,,,0.0
2025-06-18 15:18:47,BANKNIFTY.NSE.OPT.26Jun2025.55800.CALL,CALL,55800,26-Jun-2025,530.0,531.85,530.0,191892,14683,14.12,2.1212964250938935,91110,61560,,,,4.629355443687689
2025-06-18 15:18:47,BANKNIFTY.NSE.OPT.26Jun2025.55800.PUT,PUT,55800,26-Jun-2025,444.0,446.0,444.65,176858,11822,15.33,16.64528860384805,19500,37290,,,,-14.76902434349244
2025-06-18 15:18:47,BANKNIFTY.NSE.OPT.31Jul2025.55800.CALL,CALL,55800,31-Jul-2025,1274.05,1298.0,1274.05,609,371,11.96,48.99598393574297,1785,3745,,,,1.4007720163953925
2025-06-18 15:18:47,BANKNIFTY.NSE.OPT.31Jul2025.55800.PUT,PUT,55800,31-Jul-2025,995.0,1025.0,999.4,858,203,17.14,26.875,1785,1995,,,,-5.198254600645045
2025-06-18 15:18:47,BANKNIFTY.NSE.OPT.28Aug2025.55800.CALL,CALL,55800,28-Aug-2025,1621.0,1912.25,2380.85,0,1,0.0,0.0,1960,4585,,,,0.0
2025-06-18 15:18:47,BANKNIFTY.NSE.OPT.28Aug2025.55800.PUT,PUT,55800,28-Aug-2025,1183.0,1322.05,1642.75,0,1,0.0,0.0,35,2730,,,,0.0
2025-06-18 15:18:47,BANKNIFTY.NSE.OPT.26Jun2025.55900.CALL,CALL,55900,26-Jun-2025,477.0,478.35,478.2,134314,10887,14.12,21.588117042662496,14040,60120,,,,4.9604916593503
2025-06-18 15:18:47,BANKNIFTY.NSE.OPT.26Jun2025.55900.PUT,PUT,55900,26-Jun-2025,489.9,491.8,489.95,129221,8633,15.25,89.19570458031997,14940,24210,,,,-14.411739016508001
2025-06-18 15:18:47,BANKNIFTY.NSE.OPT.31Jul2025.55900.CALL,CALL,55900,31-Jul-2025,1160.0,1238.0,1220.3,431,191,12.03,11.695906432748538,1820,3080,,,,1.5900765900765823
2025-06-18 15:18:47,BANKNIFTY.NSE.OPT.31Jul2025.55900.PUT,PUT,55900,31-Jul-2025,1030.0,1096.95,1046.8,315,128,17.19,36.170212765957444,1785,3710,,,,-4.728100113765647
2025-06-18 15:18:47,BANKNIFTY.NSE.OPT.28Aug2025.55900.CALL,CALL,55900,28-Aug-2025,1493.85,1774.35,0.0,0,0,0.0,0.0,1960,2135,,,,0.0
2025-06-18 15:18:47,BANKNIFTY.NSE.OPT.28Aug2025.55900.PUT,PUT,55900,28-Aug-2025,1138.65,1343.7,0.0,0,0,0.0,0.0,2450,980,,,,0.0
2025-06-18 15:18:47,BANKNIFTY.NSE.OPT.26Jun2025.56000.CALL,CALL,56000,26-Jun-2025,424.0,426.0,424.05,278515,79669,13.96,-2.814238313652776,169530,123450,,,,4.497289305076392
2025-06-18 15:18:47,BANKNIFTY.NSE.OPT.26Jun2025.56000.PUT,PUT,56000,26-Jun-2025,540.3,542.5,540.35,177663,67021,15.23,0.6986597752268766,404280,61530,,,,-13.49555751220683
2025-06-18 15:18:47,BANKNIFTY.NSE.OPT.31Jul2025.56000.CALL,CALL,56000,31-Jul-2025,1155.0,1168.8,1172.95,5130,4540,12.16,6.422878574777309,7490,10045,,,,2.6382569128456503
2025-06-18 15:18:47,BANKNIFTY.NSE.OPT.31Jul2025.56000.PUT,PUT,56000,31-Jul-2025,1077.95,1093.0,1078.5,5465,5914,17.02,6.405181720043181,5775,11375,,,,-5.572823184345321
2025-06-18 15:18:47,BANKNIFTY.NSE.OPT.28Aug2025.56000.CALL,CALL,56000,28-Aug-2025,1590.0,1611.8,1607.7,104,333,11.41,6.050955414012739,3710,3955,,,,1.8079346483867873
2025-06-18 15:18:47,BANKNIFTY.NSE.OPT.28Aug2025.56000.PUT,PUT,56000,28-Aug-2025,1251.25,1301.0,1290.0,64,435,17.4,1.873536299765808,2800,2415,,,,-3.196758217019354
2025-06-18 15:18:47,BANKNIFTY.NSE.OPT.26Jun2025.56100.CALL,CALL,56100,26-Jun-2025,378.75,383.0,379.2,46558,6897,13.97,10.564283424174414,8640,42060,,,,4.004388370817324
2025-06-18 15:18:47,BANKNIFTY.NSE.OPT.26Jun2025.56100.PUT,PUT,56100,26-Jun-2025,592.4,597.0,594.7,26953,4102,15.23,21.002949852507374,10020,9000,,,,-12.659715082978401
2025-06-18 15:18:47,BANKNIFTY.NSE.OPT.31Jul2025.56100.CALL,CALL,56100,31-Jul-2025,900.0,1168.0,1122.2,185,175,12.23,41.12903225806452,665,980,,,,2.7232367614078443
2025-06-18 15:18:47,BANKNIFTY.NSE.OPT.31Jul2025.56100.PUT,PUT,56100,31-Jul-2025,1039.85,1267.65,1134.45,140,129,17.16,27.722772277227723,1260,1820,,,,-4.740112519942904
2025-06-18 15:18:47,BANKNIFTY.NSE.OPT.28Aug2025.56100.CALL,CALL,56100,28-Aug-2025,1380.9,1757.35,0.0,0,0,0.0,0.0,455,4480,,,,0.0
2025-06-18 15:18:47,BANKNIFTY.NSE.OPT.28Aug2025.56100.PUT,PUT,56100,28-Aug-2025,0.0,0.0,0.0,0,0,0.0,0.0,0,0,,,,0.0
2025-06-18 15:18:47,BANKNIFTY.NSE.OPT.26Jun2025.56200.CALL,CALL,56200,26-Jun-2025,335.0,338.0,337.0,47209,8243,13.96,0.3408399269628728,11520,39720,,,,3.7242228377962525
2025-06-18 15:18:47,BANKNIFTY.NSE.OPT.26Jun2025.56200.PUT,PUT,56200,26-Jun-2025,648.2,651.75,651.75,15715,2999,15.22,6.234502302515055,8430,7470,,,,-12.091988130563795
2025-06-18 15:18:47,BANKNIFTY.NSE.OPT.31Jul2025.56200.CALL,CALL,56200,31-Jul-2025,1000.0,1071.0,1050.25,120,253,11.99,14.479638009049774,35,1435,,,,0.1764593666539402
2025-06-18 15:18:47,BANKNIFTY.NSE.OPT.31Jul2025.56200.PUT,PUT,56200,31-Jul-2025,1160.0,1227.0,1227.4,71,105,17.76,3.9603960396039604,1155,2660,,,,-1.2748843756283859
2025-06-18 15:18:47,BANKNIFTY.NSE.OPT.28Aug2025.56200.CALL,CALL,56200,28-Aug-2025,1276.3,1700.1,0.0,0,0,0.0,0.0,280,3885,,,,0.0
2025-06-18 15:18:47,BANKNIFTY.NSE.OPT.28Aug2025.56200.PUT,PUT,56200,28-Aug-2025,0.0,1515.25,1156.95,0,12,0.0,0.0,0,3920,,,,-1.2672811059907756
2025-06-18 15:18:47,BANKNIFTY.NSE.OPT.26Jun2025.56300.CALL,CALL,56300,26-Jun-2025,298.0,299.0,299.9,36232,7182,14.0,-4.201680672268908,9660,20910,,,,4.131944444444437
2025-06-18 15:18:47,BANKNIFTY.NSE.OPT.26Jun2025.56300.PUT,PUT,56300,26-Jun-2025,709.35,716.4,710.05,6729,2273,15.16,1.247216035634744,5820,6240,,,,-12.409794609264175
2025-06-18 15:18:47,BANKNIFTY.NSE.OPT.31Jul2025.56300.CALL,CALL,56300,31-Jul-2025,945.0,1105.55,1011.6,121,130,12.17,-1.5151515151515151,665,805,,,,1.678560659362755
2025-06-18 15:18:47,BANKNIFTY.NSE.OPT.31Jul2025.56300.PUT,PUT,56300,31-Jul-2025,922.0,1375.0,1250.0,8,101,17.43,-0.9803921568627451,105,1820,,,,-3.205823137680044
2025-06-18 15:18:47,BANKNIFTY.NSE.OPT.28Aug2025.56300.CALL,CALL,56300,28-Aug-2025,0.0,1600.8,0.0,0,0,0.0,0.0,0,4690,,,,0.0
2025-06-18 15:18:47,BANKNIFTY.NSE.OPT.28Aug2025.56300.PUT,PUT,56300,28-Aug-2025,0.0,1663.5,0.0,0,0,0.0,0.0,0,2555,,,,0.0
2025-06-18 15:18:47,BANKNIFTY.NSE.OPT.26Jun2025.56400.CALL,CALL,56400,26-Jun-2025,262.4,264.95,264.75,32400,6281,14.0,2.080286039330408,7230,17670,,,,3.09579439252336
2025-06-18 15:18:47,BANKNIFTY.NSE.OPT.26Jun2025.56400.PUT,PUT,56400,26-Jun-2025,772.9,780.0,777.0,3957,4242,15.27,-0.8646880112175742,5490,7290,,,,-10.955764382305755
2025-06-18 15:18:47,BANKNIFTY.NSE.OPT.31Jul2025.56400.CALL,CALL,56400,31-Jul-2025,700.1,1001.0,966.25,227,174,12.23,222.22222222222223,630,840,,,,1.844532279314888
2025-06-18 15:18:47,BANKNIFTY.NSE.OPT.31Jul2025.56400.PUT,PUT,56400,31-Jul-2025,978.55,1621.75,1308.0,9,129,17.54,0.78125,70,1820,,,,-3.1075225008333676
2025-06-18 15:18:47,BANKNIFTY.NSE.OPT.28Aug2025.56400.CALL,CALL,56400,28-Aug-2025,0.0,1484.35,0.0,0,0,0.0,0.0,0,3605,,,,0.0
2025-06-18 15:18:47,BANKNIFTY.NSE.OPT.28Aug2025.56400.PUT,PUT,56400,28-Aug-2025,0.0,1683.2,0.0,0,0,0.0,0.0,0,875,,,,0.0
2025-06-18 15:18:47,BANKNIFTY.NSE.OPT.26Jun2025.56500.CALL,CALL,56500,26-Jun-2025,233.1,234.0,233.0,112108,40279,14.02,16.65266877117785,21810,73800,,,,2.869757174392936
2025-06-18 15:18:47,BANKNIFTY.NSE.OPT.26Jun2025.56500.PUT,PUT,56500,26-Jun-2025,843.2,847.45,847.0,21782,11891,15.39,-6.3700787401574805,12390,10740,,,,-10.346652553585605
2025-06-18 15:18:47,BANKNIFTY.NSE.OPT.31Jul2025.56500.CALL,CALL,56500,31-Jul-2025,911.0,925.0,911.0,2454,3107,12.15,7.137931034482759,1680,6685,,,,-0.18626054563383865
2025-06-18 15:18:47,BANKNIFTY.NSE.OPT.31Jul2025.56500.PUT,PUT,56500,31-Jul-2025,1335.0,1340.0,1336.8,962,1952,17.26,1.2448132780082988,1225,4585,,,,-4.5449676889571275
2025-06-18 15:18:47,BANKNIFTY.NSE.OPT.28Aug2025.56500.CALL,CALL,56500,28-Aug-2025,1202.65,1402.25,1357.8,3,16,11.77,6.666666666666667,1330,2975,,,,-2.2673288706542865
2025-06-18 15:18:47,BANKNIFTY.NSE.OPT.28Aug2025.56500.PUT,PUT,56500,28-Aug-2025,1279.9,1557.7,1550.0,0,4,0.0,0.0,1925,2800,,,,0.0
2025-06-18 15:18:47,BANKNIFTY.NSE.OPT.26Jun2025.56600.CALL,CALL,56600,26-Jun-2025,203.5,205.6,203.9,32250,11119,14.02,-2.8823478033015983,11040,43740,,,,1.4427860696517443
2025-06-18 15:18:47,BANKNIFTY.NSE.OPT.26Jun2025.56600.PUT,PUT,56600,26-Jun-2025,911.6,920.0,912.4,1772,2872,15.27,-1.8790570550051247,7380,6420,,,,-10.928881729877478
2025-06-18 15:18:47,BANKNIFTY.NSE.OPT.31Jul2025.56600.CALL,CALL,56600,31-Jul-2025,725.0,890.0,870.2,50,166,12.23,-8.791208791208792,70,770,,,,0.7117643654881189
2025-06-18 15:18:47,BANKNIFTY.NSE.OPT.31Jul2025.56600.PUT,PUT,56600,31-Jul-2025,0.0,1812.65,1375.05,32,254,17.09,-9.608540925266905,0,2380,,,,-5.358249019202983
2025-06-18 15:18:47,BANKNIFTY.NSE.OPT.28Aug2025.56600.CALL,CALL,56600,28-Aug-2025,1079.85,1425.95,0.0,0,0,0.0,0.0,2450,2450,,,,0.0
2025-06-18 15:18:47,BANKNIFTY.NSE.OPT.28Aug2025.56600.PUT,PUT,56600,28-Aug-2025,1389.15,1816.3,0.0,0,0,0.0,0.0,840,3045,,,,0.0
2025-06-18 15:18:47,BANKNIFTY.NSE.OPT.26Jun2025.56700.CALL,CALL,56700,26-Jun-2025,178.2,180.1,180.3,30260,9803,14.13,4.021646859083192,10170,34380,,,,2.037351443123952
2025-06-18 15:18:47,BANKNIFTY.NSE.OPT.26Jun2025.56700.PUT,PUT,56700,26-Jun-2025,986.65,990.9,982.8,1096,1775,15.22,-2.952433023510115,7650,5340,,,,-10.148107515085025
2025-06-18 15:18:47,BANKNIFTY.NSE.OPT.31Jul2025.56700.CALL,CALL,56700,31-Jul-2025,817.95,1057.9,822.1,261,354,12.2,48.739495798319325,1330,35,,,,0.34175515684121427
2025-06-18 15:18:47,BANKNIFTY.NSE.OPT.31Jul2025.56700.PUT,PUT,56700,31-Jul-2025,1338.55,1885.65,1436.0,4,297,17.19,0.0,630,595,,,,-4.266666666666667
2025-06-18 15:18:47,BANKNIFTY.NSE.OPT.28Aug2025.56700.CALL,CALL,56700,28-Aug-2025,1148.55,1387.35,0.0,0,0,0.0,0.0,2450,3990,,,,0.0
2025-06-18 15:18:47,BANKNIFTY.NSE.OPT.28Aug2025.56700.PUT,PUT,56700,28-Aug-2025,1262.75,1933.35,0.0,0,0,0.0,0.0,1470,3850,,,,0.0
2025-06-18 15:18:47,BANKNIFTY.NSE.OPT.26Jun2025.56800.CALL,CALL,56800,26-Jun-2025,156.0,158.4,157.65,27669,11588,14.17,-0.4381819743964258,8250,23490,,,,2.038834951456314
2025-06-18 15:18:47,BANKNIFTY.NSE.OPT.26Jun2025.56800.PUT,PUT,56800,26-Jun-2025,1063.85,1072.95,1064.35,890,3324,15.49,-1.5985790408525755,24480,6990,,,,-9.881038059353969
2025-06-18 15:18:47,BANKNIFTY.NSE.OPT.31Jul2025.56800.CALL,CALL,56800,31-Jul-2025,619.7,791.0,778.3,32,107,12.2,8.080808080808081,630,910,,,,0.019276489108780732
2025-06-18 15:18:47,BANKNIFTY.NSE.OPT.31Jul2025.56800.PUT,PUT,56800,31-Jul-2025,1440.35,1525.0,1495.0,6,71,17.26,-4.054054054054054,140,2660,,,,-3.217453227163854
2025-06-18 15:18:47,BANKNIFTY.NSE.OPT.28Aug2025.56800.CALL,CALL,56800,28-Aug-2025,0.0,1399.65,0.0,0,0,0.0,0.0,0,3990,,,,0.0
2025-06-18 15:18:47,BANKNIFTY.NSE.OPT.28Aug2025.56800.PUT,PUT,56800,28-Aug-2025,1301.75,1905.05,0.0,0,0,0.0,0.0,490,4620,,,,0.0
2025-06-18 15:18:47,BANKNIFTY.NSE.OPT.26Jun2025.56900.CALL,CALL,56900,26-Jun-2025,136.7,138.0,137.3,20549,11098,14.22,-3.276974028237755,7080,31770,,,,-0.29048656499635245
2025-06-18 15:18:47,BANKNIFTY.NSE.OPT.26Jun2025.56900.PUT,PUT,56900,26-Jun-2025,1141.85,1154.75,1144.45,394,3537,15.64,-2.6156387665198237,11370,5700,,,,-9.361264008236649
2025-06-18 15:18:47,BANKNIFTY.NSE.OPT.31Jul2025.56900.CALL,CALL,56900,31-Jul-2025,554.0,868.2,747.4,19,115,12.35,0.0,1330,840,,,,1.0136504933099069
2025-06-18 15:18:47,BANKNIFTY.NSE.OPT.31Jul2025.56900.PUT,PUT,56900,31-Jul-2025,0.0,1639.05,1577.0,5,59,17.61,-3.278688524590164,0,1505,,,,-1.205951448707909
2025-06-18 15:18:47,BANKNIFTY.NSE.OPT.28Aug2025.56900.CALL,CALL,56900,28-Aug-2025,930.6,1307.2,0.0,0,0,0.0,0.0,2450,4585,,,,0.0
2025-06-18 15:18:47,BANKNIFTY.NSE.OPT.28Aug2025.56900.PUT,PUT,56900,28-Aug-2025,1452.5,1994.65,0.0,0,0,0.0,0.0,245,3325,,,,0.0
2025-06-18 15:18:47,BANKNIFTY.NSE.OPT.26Jun2025.57000.CALL,CALL,57000,26-Jun-2025,118.0,120.6,120.0,114601,54061,14.3,-0.4300619768116476,40200,116940,,,,-0.9900990099009923
2025-06-18 15:18:47,BANKNIFTY.NSE.OPT.26Jun2025.57000.PUT,PUT,57000,26-Jun-2025,1229.95,1235.0,1229.95,9658,8762,15.93,-3.0644982852085407,12900,18450,,,,-8.294810617357589
2025-06-18 15:18:47,BANKNIFTY.NSE.OPT.31Jul2025.57000.CALL,CALL,57000,31-Jul-2025,691.0,702.6,690.0,2781,6970,12.13,5.590062111801243,5670,5460,,,,-1.0468951670729894
2025-06-18 15:18:47,BANKNIFTY.NSE.OPT.31Jul2025.57000.PUT,PUT,57000,31-Jul-2025,1610.4,1626.45,1617.7,1140,3098,17.41,2.345556656755864,2765,3640,,,,-4.068078040680775
2025-06-18 15:18:47,BANKNIFTY.NSE.OPT.28Aug2025.57000.CALL,CALL,57000,28-Aug-2025,1079.6,1110.25,1100.0,72,329,11.69,2.1739130434782608,3045,2975,,,,1.037935152016162
2025-06-18 15:18:47,BANKNIFTY.NSE.OPT.28Aug2025.57000.PUT,PUT,57000,28-Aug-2025,1700.05,1819.0,1806.2,51,113,17.88,-7.377049180327869,1715,3360,,,,-1.4486427499658958
2025-06-18 15:18:47,BANKNIFTY.NSE.OPT.25Sep2025.57000.CALL,CALL,57000,25-Sep-2025,1244.55,1547.95,1463.1,34,448,11.18,-1.7521902377972465,1645,175,,,,2.018617299445652
2025-06-18 15:18:47,BANKNIFTY.NSE.OPT.25Sep2025.57000.PUT,PUT,57000,25-Sep-2025,1833.0,1864.0,1914.0,0,70,0.0,0.0,875,105,,,,0.0
2025-06-18 15:18:47,BANKNIFTY.NSE.OPT.24Dec2025.57000.CALL,CALL,57000,24-Dec-2025,2463.0,2700.0,2480.0,7,279,9.46,0.0,1995,70,,,,0.8130081300813009
2025-06-18 15:18:47,BANKNIFTY.NSE.OPT.24Dec2025.57000.PUT,PUT,57000,24-Dec-2025,2100.0,2200.0,2090.0,4,14,18.09,7.6923076923076925,560,70,,,,-5.0
2025-06-18 15:18:47,BANKNIFTY.NSE.OPT.26Jun2025.57100.CALL,CALL,57100,26-Jun-2025,101.45,104.05,104.0,15818,5502,14.35,3.4988713318284423,11190,12780,,,,-2.576112412177986
2025-06-18 15:18:47,BANKNIFTY.NSE.OPT.26Jun2025.57100.PUT,PUT,57100,26-Jun-2025,1308.4,1330.0,1315.0,215,987,16.14,-9.532538955087077,4770,4200,,,,-7.586352296285888
2025-06-18 15:18:47,BANKNIFTY.NSE.OPT.31Jul2025.57100.CALL,CALL,57100,31-Jul-2025,480.2,675.0,660.8,48,126,12.26,12.5,1260,630,,,,0.045420136260401894
2025-06-18 15:18:47,BANKNIFTY.NSE.OPT.31Jul2025.57100.PUT,PUT,57100,31-Jul-2025,0.0,2123.8,1695.0,1,23,17.67,0.0,0,1190,,,,3.669724770642202
2025-06-18 15:18:47,BANKNIFTY.NSE.OPT.28Aug2025.57100.CALL,CALL,57100,28-Aug-2025,0.0,1304.9,0.0,0,0,0.0,0.0,0,1960,,,,0.0
2025-06-18 15:18:47,BANKNIFTY.NSE.OPT.28Aug2025.57100.PUT,PUT,57100,28-Aug-2025,0.0,2526.3,0.0,0,0,0.0,0.0,0,525,,,,0.0
2025-06-18 15:18:47,BANKNIFTY.NSE.OPT.26Jun2025.57200.CALL,CALL,57200,26-Jun-2025,89.0,91.2,89.25,25169,5654,14.37,9.76509415647447,9600,11460,,,,-4.749199573105659
2025-06-18 15:18:47,BANKNIFTY.NSE.OPT.26Jun2025.57200.PUT,PUT,57200,26-Jun-2025,1389.65,1410.0,1392.75,133,1429,15.95,-1.1756569847856155,5760,4680,,,,-7.4953506907545115
2025-06-18 15:18:47,BANKNIFTY.NSE.OPT.31Jul2025.57200.CALL,CALL,57200,31-Jul-2025,529.0,666.0,634.55,76,229,12.41,-1.7167381974248928,1225,105,,,,1.2283640424343834
2025-06-18 15:18:47,BANKNIFTY.NSE.OPT.31Jul2025.57200.PUT,PUT,57200,31-Jul-2025,1604.7,1851.05,1801.0,0,38,0.0,0.0,35,1260,,,,0.0
2025-06-18 15:18:47,BANKNIFTY.NSE.OPT.28Aug2025.57200.CALL,CALL,57200,28-Aug-2025,829.5,1153.3,0.0,0,0,0.0,0.0,2450,1120,,,,0.0
2025-06-18 15:18:47,BANKNIFTY.NSE.OPT.28Aug2025.57200.PUT,PUT,57200,28-Aug-2025,0.0,2627.9,0.0,0,0,0.0,0.0,0,1715,,,,0.0
2025-06-18 15:18:47,BANKNIFTY.NSE.OPT.26Jun2025.57300.CALL,CALL,57300,26-Jun-2025,76.45,79.8,79.75,16647,4683,14.59,6.022187004754358,14220,10560,,,,-3.567110036275699
2025-06-18 15:18:47,BANKNIFTY.NSE.OPT.26Jun2025.57300.PUT,PUT,57300,26-Jun-2025,1465.6,1527.6,1453.2,40,457,14.7,-3.1779661016949152,4500,3780,,,,-10.018575851393186
2025-06-18 15:18:47,BANKNIFTY.NSE.OPT.31Jul2025.57300.CALL,CALL,57300,31-Jul-2025,417.75,0.0,594.9,50,82,12.36,-21.153846153846153,1190,0,,,,0.8305084745762673
2025-06-18 15:18:47,BANKNIFTY.NSE.OPT.31Jul2025.57300.PUT,PUT,57300,31-Jul-2025,1452.0,0.0,2044.65,0,16,0.0,0.0,35,0,,,,-0.002445346505597619
2025-06-18 15:18:47,BANKNIFTY.NSE.OPT.28Aug2025.57300.CALL,CALL,57300,28-Aug-2025,0.0,1095.55,0.0,0,0,0.0,0.0,0,1365,,,,0.0
2025-06-18 15:18:47,BANKNIFTY.NSE.OPT.28Aug2025.57300.PUT,PUT,57300,28-Aug-2025,0.0,2712.4,0.0,0,0,0.0,0.0,0,1120,,,,0.0
2025-06-18 15:18:47,BANKNIFTY.NSE.OPT.26Jun2025.57400.CALL,CALL,57400,26-Jun-2025,66.6,69.7,66.45,17529,4499,14.5,0.4914004914004914,11670,17730,,,,-8.659793814432986
2025-06-18 15:18:47,BANKNIFTY.NSE.OPT.26Jun2025.57400.PUT,PUT,57400,26-Jun-2025,1554.9,1611.6,1570.0,21,386,16.36,0.2597402597402597,4530,3930,,,,-7.309009328137912
2025-06-18 15:18:47,BANKNIFTY.NSE.OPT.31Jul2025.57400.CALL,CALL,57400,31-Jul-2025,502.0,796.3,550.7,30,72,12.22,-1.36986301369863,1260,630,,,,-1.6607142857142776
2025-06-18 15:18:47,BANKNIFTY.NSE.OPT.31Jul2025.57400.PUT,PUT,57400,31-Jul-2025,1768.35,2197.9,2076.85,0,14,0.0,0.0,630,1820,,,,0.0
2025-06-18 15:18:47,BANKNIFTY.NSE.OPT.28Aug2025.57400.CALL,CALL,57400,28-Aug-2025,750.05,1201.45,0.0,0,0,0.0,0.0,1470,1680,,,,0.0
2025-06-18 15:18:47,BANKNIFTY.NSE.OPT.28Aug2025.57400.PUT,PUT,57400,28-Aug-2025,1700.0,2739.4,0.0,0,0,0.0,0.0,35,525,,,,0.0
2025-06-18 15:18:47,BANKNIFTY.NSE.OPT.26Jun2025.57500.CALL,CALL,57500,26-Jun-2025,58.0,60.0,58.6,92932,37460,14.67,13.515151515151516,27120,36300,,,,-9.076803723816914
2025-06-18 15:18:47,BANKNIFTY.NSE.OPT.26Jun2025.57500.PUT,PUT,57500,26-Jun-2025,1663.2,1684.55,1662.45,709,2341,16.68,1.3858813339107838,6300,6030,,,,-6.7689201693632075
2025-06-18 15:18:47,BANKNIFTY.NSE.OPT.31Jul2025.57500.CALL,CALL,57500,31-Jul-2025,517.05,527.95,517.2,1157,1323,12.21,11.363636363636363,4690,2625,,,,-2.2306238185255114
2025-06-18 15:18:47,BANKNIFTY.NSE.OPT.31Jul2025.57500.PUT,PUT,57500,31-Jul-2025,1881.9,1992.95,1945.0,21,167,17.81,1.829268292682927,3220,2695,,,,-3.610278266471735
2025-06-18 15:18:47,BANKNIFTY.NSE.OPT.28Aug2025.57500.CALL,CALL,57500,28-Aug-2025,815.15,922.35,940.0,0,5,0.0,0.0,2450,2520,,,,0.0
2025-06-18 15:18:47,BANKNIFTY.NSE.OPT.28Aug2025.57500.PUT,PUT,57500,28-Aug-2025,1890.25,2272.1,0.0,0,0,0.0,0.0,1540,3675,,,,0.0
2025-06-18 15:18:47,BANKNIFTY.NSE.OPT.26Jun2025.57600.CALL,CALL,57600,26-Jun-2025,50.6,53.2,51.5,14611,4206,14.83,-15.33816425120773,13740,9480,,,,-8.525754884547064
2025-06-18 15:18:47,BANKNIFTY.NSE.OPT.26Jun2025.57600.PUT,PUT,57600,26-Jun-2025,1679.1,1776.2,1800.0,6,135,19.43,0.0,3660,3390,,,,-0.5305039787798359
2025-06-18 15:18:47,BANKNIFTY.NSE.OPT.31Jul2025.57600.CALL,CALL,57600,31-Jul-2025,336.4,566.0,494.65,141,52,12.34,-31.57894736842105,1190,35,,,,-1.0502100420084017
2025-06-18 15:18:47,BANKNIFTY.NSE.OPT.31Jul2025.57600.PUT,PUT,57600,31-Jul-2025,1796.35,2304.0,1666.45,0,14,0.0,0.0,630,2415,,,,0.0
2025-06-18 15:18:47,BANKNIFTY.NSE.OPT.28Aug2025.57600.CALL,CALL,57600,28-Aug-2025,712.75,970.0,0.0,0,0,0.0,0.0,2450,2100,,,,0.0
2025-06-18 15:18:47,BANKNIFTY.NSE.OPT.28Aug2025.57600.PUT,PUT,57600,28-Aug-2025,0.0,2908.85,0.0,0,0,0.0,0.0,0,2310,,,,0.0
2025-06-18 15:18:47,BANKNIFTY.NSE.OPT.26Jun2025.57700.CALL,CALL,57700,26-Jun-2025,45.0,46.9,46.0,12822,3814,15.04,-9.83451536643026,15750,4770,,,,-9.626719056974457
2025-06-18 15:18:47,BANKNIFTY.NSE.OPT.26Jun2025.57700.PUT,PUT,57700,26-Jun-2025,1709.5,1891.7,1922.15,6,83,21.3,0.0,3630,3420,,,,6.667591564927863
2025-06-18 15:18:47,BANKNIFTY.NSE.OPT.31Jul2025.57700.CALL,CALL,57700,31-Jul-2025,423.0,554.0,464.25,49,55,12.34,-1.7857142857142858,1225,35,,,,-1.891377852916312
2025-06-18 15:18:47,BANKNIFTY.NSE.OPT.31Jul2025.57700.PUT,PUT,57700,31-Jul-2025,1982.4,2328.95,2200.0,0,7,0.0,0.0,1820,2415,,,,0.0
2025-06-18 15:18:47,BANKNIFTY.NSE.OPT.28Aug2025.57700.CALL,CALL,57700,28-Aug-2025,677.35,937.6,0.0,0,0,0.0,0.0,2450,2240,,,,0.0
2025-06-18 15:18:47,BANKNIFTY.NSE.OPT.28Aug2025.57700.PUT,PUT,57700,28-Aug-2025,0.0,3026.85,0.0,0,0,0.0,0.0,0,1120,,,,0.0
2025-06-18 15:18:47,BANKNIFTY.NSE.OPT.26Jun2025.57800.CALL,CALL,57800,26-Jun-2025,39.2,41.05,41.0,20066,4806,15.24,-46.072710951526034,16770,11790,,,,-8.482142857142852
2025-06-18 15:18:47,BANKNIFTY.NSE.OPT.26Jun2025.57800.PUT,PUT,57800,26-Jun-2025,1798.5,1993.8,1972.9,30,138,19.45,6.153846153846154,3810,3450,,,,-3.518595496002143
2025-06-18 15:18:47,BANKNIFTY.NSE.OPT.31Jul2025.57800.CALL,CALL,57800,31-Jul-2025,300.0,439.0,431.8,94,111,12.28,122.0,1225,210,,,,-1.235132662397067
2025-06-18 15:18:47,BANKNIFTY.NSE.OPT.31Jul2025.57800.PUT,PUT,57800,31-Jul-2025,2021.0,2253.25,2224.0,0,6,0.0,0.0,1820,1820,,,,0.0
2025-06-18 15:18:47,BANKNIFTY.NSE.OPT.28Aug2025.57800.CALL,CALL,57800,28-Aug-2025,0.0,873.05,0.0,0,0,0.0,0.0,0,1995,,,,0.0
2025-06-18 15:18:47,BANKNIFTY.NSE.OPT.28Aug2025.57800.PUT,PUT,57800,28-Aug-2025,0.0,3054.6,0.0,0,0,0.0,0.0,0,2310,,,,0.0
2025-06-18 15:18:47,BANKNIFTY.NSE.OPT.26Jun2025.57900.CALL,CALL,57900,26-Jun-2025,33.8,36.0,34.5,8572,2490,15.25,3.7932471863276365,55950,9330,,,,-13.750000000000002
2025-06-18 15:18:47,BANKNIFTY.NSE.OPT.26Jun2025.57900.PUT,PUT,57900,26-Jun-2025,1906.65,2080.9,2060.0,6,90,19.39,-2.1739130434782608,3630,3420,,,,8.130806781796236
2025-06-18 15:18:47,BANKNIFTY.NSE.OPT.31Jul2025.57900.CALL,CALL,57900,31-Jul-2025,401.0,430.45,401.0,57,69,12.23,68.29268292682927,1225,455,,,,-6.700791065611915
2025-06-18 15:18:47,BANKNIFTY.NSE.OPT.31Jul2025.57900.PUT,PUT,57900,31-Jul-2025,1710.0,2351.35,2631.35,0,3,0.0,0.0,1085,1820,,,,0.0
2025-06-18 15:18:47,BANKNIFTY.NSE.OPT.28Aug2025.57900.CALL,CALL,57900,28-Aug-2025,0.0,832.65,0.0,0,0,0.0,0.0,0,3710,,,,0.0
2025-06-18 15:18:47,BANKNIFTY.NSE.OPT.28Aug2025.57900.PUT,PUT,57900,28-Aug-2025,0.0,3091.35,0.0,0,0,0.0,0.0,0,1120,,,,0.0
2025-06-18 15:18:47,BANKNIFTY.NSE.OPT.26Jun2025.58000.CALL,CALL,58000,26-Jun-2025,30.0,31.0,30.0,85380,37069,15.37,-4.997565288705503,99900,76800,,,,-16.434540389972142
2025-06-18 15:18:47,BANKNIFTY.NSE.OPT.26Jun2025.58000.PUT,PUT,58000,26-Jun-2025,2126.2,2144.0,2130.15,348,2838,18.04,1.284796573875803,6000,4590,,,,-6.226888536714203
2025-06-18 15:18:47,BANKNIFTY.NSE.OPT.31Jul2025.58000.CALL,CALL,58000,31-Jul-2025,380.0,381.0,382.0,4723,6297,12.33,13.993482983345402,6370,5705,,,,-2.823708979903338
2025-06-18 15:18:47,BANKNIFTY.NSE.OPT.31Jul2025.58000.PUT,PUT,58000,31-Jul-2025,2242.85,2329.95,2275.0,93,1029,17.9,1.881188118811881,4270,2905,,,,-3.3867714194712817
2025-06-18 15:18:47,BANKNIFTY.NSE.OPT.28Aug2025.58000.CALL,CALL,58000,28-Aug-2025,707.05,734.95,712.05,78,542,11.84,1.4981273408239701,3885,3570,,,,-1.7591059602649006
2025-06-18 15:18:47,BANKNIFTY.NSE.OPT.28Aug2025.58000.PUT,PUT,58000,28-Aug-2025,2182.55,2621.15,2265.05,0,4,0.0,0.0,525,3430,,,,-1.0484698892553679
2025-06-18 15:18:47,BANKNIFTY.NSE.OPT.26Jun2025.58100.CALL,CALL,58100,26-Jun-2025,26.3,27.75,27.35,9201,2984,15.62,14.63695735689589,58980,8670,,,,-15.325077399380794
2025-06-18 15:18:47,BANKNIFTY.NSE.OPT.26Jun2025.58100.PUT,PUT,58100,26-Jun-2025,2083.65,2381.95,2610.0,0,33,0.0,0.0,3630,3360,,,,0.0
2025-06-18 15:18:47,BANKNIFTY.NSE.OPT.31Jul2025.58100.CALL,CALL,58100,31-Jul-2025,215.0,414.5,359.35,98,55,12.37,-6.779661016949152,630,70,,,,-4.5043847993622075
2025-06-18 15:18:47,BANKNIFTY.NSE.OPT.31Jul2025.58100.PUT,PUT,58100,31-Jul-2025,1918.8,2800.45,2770.35,0,2,0.0,0.0,2240,1190,,,,0.0
2025-06-18 15:18:47,BANKNIFTY.NSE.OPT.28Aug2025.58100.CALL,CALL,58100,28-Aug-2025,0.0,0.0,0.0,0,0,0.0,0.0,0,0,,,,0.0
2025-06-18 15:18:47,BANKNIFTY.NSE.OPT.28Aug2025.58100.PUT,PUT,58100,28-Aug-2025,0.0,3338.6,0.0,0,0,0.0,0.0,0,1785,,,,0.0
2025-06-18 15:18:47,BANKNIFTY.NSE.OPT.26Jun2025.58200.CALL,CALL,58200,26-Jun-2025,24.15,25.0,24.2,14735,4332,15.81,12.024825446082234,77430,8760,,,,-15.236427320490373
2025-06-18 15:18:47,BANKNIFTY.NSE.OPT.26Jun2025.58200.PUT,PUT,58200,26-Jun-2025,2163.1,2445.7,2232.0,0,73,0.0,0.0,3360,3360,,,,0.0
2025-06-18 15:18:47,BANKNIFTY.NSE.OPT.31Jul2025.58200.CALL,CALL,58200,31-Jul-2025,311.0,390.0,336.1,39,46,12.37,39.39393939393939,665,35,,,,-4.760555398129769
2025-06-18 15:18:47,BANKNIFTY.NSE.OPT.31Jul2025.58200.PUT,PUT,58200,31-Jul-2025,2172.45,2670.75,2842.65,0,2,0.0,0.0,1225,1820,,,,0.0
2025-06-18 15:18:47,BANKNIFTY.NSE.OPT.28Aug2025.58200.CALL,CALL,58200,28-Aug-2025,0.0,0.0,0.0,0,0,0.0,0.0,0,0,,,,0.0
2025-06-18 15:18:47,BANKNIFTY.NSE.OPT.28Aug2025.58200.PUT,PUT,58200,28-Aug-2025,0.0,3733.65,0.0,0,0,0.0,0.0,0,1785,,,,0.0
2025-06-18 15:18:47,BANKNIFTY.NSE.OPT.26Jun2025.58300.CALL,CALL,58300,26-Jun-2025,20.85,21.9,21.0,10133,3839,15.93,12.978222483814008,75510,12720,,,,-19.69407265774378
2025-06-18 15:18:47,BANKNIFTY.NSE.OPT.26Jun2025.58300.PUT,PUT,58300,26-Jun-2025,2274.85,2581.6,1917.0,0,17,0.0,0.0,3360,3360,,,,0.0
2025-06-18 15:18:47,BANKNIFTY.NSE.OPT.31Jul2025.58300.CALL,CALL,58300,31-Jul-2025,1.05,0.0,317.0,55,50,12.42,51.515151515151516,595,0,,,,-24.881516587677723
2025-06-18 15:18:47,BANKNIFTY.NSE.OPT.31Jul2025.58300.PUT,PUT,58300,31-Jul-2025,2047.6,3073.45,2476.65,1,3,17.84,0.0,630,595,,,,-4.579079175496047
2025-06-18 15:18:47,BANKNIFTY.NSE.OPT.28Aug2025.58300.CALL,CALL,58300,28-Aug-2025,0.0,0.0,0.0,0,0,0.0,0.0,0,0,,,,0.0
2025-06-18 15:18:47,BANKNIFTY.NSE.OPT.28Aug2025.58300.PUT,PUT,58300,28-Aug-2025,0.0,3587.6,0.0,0,0,0.0,0.0,0,1785,,,,0.0
2025-06-18 15:18:47,BANKNIFTY.NSE.OPT.26Jun2025.58400.CALL,CALL,58400,26-Jun-2025,19.2,19.6,19.55,10072,2213,16.24,-44.031360647445624,79170,7320,,,,-18.371607515657615
2025-06-18 15:18:47,BANKNIFTY.NSE.OPT.26Jun2025.58400.PUT,PUT,58400,26-Jun-2025,2379.3,2665.1,2920.0,0,6,0.0,0.0,3360,3360,,,,0.0
2025-06-18 15:18:47,BANKNIFTY.NSE.OPT.31Jul2025.58400.CALL,CALL,58400,31-Jul-2025,0.0,0.0,629.05,0,32,0.0,0.0,0,0,,,,0.0
2025-06-18 15:18:47,BANKNIFTY.NSE.OPT.31Jul2025.58400.PUT,PUT,58400,31-Jul-2025,2197.45,3071.65,2990.0,0,0,0.0,0.0,2380,595,,,,0.0
2025-06-18 15:18:47,BANKNIFTY.NSE.OPT.28Aug2025.58400.CALL,CALL,58400,28-Aug-2025,0.0,1018.05,0.0,0,0,0.0,0.0,0,1785,,,,0.0
2025-06-18 15:18:47,BANKNIFTY.NSE.OPT.28Aug2025.58400.PUT,PUT,58400,28-Aug-2025,0.0,4074.25,0.0,0,0,0.0,0.0,0,1785,,,,0.0
2025-06-18 15:18:47,BANKNIFTY.NSE.OPT.26Jun2025.58500.CALL,CALL,58500,26-Jun-2025,16.4,17.5,16.45,54230,30315,16.25,3.2017021276595745,80400,18360,,,,-24.54128440366973
2025-06-18 15:18:47,BANKNIFTY.NSE.OPT.26Jun2025.58500.PUT,PUT,58500,26-Jun-2025,2532.95,2705.9,2613.35,17,590,19.73,-0.1692047377326565,3180,4110,,,,-5.938776612017924
2025-06-18 15:18:47,BANKNIFTY.NSE.OPT.31Jul2025.58500.CALL,CALL,58500,31-Jul-2025,270.0,276.85,284.9,1445,1838,12.59,28.80168185003504,2905,1855,,,,0.45839210155146487
2025-06-18 15:18:47,BANKNIFTY.NSE.OPT.31Jul2025.58500.PUT,PUT,58500,31-Jul-2025,2556.15,2772.55,2668.0,6,44,18.58,0.0,2800,2240,,,,-2.9818181818181815
2025-06-18 15:18:47,BANKNIFTY.NSE.OPT.28Aug2025.58500.CALL,CALL,58500,28-Aug-2025,533.05,625.95,550.0,21,50,11.77,0.0,4935,2555,,,,-3.245668044682917
2025-06-18 15:18:47,BANKNIFTY.NSE.OPT.28Aug2025.58500.PUT,PUT,58500,28-Aug-2025,2084.95,3517.95,0.0,0,0,0.0,0.0,595,2380,,,,0.0
2025-06-18 15:18:47,BANKNIFTY.NSE.OPT.25Sep2025.58500.CALL,CALL,58500,25-Sep-2025,871.45,1196.0,925.0,79,77,12.12,0.0,1295,175,,,,-78.4781116578834
2025-06-18 15:18:47,BANKNIFTY.NSE.OPT.24Dec2025.58500.CALL,CALL,58500,24-Dec-2025,50.0,2997.0,0.0,0,0,0.0,0.0,980,70,,,,0.0
2025-06-18 15:18:47,BANKNIFTY.NSE.OPT.26Jun2025.58600.CALL,CALL,58600,26-Jun-2025,14.55,15.85,15.7,6509,2598,16.64,3.3824114604058892,63210,8760,,,,-20.707070707070713
2025-06-18 15:18:47,BANKNIFTY.NSE.OPT.26Jun2025.58600.PUT,PUT,58600,26-Jun-2025,2573.6,2848.35,1970.0,0,6,0.0,0.0,3360,3360,,,,0.0
2025-06-18 15:18:47,BANKNIFTY.NSE.OPT.31Jul2025.58600.CALL,CALL,58600,31-Jul-2025,1.05,280.0,256.65,17,33,12.42,13.793103448275861,595,70,,,,-4.644250417982538
2025-06-18 15:18:47,BANKNIFTY.NSE.OPT.31Jul2025.58600.PUT,PUT,58600,31-Jul-2025,2304.05,3176.75,2764.2,5,4,18.95,0.0,2380,1785,,,,-11.987773426306237
2025-06-18 15:18:47,BANKNIFTY.NSE.OPT.28Aug2025.58600.CALL,CALL,58600,28-Aug-2025,0.0,0.0,0.0,0,0,0.0,0.0,0,0,,,,0.0
2025-06-18 15:18:47,BANKNIFTY.NSE.OPT.28Aug2025.58600.PUT,PUT,58600,28-Aug-2025,0.0,3794.7,0.0,0,0,0.0,0.0,0,1785,,,,0.0
2025-06-18 15:18:47,BANKNIFTY.NSE.OPT.26Jun2025.58700.CALL,CALL,58700,26-Jun-2025,13.5,14.5,13.65,12627,2014,16.75,-40.32592592592592,68970,5670,,,,-23.529411764705888
2025-06-18 15:18:47,BANKNIFTY.NSE.OPT.26Jun2025.58700.PUT,PUT,58700,26-Jun-2025,2669.95,2988.7,3903.4,0,10,0.0,0.0,2910,3360,,,,0.0
2025-06-18 15:18:47,BANKNIFTY.NSE.OPT.31Jul2025.58700.CALL,CALL,58700,31-Jul-2025,0.0,0.0,257.9,0,35,0.0,0.0,0,0,,,,0.0
2025-06-18 15:18:47,BANKNIFTY.NSE.OPT.31Jul2025.58700.PUT,PUT,58700,31-Jul-2025,2403.7,3273.85,2797.15,3,2,18.34,0.0,2380,1820,,,,23.040886797017627
2025-06-18 15:18:47,BANKNIFTY.NSE.OPT.28Aug2025.58700.CALL,CALL,58700,28-Aug-2025,0.0,972.2,0.0,0,0,0.0,0.0,0,1785,,,,0.0
2025-06-18 15:18:47,BANKNIFTY.NSE.OPT.28Aug2025.58700.PUT,PUT,58700,28-Aug-2025,0.0,4313.1,0.0,0,0,0.0,0.0,0,1785,,,,0.0
2025-06-18 15:18:47,BANKNIFTY.NSE.OPT.26Jun2025.58800.CALL,CALL,58800,26-Jun-2025,11.55,12.9,12.7,8390,3928,17.04,39.34019155728982,54870,11160,,,,-22.560975609756095
2025-06-18 15:18:47,BANKNIFTY.NSE.OPT.26Jun2025.58800.PUT,PUT,58800,26-Jun-2025,2767.65,3045.5,1924.5,0,7,0.0,0.0,3360,3360,,,,0.0
2025-06-18 15:18:47,BANKNIFTY.NSE.OPT.31Jul2025.58800.CALL,CALL,58800,31-Jul-2025,1.05,241.0,223.75,48,53,12.46,-20.895522388059703,595,175,,,,-6.380753138075314
2025-06-18 15:18:47,BANKNIFTY.NSE.OPT.31Jul2025.58800.PUT,PUT,58800,31-Jul-2025,2614.45,3222.95,3292.75,0,2,0.0,0.0,1820,1820,,,,0.0
2025-06-18 15:18:47,BANKNIFTY.NSE.OPT.28Aug2025.58800.CALL,CALL,58800,28-Aug-2025,0.0,1116.4,0.0,0,0,0.0,0.0,0,1785,,,,0.0
2025-06-18 15:18:47,BANKNIFTY.NSE.OPT.28Aug2025.58800.PUT,PUT,58800,28-Aug-2025,0.0,4457.85,0.0,0,0,0.0,0.0,0,1785,,,,0.0
2025-06-18 15:18:47,BANKNIFTY.NSE.OPT.26Jun2025.58900.CALL,CALL,58900,26-Jun-2025,11.3,11.7,11.6,8812,4011,17.28,87.60523854069224,53340,8250,,,,-24.18300653594772
2025-06-18 15:18:47,BANKNIFTY.NSE.OPT.26Jun2025.58900.PUT,PUT,58900,26-Jun-2025,2885.25,3136.65,2151.0,0,11,0.0,0.0,3360,3360,,,,0.0
2025-06-18 15:18:47,BANKNIFTY.NSE.OPT.31Jul2025.58900.CALL,CALL,58900,31-Jul-2025,206.35,0.0,196.55,10,23,12.22,15.0,630,0,,,,-64.83585293854549
2025-06-18 15:18:47,BANKNIFTY.NSE.OPT.31Jul2025.58900.PUT,PUT,58900,31-Jul-2025,2679.85,3515.7,2360.55,0,2,0.0,0.0,2380,1785,,,,0.0
2025-06-18 15:18:47,BANKNIFTY.NSE.OPT.28Aug2025.58900.CALL,CALL,58900,28-Aug-2025,0.0,1325.45,0.0,0,0,0.0,0.0,0,1785,,,,0.0
2025-06-18 15:18:47,BANKNIFTY.NSE.OPT.28Aug2025.58900.PUT,PUT,58900,28-Aug-2025,2358.25,0.0,0.0,0,0,0.0,0.0,1190,0,,,,0.0
2025-06-18 15:18:47,BANKNIFTY.NSE.OPT.26Jun2025.59000.CALL,CALL,59000,26-Jun-2025,10.55,10.75,10.5,70886,48100,17.49,-7.856171337713837,86400,39870,,,,-24.46043165467626
2025-06-18 15:18:47,BANKNIFTY.NSE.OPT.26Jun2025.59000.PUT,PUT,59000,26-Jun-2025,3095.65,3237.65,3115.0,49,643,22.87,-3.7425149700598803,4110,3660,,,,-3.4557570122423678
2025-06-18 15:18:47,BANKNIFTY.NSE.OPT.31Jul2025.59000.CALL,CALL,59000,31-Jul-2025,192.0,204.9,191.85,2323,4533,12.44,11.239263803680982,3780,3500,,,,-7.274045432576129
2025-06-18 15:18:47,BANKNIFTY.NSE.OPT.31Jul2025.59000.PUT,PUT,59000,31-Jul-2025,3012.35,3174.55,3100.0,34,98,19.61,25.641025641025642,2170,2800,,,,-0.18031942297784356
2025-06-18 15:18:47,BANKNIFTY.NSE.OPT.28Aug2025.59000.CALL,CALL,59000,28-Aug-2025,441.15,459.0,444.7,155,508,12.05,2.0080321285140563,5075,2905,,,,-2.988656195462476
2025-06-18 15:18:47,BANKNIFTY.NSE.OPT.28Aug2025.59000.PUT,PUT,59000,28-Aug-2025,2552.0,3863.5,0.0,0,0,0.0,0.0,595,2380,,,,0.0
2025-06-18 15:18:47,BANKNIFTY.NSE.OPT.26Jun2025.59100.CALL,CALL,59100,26-Jun-2025,9.9,10.1,9.95,5818,1890,17.81,2.6058631921824102,64830,4020,,,,-24.334600760456283
2025-06-18 15:18:47,BANKNIFTY.NSE.OPT.26Jun2025.59100.PUT,PUT,59100,26-Jun-2025,3083.15,3338.35,2317.15,0,17,0.0,0.0,3360,3360,,,,0.0
2025-06-18 15:18:47,BANKNIFTY.NSE.OPT.31Jul2025.59100.CALL,CALL,59100,31-Jul-2025,0.0,0.0,0.0,0,0,0.0,0.0,0,0,,,,0.0
2025-06-18 15:18:47,BANKNIFTY.NSE.OPT.31Jul2025.59100.PUT,PUT,59100,31-Jul-2025,2890.5,3679.1,3185.5,2,2,19.79,0.0,2380,1190,,,,-11.131259589900964
2025-06-18 15:18:47,BANKNIFTY.NSE.OPT.28Aug2025.59100.PUT,PUT,59100,28-Aug-2025,2579.25,3985.6,0.0,0,0,0.0,0.0,1785,1785,,,,0.0
2025-06-18 15:18:47,BANKNIFTY.NSE.OPT.26Jun2025.59200.CALL,CALL,59200,26-Jun-2025,9.4,9.85,9.85,3206,1644,18.25,-13.015873015873016,57930,2550,,,,-18.595041322314053
2025-06-18 15:18:47,BANKNIFTY.NSE.OPT.26Jun2025.59200.PUT,PUT,59200,26-Jun-2025,3171.7,3457.75,3090.0,0,17,0.0,0.0,3360,3360,,,,-0.16155088852988692
2025-06-18 15:18:47,BANKNIFTY.NSE.OPT.31Jul2025.59200.CALL,CALL,59200,31-Jul-2025,0.0,402.6,615.4,0,1,0.0,0.0,0,1785,,,,0.0
2025-06-18 15:18:47,BANKNIFTY.NSE.OPT.31Jul2025.59200.PUT,PUT,59200,31-Jul-2025,2979.7,4246.05,3292.95,3,4,20.3,33.333333333333336,2380,1190,,,,25.524615472582763
2025-06-18 15:18:47,BANKNIFTY.NSE.OPT.28Aug2025.59200.CALL,CALL,59200,28-Aug-2025,0.0,0.0,0.0,0,0,0.0,0.0,0,0,,,,0.0
2025-06-18 15:18:47,BANKNIFTY.NSE.OPT.28Aug2025.59200.PUT,PUT,59200,28-Aug-2025,2576.2,4425.4,0.0,0,0,0.0,0.0,1190,1785,,,,0.0
2025-06-18 15:18:47,BANKNIFTY.NSE.OPT.26Jun2025.59300.CALL,CALL,59300,26-Jun-2025,8.9,9.25,9.0,3424,1600,18.46,-7.138711549622751,59520,4350,,,,-20.704845814977972
2025-06-18 15:18:47,BANKNIFTY.NSE.OPT.26Jun2025.59300.PUT,PUT,59300,26-Jun-2025,3245.25,3586.6,3803.75,0,3,0.0,0.0,3360,3360,,,,0.0
2025-06-18 15:18:47,BANKNIFTY.NSE.OPT.31Jul2025.59300.CALL,CALL,59300,31-Jul-2025,0.0,516.2,0.0,0,0,0.0,0.0,0,1785,,,,0.0
2025-06-18 15:18:47,BANKNIFTY.NSE.OPT.31Jul2025.59300.PUT,PUT,59300,31-Jul-2025,3082.8,4376.6,3745.05,0,6,0.0,0.0,2380,1190,,,,0.0
2025-06-18 15:18:47,BANKNIFTY.NSE.OPT.28Aug2025.59300.CALL,CALL,59300,28-Aug-2025,0.0,774.25,0.0,0,0,0.0,0.0,0,1785,,,,0.0
2025-06-18 15:18:47,BANKNIFTY.NSE.OPT.28Aug2025.59300.PUT,PUT,59300,28-Aug-2025,2756.8,4528.65,0.0,0,0,0.0,0.0,1785,1785,,,,0.0
2025-06-18 15:18:47,BANKNIFTY.NSE.OPT.26Jun2025.59400.CALL,CALL,59400,26-Jun-2025,8.55,9.45,8.55,1417,1326,18.78,7.455429497568882,57840,3450,,,,-18.95734597156398
2025-06-18 15:18:47,BANKNIFTY.NSE.OPT.26Jun2025.59400.PUT,PUT,59400,26-Jun-2025,3287.5,3681.85,3890.9,0,3,0.0,0.0,3360,3360,,,,0.0
2025-06-18 15:18:47,BANKNIFTY.NSE.OPT.31Jul2025.59400.CALL,CALL,59400,31-Jul-2025,116.05,0.0,170.9,0,33,0.0,0.0,700,0,,,,0.0
2025-06-18 15:18:47,BANKNIFTY.NSE.OPT.31Jul2025.59400.PUT,PUT,59400,31-Jul-2025,3076.5,0.0,2698.7,0,1,0.0,0.0,2380,0,,,,0.0
2025-06-18 15:18:47,BANKNIFTY.NSE.OPT.28Aug2025.59400.CALL,CALL,59400,28-Aug-2025,0.0,897.4,0.0,0,0,0.0,0.0,0,1785,,,,0.0
2025-06-18 15:18:47,BANKNIFTY.NSE.OPT.28Aug2025.59400.PUT,PUT,59400,28-Aug-2025,2862.4,4793.5,0.0,0,0,0.0,0.0,1785,1785,,,,0.0
2025-06-18 15:18:47,BANKNIFTY.NSE.OPT.26Jun2025.59500.CALL,CALL,59500,26-Jun-2025,7.8,8.05,8.05,35612,32704,19.06,7.131391882595735,94800,10710,,,,-19.499999999999993
2025-06-18 15:18:47,BANKNIFTY.NSE.OPT.26Jun2025.59500.PUT,PUT,59500,26-Jun-2025,3437.6,3736.5,3628.85,12,32,27.2,-17.94871794871795,3360,3360,,,,-1.4461856006083484
2025-06-18 15:18:47,BANKNIFTY.NSE.OPT.31Jul2025.59500.CALL,CALL,59500,31-Jul-2025,137.0,142.9,142.9,1224,1621,12.78,21.423220973782772,4095,910,,,,-4.061765693185622
2025-06-18 15:18:47,BANKNIFTY.NSE.OPT.31Jul2025.59500.PUT,PUT,59500,31-Jul-2025,3252.75,3587.3,3767.0,0,30,0.0,0.0,1855,2485,,,,0.1369007270359023
2025-06-18 15:18:47,BANKNIFTY.NSE.OPT.28Aug2025.59500.CALL,CALL,59500,28-Aug-2025,0.0,536.25,0.0,0,0,0.0,0.0,0,2590,,,,0.0
2025-06-18 15:18:47,BANKNIFTY.NSE.OPT.28Aug2025.59500.PUT,PUT,59500,28-Aug-2025,2977.2,4475.75,0.0,0,0,0.0,0.0,1785,2310,,,,0.0
2025-06-18 15:18:47,BANKNIFTY.NSE.OPT.26Jun2025.59600.CALL,CALL,59600,26-Jun-2025,7.7,8.0,7.75,1745,1670,19.41,36.99753896636587,71040,4980,,,,-17.553191489361705
2025-06-18 15:18:47,BANKNIFTY.NSE.OPT.26Jun2025.59600.PUT,PUT,59600,26-Jun-2025,3564.15,3876.1,4241.95,0,3,0.0,0.0,3360,3360,,,,0.0
2025-06-18 15:18:47,BANKNIFTY.NSE.OPT.31Jul2025.59600.CALL,CALL,59600,31-Jul-2025,0.0,272.1,0.0,0,0,0.0,0.0,0,1190,,,,0.0
2025-06-18 15:18:47,BANKNIFTY.NSE.OPT.31Jul2025.59600.PUT,PUT,59600,31-Jul-2025,3340.3,4368.0,2953.85,0,4,0.0,0.0,1785,1785,,,,0.0
2025-06-18 15:18:47,BANKNIFTY.NSE.OPT.28Aug2025.59600.CALL,CALL,59600,28-Aug-2025,0.0,670.0,0.0,0,0,0.0,0.0,0,1785,,,,0.0
2025-06-18 15:18:47,BANKNIFTY.NSE.OPT.28Aug2025.59600.PUT,PUT,59600,28-Aug-2025,3076.85,4847.45,0.0,0,0,0.0,0.0,1785,1785,,,,0.0
2025-06-18 15:18:47,BANKNIFTY.NSE.OPT.26Jun2025.59700.CALL,CALL,59700,26-Jun-2025,7.05,7.65,7.55,3408,6225,19.77,-6.9784817692767485,54690,3780,,,,-14.689265536723163
2025-06-18 15:18:47,BANKNIFTY.NSE.OPT.26Jun2025.59700.PUT,PUT,59700,26-Jun-2025,3659.5,3980.5,4144.35,0,4,0.0,0.0,3360,3360,,,,0.0
2025-06-18 15:18:47,BANKNIFTY.NSE.OPT.31Jul2025.59700.CALL,CALL,59700,31-Jul-2025,120.15,159.0,117.25,84,168,12.64,-1.1764705882352942,1960,245,,,,-6.237504998000797
2025-06-18 15:18:47,BANKNIFTY.NSE.OPT.31Jul2025.59700.PUT,PUT,59700,31-Jul-2025,3396.0,4335.1,2893.75,0,3,0.0,0.0,1785,2380,,,,0.0
2025-06-18 15:18:47,BANKNIFTY.NSE.OPT.28Aug2025.59700.CALL,CALL,59700,28-Aug-2025,0.0,810.75,0.0,0,0,0.0,0.0,0,1785,,,,0.0
2025-06-18 15:18:47,BANKNIFTY.NSE.OPT.28Aug2025.59700.PUT,PUT,59700,28-Aug-2025,3139.75,4968.45,0.0,0,0,0.0,0.0,1785,1785,,,,0.0
2025-06-18 15:18:47,BANKNIFTY.NSE.OPT.26Jun2025.59800.CALL,CALL,59800,26-Jun-2025,6.95,7.75,7.1,1393,1801,20.04,34.3027591349739,52470,3480,,,,-19.774011299435028
2025-06-18 15:18:47,BANKNIFTY.NSE.OPT.26Jun2025.59800.PUT,PUT,59800,26-Jun-2025,3765.1,4099.45,4234.15,0,4,0.0,0.0,3360,3360,,,,0.0
2025-06-18 15:18:47,BANKNIFTY.NSE.OPT.31Jul2025.59800.CALL,CALL,59800,31-Jul-2025,81.0,255.75,0.0,0,0,0.0,0.0,105,1785,,,,0.0
2025-06-18 15:18:47,BANKNIFTY.NSE.OPT.31Jul2025.59800.PUT,PUT,59800,31-Jul-2025,3408.95,4361.8,3019.75,0,5,0.0,0.0,1785,1190,,,,0.0
2025-06-18 15:18:47,BANKNIFTY.NSE.OPT.28Aug2025.59800.CALL,CALL,59800,28-Aug-2025,0.0,912.75,0.0,0,0,0.0,0.0,0,1785,,,,0.0
2025-06-18 15:18:47,BANKNIFTY.NSE.OPT.28Aug2025.59800.PUT,PUT,59800,28-Aug-2025,3265.3,5238.8,0.0,0,0,0.0,0.0,1785,1785,,,,0.0
2025-06-18 15:18:47,BANKNIFTY.NSE.OPT.26Jun2025.59900.CALL,CALL,59900,26-Jun-2025,7.15,7.8,7.3,1902,1645,20.55,6.2661498708010335,62850,6330,,,,-13.095238095238102
2025-06-18 15:18:47,BANKNIFTY.NSE.OPT.26Jun2025.59900.PUT,PUT,59900,26-Jun-2025,3863.0,4199.1,3850.0,0,1,0.0,0.0,3360,3360,,,,0.0
2025-06-18 15:18:47,BANKNIFTY.NSE.OPT.31Jul2025.59900.CALL,CALL,59900,31-Jul-2025,73.85,292.55,397.3,0,1,0.0,0.0,105,1785,,,,0.0
2025-06-18 15:18:47,BANKNIFTY.NSE.OPT.31Jul2025.59900.PUT,PUT,59900,31-Jul-2025,3628.4,0.0,3800.9,2,1,19.63,0.0,1785,0,,,,-11.404030162115534
2025-06-18 15:18:47,BANKNIFTY.NSE.OPT.28Aug2025.59900.CALL,CALL,59900,28-Aug-2025,0.0,0.0,0.0,0,0,0.0,0.0,0,0,,,,0.0
2025-06-18 15:18:47,BANKNIFTY.NSE.OPT.28Aug2025.59900.PUT,PUT,59900,28-Aug-2025,3358.8,5328.7,0.0,0,0,0.0,0.0,1785,1785,,,,0.0
2025-06-18 15:18:47,BANKNIFTY.NSE.OPT.26Jun2025.60000.CALL,CALL,60000,26-Jun-2025,6.75,6.8,6.8,40620,50278,20.79,-7.102472192454085,117960,67500,,,,-15.000000000000002
2025-06-18 15:18:47,BANKNIFTY.NSE.OPT.26Jun2025.60000.PUT,PUT,60000,26-Jun-2025,4080.0,4126.6,4110.0,162,2481,28.03,-3.048065650644783,5430,3720,,,,-2.925233534489893
2025-06-18 15:18:47,BANKNIFTY.NSE.OPT.31Jul2025.60000.CALL,CALL,60000,31-Jul-2025,97.15,101.0,98.5,3298,5631,12.87,14.172749391727494,26565,9835,,,,-7.250470809792846
2025-06-18 15:18:47,BANKNIFTY.NSE.OPT.31Jul2025.60000.PUT,PUT,60000,31-Jul-2025,3943.15,4057.55,3953.15,90,603,20.95,10.036496350364963,2065,1960,,,,-2.125526120326811
2025-06-18 15:18:47,BANKNIFTY.NSE.OPT.28Aug2025.60000.CALL,CALL,60000,28-Aug-2025,0.0,450.1,725.1,0,2,0.0,0.0,0,2485,,,,0.0
2025-06-18 15:18:47,BANKNIFTY.NSE.OPT.28Aug2025.60000.PUT,PUT,60000,28-Aug-2025,3451.0,4952.3,3912.25,0,2,0.0,0.0,1785,1890,,,,0.0
2025-06-18 15:18:47,BANKNIFTY.NSE.OPT.25Sep2025.60000.CALL,CALL,60000,25-Sep-2025,455.8,1200.0,0.0,0,0,0.0,0.0,805,35,,,,0.0
2025-06-18 15:18:47,BANKNIFTY.NSE.OPT.24Dec2025.60000.CALL,CALL,60000,24-Dec-2025,1227.5,1290.0,1251.0,11,207,10.97,5.612244897959184,1015,280,,,,-2.380023410066329
2025-06-18 15:18:47,BANKNIFTY.NSE.OPT.26Mar2026.60000.CALL,CALL,60000,26-Mar-2026,2.05,0.0,0.0,0,0,0.0,0.0,595,0,,,,0.0
2025-06-18 15:18:47,BANKNIFTY.NSE.OPT.26Jun2025.60100.CALL,CALL,60100,26-Jun-2025,6.7,7.0,6.8,1112,1387,21.21,12.126111560226354,48180,8940,,,,-12.258064516129034
2025-06-18 15:18:47,BANKNIFTY.NSE.OPT.26Jun2025.60100.PUT,PUT,60100,26-Jun-2025,4030.5,4396.75,3561.0,0,6,0.0,0.0,3360,3360,,,,0.0
2025-06-18 15:18:47,BANKNIFTY.NSE.OPT.31Jul2025.60100.CALL,CALL,60100,31-Jul-2025,61.85,333.0,109.0,0,25,0.0,0.0,1680,35,,,,0.0
2025-06-18 15:18:47,BANKNIFTY.NSE.OPT.31Jul2025.60100.PUT,PUT,60100,31-Jul-2025,3810.05,4808.95,0.0,0,0,0.0,0.0,1785,1785,,,,0.0
2025-06-18 15:18:47,BANKNIFTY.NSE.OPT.28Aug2025.60100.CALL,CALL,60100,28-Aug-2025,0.0,642.45,0.0,0,0,0.0,0.0,0,1785,,,,0.0
2025-06-18 15:18:47,BANKNIFTY.NSE.OPT.28Aug2025.60100.PUT,PUT,60100,28-Aug-2025,3543.3,5403.7,0.0,0,0,0.0,0.0,1785,1785,,,,0.0
2025-06-18 15:18:47,BANKNIFTY.NSE.OPT.26Jun2025.60200.CALL,CALL,60200,26-Jun-2025,5.45,6.4,6.45,2148,3287,21.49,20.182815356489947,51180,5190,,,,-13.422818791946309
2025-06-18 15:18:47,BANKNIFTY.NSE.OPT.26Jun2025.60200.PUT,PUT,60200,26-Jun-2025,4156.55,4505.95,3400.0,0,2,0.0,0.0,3360,3360,,,,0.0
2025-06-18 15:18:47,BANKNIFTY.NSE.OPT.31Jul2025.60200.CALL,CALL,60200,31-Jul-2025,0.0,245.05,0.0,0,0,0.0,0.0,0,1785,,,,0.0
2025-06-18 15:18:47,BANKNIFTY.NSE.OPT.31Jul2025.60200.PUT,PUT,60200,31-Jul-2025,3894.55,4751.45,0.0,0,0,0.0,0.0,1785,1190,,,,0.0
2025-06-18 15:18:47,BANKNIFTY.NSE.OPT.28Aug2025.60200.CALL,CALL,60200,28-Aug-2025,0.0,788.6,0.0,0,0,0.0,0.0,0,1785,,,,0.0
2025-06-18 15:18:47,BANKNIFTY.NSE.OPT.28Aug2025.60200.PUT,PUT,60200,28-Aug-2025,3630.6,5500.35,0.0,0,0,0.0,0.0,1785,1785,,,,0.0
2025-06-18 15:18:47,BANKNIFTY.NSE.OPT.26Jun2025.60300.CALL,CALL,60300,26-Jun-2025,6.4,6.8,6.5,1787,1615,21.93,45.62669071235347,56820,3330,,,,-12.751677852348994
2025-06-18 15:18:47,BANKNIFTY.NSE.OPT.26Jun2025.60300.PUT,PUT,60300,26-Jun-2025,4256.45,4604.2,4691.1,0,4,0.0,0.0,3360,3360,,,,0.0
2025-06-18 15:18:47,BANKNIFTY.NSE.OPT.31Jul2025.60300.CALL,CALL,60300,31-Jul-2025,0.0,400.8,0.0,0,0,0.0,0.0,0,1785,,,,0.0
2025-06-18 15:18:47,BANKNIFTY.NSE.OPT.31Jul2025.60300.PUT,PUT,60300,31-Jul-2025,3888.75,5003.4,0.0,0,0,0.0,0.0,1785,1190,,,,0.0
2025-06-18 15:18:47,BANKNIFTY.NSE.OPT.28Aug2025.60300.CALL,CALL,60300,28-Aug-2025,0.0,0.0,0.0,0,0,0.0,0.0,0,0,,,,0.0
2025-06-18 15:18:47,BANKNIFTY.NSE.OPT.28Aug2025.60300.PUT,PUT,60300,28-Aug-2025,3728.5,5667.85,0.0,0,0,0.0,0.0,1785,1785,,,,0.0
2025-06-18 15:18:47,BANKNIFTY.NSE.OPT.26Jun2025.60400.CALL,CALL,60400,26-Jun-2025,6.35,7.95,6.65,728,1071,22.41,13.093980992608236,92880,2340,,,,-7.638888888888887
2025-06-18 15:18:47,BANKNIFTY.NSE.OPT.26Jun2025.60400.PUT,PUT,60400,26-Jun-2025,4374.2,4679.55,4778.6,0,4,0.0,0.0,3360,3360,,,,0.0
2025-06-18 15:18:47,BANKNIFTY.NSE.OPT.31Jul2025.60400.CALL,CALL,60400,31-Jul-2025,74.0,81.0,81.0,69,226,13.28,-3.004291845493562,1785,280,,,,1.503759398496244
2025-06-18 15:18:47,BANKNIFTY.NSE.OPT.31Jul2025.60400.PUT,PUT,60400,31-Jul-2025,4076.75,4945.9,4675.7,0,1,0.0,0.0,1785,1785,,,,0.0
2025-06-18 15:18:47,BANKNIFTY.NSE.OPT.28Aug2025.60400.CALL,CALL,60400,28-Aug-2025,0.0,0.0,0.0,0,0,0.0,0.0,0,0,,,,0.0
2025-06-18 15:18:47,BANKNIFTY.NSE.OPT.28Aug2025.60400.PUT,PUT,60400,28-Aug-2025,3827.95,5767.4,0.0,0,0,0.0,0.0,1785,1785,,,,0.0
2025-06-18 15:18:47,BANKNIFTY.NSE.OPT.26Jun2025.60500.CALL,CALL,60500,26-Jun-2025,5.35,6.05,6.05,14667,16020,22.56,-1.7900931829328102,117090,5190,,,,-6.923076923076926
2025-06-18 15:18:47,BANKNIFTY.NSE.OPT.26Jun2025.60500.PUT,PUT,60500,26-Jun-2025,4420.05,4801.65,3854.4,0,0,0.0,0.0,3360,3360,,,,0.0
2025-06-18 15:18:47,BANKNIFTY.NSE.OPT.31Jul2025.60500.CALL,CALL,60500,31-Jul-2025,46.25,219.25,0.0,0,0,0.0,0.0,1890,1785,,,,0.0
2025-06-18 15:18:47,BANKNIFTY.NSE.OPT.31Jul2025.60500.PUT,PUT,60500,31-Jul-2025,4190.75,5043.65,4818.5,0,1,0.0,0.0,1785,1190,,,,0.0
2025-06-18 15:18:47,BANKNIFTY.NSE.OPT.28Aug2025.60500.CALL,CALL,60500,28-Aug-2025,0.0,789.95,0.0,0,0,0.0,0.0,0,35,,,,0.0
2025-06-18 15:18:47,BANKNIFTY.NSE.OPT.28Aug2025.60500.PUT,PUT,60500,28-Aug-2025,3914.9,5696.5,0.0,0,0,0.0,0.0,1785,1785,,,,0.0
2025-06-18 15:18:47,BANKNIFTY.NSE.OPT.26Jun2025.60600.CALL,CALL,60600,26-Jun-2025,5.0,7.0,7.0,1259,1328,23.4,59.42376950780312,110790,1500,,,,3.7037037037037033
2025-06-18 15:18:47,BANKNIFTY.NSE.OPT.26Jun2025.60600.PUT,PUT,60600,26-Jun-2025,4555.1,4907.0,4841.5,0,4,0.0,0.0,3360,3360,,,,0.0
2025-06-18 15:18:47,BANKNIFTY.NSE.OPT.31Jul2025.60600.CALL,CALL,60600,31-Jul-2025,0.0,373.8,0.0,0,0,0.0,0.0,0,1785,,,,0.0
2025-06-18 15:18:47,BANKNIFTY.NSE.OPT.31Jul2025.60600.PUT,PUT,60600,31-Jul-2025,4228.7,5369.9,3797.7,0,2,0.0,0.0,1785,1785,,,,0.0
2025-06-18 15:18:47,BANKNIFTY.NSE.OPT.28Aug2025.60600.CALL,CALL,60600,28-Aug-2025,0.0,0.0,0.0,0,0,0.0,0.0,0,0,,,,0.0
2025-06-18 15:18:47,BANKNIFTY.NSE.OPT.28Aug2025.60600.PUT,PUT,60600,28-Aug-2025,4021.95,5938.7,0.0,0,0,0.0,0.0,1785,1785,,,,0.0
2025-06-18 15:18:47,BANKNIFTY.NSE.OPT.26Jun2025.60700.CALL,CALL,60700,26-Jun-2025,5.95,7.0,5.95,835,844,23.33,57.757009345794394,100560,210,,,,-9.160305343511444
2025-06-18 15:18:47,BANKNIFTY.NSE.OPT.26Jun2025.60700.PUT,PUT,60700,26-Jun-2025,4623.65,5007.45,0.0,0,0,0.0,0.0,3360,3360,,,,0.0
2025-06-18 15:18:47,BANKNIFTY.NSE.OPT.31Jul2025.60700.CALL,CALL,60700,31-Jul-2025,20.15,0.0,0.0,0,0,0.0,0.0,910,0,,,,0.0
2025-06-18 15:18:47,BANKNIFTY.NSE.OPT.31Jul2025.60700.PUT,PUT,60700,31-Jul-2025,4369.9,5471.85,0.0,0,0,0.0,0.0,1785,1785,,,,0.0
2025-06-18 15:18:47,BANKNIFTY.NSE.OPT.28Aug2025.60700.CALL,CALL,60700,28-Aug-2025,0.0,0.0,0.0,0,0,0.0,0.0,0,0,,,,0.0
2025-06-18 15:18:47,BANKNIFTY.NSE.OPT.28Aug2025.60700.PUT,PUT,60700,28-Aug-2025,4097.35,6002.95,0.0,0,0,0.0,0.0,1785,1785,,,,0.0
2025-06-18 15:18:47,BANKNIFTY.NSE.OPT.26Jun2025.60800.CALL,CALL,60800,26-Jun-2025,5.0,6.4,5.85,482,807,23.69,31.433224755700326,120570,3840,,,,-7.874015748031496
2025-06-18 15:18:47,BANKNIFTY.NSE.OPT.26Jun2025.60800.PUT,PUT,60800,26-Jun-2025,4728.8,5078.7,0.0,0,0,0.0,0.0,3360,3360,,,,0.0
2025-06-18 15:18:47,BANKNIFTY.NSE.OPT.31Jul2025.60800.CALL,CALL,60800,31-Jul-2025,20.15,0.0,0.0,0,0,0.0,0.0,910,0,,,,0.0
2025-06-18 15:18:47,BANKNIFTY.NSE.OPT.31Jul2025.60800.PUT,PUT,60800,31-Jul-2025,4436.1,5552.1,0.0,0,0,0.0,0.0,1785,1785,,,,0.0
2025-06-18 15:18:47,BANKNIFTY.NSE.OPT.28Aug2025.60800.CALL,CALL,60800,28-Aug-2025,0.0,757.25,0.0,0,0,0.0,0.0,0,595,,,,0.0
2025-06-18 15:18:47,BANKNIFTY.NSE.OPT.28Aug2025.60800.PUT,PUT,60800,28-Aug-2025,4201.25,5899.95,0.0,0,0,0.0,0.0,1785,1785,,,,0.0
2025-06-18 15:18:47,BANKNIFTY.NSE.OPT.26Jun2025.60900.CALL,CALL,60900,26-Jun-2025,5.45,6.0,5.8,1044,940,24.07,78.03030303030303,115080,2370,,,,-7.936507936507936
2025-06-18 15:18:47,BANKNIFTY.NSE.OPT.26Jun2025.60900.PUT,PUT,60900,26-Jun-2025,4873.25,5212.3,0.0,0,0,0.0,0.0,3360,3360,,,,0.0
2025-06-18 15:18:47,BANKNIFTY.NSE.OPT.31Jul2025.60900.CALL,CALL,60900,31-Jul-2025,15.15,0.0,0.0,0,0,0.0,0.0,910,0,,,,0.0
2025-06-18 15:18:47,BANKNIFTY.NSE.OPT.31Jul2025.60900.PUT,PUT,60900,31-Jul-2025,4637.6,5657.1,0.0,0,0,0.0,0.0,1785,1785,,,,0.0
2025-06-18 15:18:47,BANKNIFTY.NSE.OPT.28Aug2025.60900.CALL,CALL,60900,28-Aug-2025,0.0,0.0,0.0,0,0,0.0,0.0,0,0,,,,0.0
2025-06-18 15:18:47,BANKNIFTY.NSE.OPT.28Aug2025.60900.PUT,PUT,60900,28-Aug-2025,4294.05,5848.0,0.0,0,0,0.0,0.0,1785,1785,,,,0.0
2025-06-18 15:18:47,BANKNIFTY.NSE.OPT.26Jun2025.61000.CALL,CALL,61000,26-Jun-2025,5.35,5.4,5.35,30174,26987,24.29,-4.918437092625868,154260,10050,,,,-10.83333333333334
2025-06-18 15:18:47,BANKNIFTY.NSE.OPT.26Jun2025.61000.PUT,PUT,61000,26-Jun-2025,4972.85,5230.15,5113.55,42,242,33.97,-10.37037037037037,3360,3360,,,,-1.791870324668469
2025-06-18 15:18:47,BANKNIFTY.NSE.OPT.31Jul2025.61000.CALL,CALL,61000,31-Jul-2025,52.0,53.95,53.95,636,1610,13.54,6.8347710683477105,13440,14070,,,,-8.01364023870417
2025-06-18 15:18:47,BANKNIFTY.NSE.OPT.31Jul2025.61000.PUT,PUT,61000,31-Jul-2025,4878.0,5221.25,4897.45,106,424,23.36,30.061349693251532,1855,1820,,,,-1.3555566745556207
2025-06-18 15:18:47,BANKNIFTY.NSE.OPT.28Aug2025.61000.CALL,CALL,61000,28-Aug-2025,0.0,549.95,0.0,0,0,0.0,0.0,0,1820,,,,0.0
2025-06-18 15:18:47,BANKNIFTY.NSE.OPT.28Aug2025.61000.PUT,PUT,61000,28-Aug-2025,4385.55,6279.3,0.0,0,0,0.0,0.0,1785,1785,,,,0.0
2025-06-18 15:18:47,BANKNIFTY.NSE.OPT.26Jun2025.61100.CALL,CALL,61100,26-Jun-2025,4.3,7.45,5.35,333,235,24.64,144.79166666666666,98070,12690,,,,-13.008130081300823
2025-06-18 15:18:47,BANKNIFTY.NSE.OPT.26Jun2025.61100.PUT,PUT,61100,26-Jun-2025,5028.65,5461.45,0.0,0,0,0.0,0.0,3360,3360,,,,0.0
2025-06-18 15:18:47,BANKNIFTY.NSE.OPT.31Jul2025.61100.CALL,CALL,61100,31-Jul-2025,31.0,193.8,0.0,0,0,0.0,0.0,1505,1785,,,,0.0
2025-06-18 15:18:47,BANKNIFTY.NSE.OPT.31Jul2025.61100.PUT,PUT,61100,31-Jul-2025,4604.15,5927.1,0.0,0,0,0.0,0.0,1785,1785,,,,0.0
2025-06-18 15:18:47,BANKNIFTY.NSE.OPT.28Aug2025.61100.CALL,CALL,61100,28-Aug-2025,0.0,0.0,0.0,0,0,0.0,0.0,0,0,,,,0.0
2025-06-18 15:18:47,BANKNIFTY.NSE.OPT.28Aug2025.61100.PUT,PUT,61100,28-Aug-2025,4481.6,6089.35,0.0,0,0,0.0,0.0,1785,1785,,,,0.0
2025-06-18 15:18:47,BANKNIFTY.NSE.OPT.26Jun2025.61200.CALL,CALL,61200,26-Jun-2025,5.35,7.55,5.35,255,233,25.04,17.67676767676768,101850,12960,,,,-11.5702479338843
2025-06-18 15:18:47,BANKNIFTY.NSE.OPT.26Jun2025.61200.PUT,PUT,61200,26-Jun-2025,5118.8,5482.05,0.0,0,0,0.0,0.0,3360,3360,,,,0.0
2025-06-18 15:18:47,BANKNIFTY.NSE.OPT.31Jul2025.61200.CALL,CALL,61200,31-Jul-2025,31.0,0.0,115.3,0,1,0.0,0.0,1505,0,,,,0.0
2025-06-18 15:18:47,BANKNIFTY.NSE.OPT.31Jul2025.61200.PUT,PUT,61200,31-Jul-2025,4914.05,5737.65,0.0,0,0,0.0,0.0,1785,1785,,,,0.0
2025-06-18 15:18:47,BANKNIFTY.NSE.OPT.28Aug2025.61200.CALL,CALL,61200,28-Aug-2025,0.0,0.0,0.0,0,0,0.0,0.0,0,0,,,,0.0
2025-06-18 15:18:47,BANKNIFTY.NSE.OPT.28Aug2025.61200.PUT,PUT,61200,28-Aug-2025,4564.15,6177.25,0.0,0,0,0.0,0.0,1785,1785,,,,0.0
2025-06-18 15:18:47,BANKNIFTY.NSE.OPT.26Jun2025.61300.CALL,CALL,61300,26-Jun-2025,4.05,6.8,5.35,289,136,25.43,54.54545454545455,97500,13320,,,,-15.07936507936508
2025-06-18 15:18:47,BANKNIFTY.NSE.OPT.26Jun2025.61300.PUT,PUT,61300,26-Jun-2025,5241.5,5610.35,0.0,0,0,0.0,0.0,3360,3360,,,,0.0
2025-06-18 15:18:47,BANKNIFTY.NSE.OPT.31Jul2025.61300.CALL,CALL,61300,31-Jul-2025,31.25,97.7,100.2,1,3,16.22,50.0,1750,35,,,,-59.588626739261954
2025-06-18 15:18:47,BANKNIFTY.NSE.OPT.31Jul2025.61300.PUT,PUT,61300,31-Jul-2025,4985.6,5851.95,0.0,0,0,0.0,0.0,1785,1785,,,,0.0
2025-06-18 15:18:47,BANKNIFTY.NSE.OPT.28Aug2025.61300.CALL,CALL,61300,28-Aug-2025,0.0,0.0,0.0,0,0,0.0,0.0,0,0,,,,0.0
2025-06-18 15:18:47,BANKNIFTY.NSE.OPT.28Aug2025.61300.PUT,PUT,61300,28-Aug-2025,4745.3,6266.1,0.0,0,0,0.0,0.0,1785,1785,,,,0.0
2025-06-18 15:18:47,BANKNIFTY.NSE.OPT.26Jun2025.61400.CALL,CALL,61400,26-Jun-2025,4.05,5.35,5.25,902,470,25.77,203.2258064516129,93030,14880,,,,-6.249999999999994
2025-06-18 15:18:47,BANKNIFTY.NSE.OPT.26Jun2025.61400.PUT,PUT,61400,26-Jun-2025,5311.4,5710.7,0.0,0,0,0.0,0.0,3360,3360,,,,0.0
2025-06-18 15:18:47,BANKNIFTY.NSE.OPT.31Jul2025.61400.CALL,CALL,61400,31-Jul-2025,31.0,234.0,0.0,0,0,0.0,0.0,1505,1785,,,,0.0
2025-06-18 15:18:47,BANKNIFTY.NSE.OPT.31Jul2025.61400.PUT,PUT,61400,31-Jul-2025,4985.5,5954.15,0.0,0,0,0.0,0.0,1785,1785,,,,0.0
2025-06-18 15:18:47,BANKNIFTY.NSE.OPT.28Aug2025.61400.CALL,CALL,61400,28-Aug-2025,0.0,0.0,0.0,0,0,0.0,0.0,0,0,,,,0.0
2025-06-18 15:18:47,BANKNIFTY.NSE.OPT.28Aug2025.61400.PUT,PUT,61400,28-Aug-2025,4770.55,6315.0,0.0,0,0,0.0,0.0,1785,1785,,,,0.0
2025-06-18 15:18:47,BANKNIFTY.NSE.OPT.26Jun2025.61500.CALL,CALL,61500,26-Jun-2025,4.65,5.4,5.4,5605,7270,26.25,2.1354313009272268,120360,3630,,,,-4.424778761061947
2025-06-18 15:18:47,BANKNIFTY.NSE.OPT.26Jun2025.61500.PUT,PUT,61500,26-Jun-2025,5438.9,5728.05,4370.0,0,14,0.0,0.0,3360,3360,,,,0.0
2025-06-18 15:18:47,BANKNIFTY.NSE.OPT.31Jul2025.61500.CALL,CALL,61500,31-Jul-2025,33.3,0.0,0.0,0,0,0.0,0.0,5110,0,,,,0.0
2025-06-18 15:18:47,BANKNIFTY.NSE.OPT.31Jul2025.61500.PUT,PUT,61500,31-Jul-2025,5146.45,6554.55,0.0,0,0,0.0,0.0,1785,1785,,,,0.0
2025-06-18 15:18:47,BANKNIFTY.NSE.OPT.28Aug2025.61500.CALL,CALL,61500,28-Aug-2025,0.0,489.95,0.0,0,0,0.0,0.0,0,35,,,,0.0
2025-06-18 15:18:47,BANKNIFTY.NSE.OPT.28Aug2025.61500.PUT,PUT,61500,28-Aug-2025,4954.8,6703.15,0.0,0,0,0.0,0.0,1785,1785,,,,0.0
2025-06-18 15:18:47,BANKNIFTY.NSE.OPT.25Sep2025.61500.CALL,CALL,61500,25-Sep-2025,5.0,0.0,0.0,0,0,0.0,0.0,805,0,,,,0.0
2025-06-18 15:18:47,BANKNIFTY.NSE.OPT.24Dec2025.61500.CALL,CALL,61500,24-Dec-2025,6.0,0.0,0.0,0,0,0.0,0.0,735,0,,,,0.0
2025-06-18 15:18:47,BANKNIFTY.NSE.OPT.26Mar2026.61500.CALL,CALL,61500,26-Mar-2026,2.05,0.0,0.0,0,0,0.0,0.0,595,0,,,,0.0
2025-06-18 15:18:47,BANKNIFTY.NSE.OPT.26Jun2025.61600.CALL,CALL,61600,26-Jun-2025,4.95,6.0,5.1,1156,557,26.47,92.73356401384083,109260,14730,,,,5.154639175257732
2025-06-18 15:18:47,BANKNIFTY.NSE.OPT.26Jun2025.61600.PUT,PUT,61600,26-Jun-2025,5573.0,5882.05,0.0,0,0,0.0,0.0,3360,3360,,,,0.0
2025-06-18 15:18:47,BANKNIFTY.NSE.OPT.31Jul2025.61600.CALL,CALL,61600,31-Jul-2025,22.0,0.0,0.0,0,0,0.0,0.0,2975,0,,,,0.0
2025-06-18 15:18:47,BANKNIFTY.NSE.OPT.31Jul2025.61600.PUT,PUT,61600,31-Jul-2025,5244.95,6463.6,0.0,0,0,0.0,0.0,1785,1785,,,,0.0
2025-06-18 15:18:47,BANKNIFTY.NSE.OPT.28Aug2025.61600.CALL,CALL,61600,28-Aug-2025,0.0,0.0,0.0,0,0,0.0,0.0,0,0,,,,0.0
2025-06-18 15:18:47,BANKNIFTY.NSE.OPT.28Aug2025.61600.PUT,PUT,61600,28-Aug-2025,5034.4,6482.15,0.0,0,0,0.0,0.0,1785,1785,,,,0.0
2025-06-18 15:18:47,BANKNIFTY.NSE.OPT.26Jun2025.61700.CALL,CALL,61700,26-Jun-2025,4.15,5.7,5.7,126,161,27.21,21.96969696969697,102570,14280,,,,4.587155963302751
2025-06-18 15:18:47,BANKNIFTY.NSE.OPT.26Jun2025.61700.PUT,PUT,61700,26-Jun-2025,5627.05,6017.7,0.0,0,0,0.0,0.0,3360,3360,,,,0.0
2025-06-18 15:18:47,BANKNIFTY.NSE.OPT.31Jul2025.61700.CALL,CALL,61700,31-Jul-2025,21.35,0.0,0.0,0,0,0.0,0.0,2660,0,,,,0.0
2025-06-18 15:18:47,BANKNIFTY.NSE.OPT.31Jul2025.61700.PUT,PUT,61700,31-Jul-2025,5416.2,6267.85,0.0,0,0,0.0,0.0,1785,1785,,,,0.0
2025-06-18 15:18:47,BANKNIFTY.NSE.OPT.28Aug2025.61700.CALL,CALL,61700,28-Aug-2025,0.0,555.15,0.0,0,0,0.0,0.0,0,1785,,,,0.0
2025-06-18 15:18:47,BANKNIFTY.NSE.OPT.28Aug2025.61700.PUT,PUT,61700,28-Aug-2025,5121.3,6538.95,0.0,0,0,0.0,0.0,1785,1785,,,,0.0
2025-06-18 15:18:47,BANKNIFTY.NSE.OPT.26Jun2025.61800.CALL,CALL,61800,26-Jun-2025,4.3,6.8,5.0,499,208,27.18,31.645569620253166,137640,12120,,,,-13.79310344827586
2025-06-18 15:18:47,BANKNIFTY.NSE.OPT.26Jun2025.61800.PUT,PUT,61800,26-Jun-2025,5720.35,6127.4,0.0,0,0,0.0,0.0,3360,3360,,,,0.0
2025-06-18 15:18:47,BANKNIFTY.NSE.OPT.31Jul2025.61800.CALL,CALL,61800,31-Jul-2025,22.7,79.8,38.0,7,20,14.37,25.0,2940,630,,,,-5.0
2025-06-18 15:18:47,BANKNIFTY.NSE.OPT.31Jul2025.61800.PUT,PUT,61800,31-Jul-2025,5503.7,6686.05,0.0,0,0,0.0,0.0,1785,1785,,,,0.0
2025-06-18 15:18:47,BANKNIFTY.NSE.OPT.28Aug2025.61800.CALL,CALL,61800,28-Aug-2025,0.0,0.0,0.0,0,0,0.0,0.0,0,0,,,,0.0
2025-06-18 15:18:47,BANKNIFTY.NSE.OPT.28Aug2025.61800.PUT,PUT,61800,28-Aug-2025,5148.95,6835.1,0.0,0,0,0.0,0.0,1785,1785,,,,0.0
2025-06-18 15:18:47,BANKNIFTY.NSE.OPT.26Jun2025.62000.CALL,CALL,62000,26-Jun-2025,4.6,4.85,4.7,10113,12913,27.76,1.4455181082567365,109710,19620,,,,-15.315315315315308
2025-06-18 15:18:47,BANKNIFTY.NSE.OPT.26Jun2025.62000.PUT,PUT,62000,26-Jun-2025,5922.25,6231.8,6100.0,6,79,37.26,-5.9523809523809526,2760,2760,,,,-1.7270266786957054
2025-06-18 15:18:47,BANKNIFTY.NSE.OPT.31Jul2025.62000.CALL,CALL,62000,31-Jul-2025,33.0,33.95,33.25,701,1544,14.45,9.50354609929078,17115,5215,,,,-14.414414414414416
2025-06-18 15:18:47,BANKNIFTY.NSE.OPT.31Jul2025.62000.PUT,PUT,62000,31-Jul-2025,5719.65,6820.6,5635.55,0,30,0.0,0.0,1785,1785,,,,-0.13290685001904998
2025-06-18 15:18:47,BANKNIFTY.NSE.OPT.28Aug2025.62000.CALL,CALL,62000,28-Aug-2025,0.0,349.95,0.0,0,0,0.0,0.0,0,70,,,,0.0
2025-06-18 15:18:47,BANKNIFTY.NSE.OPT.28Aug2025.62000.PUT,PUT,62000,28-Aug-2025,5422.15,6720.7,0.0,0,0,0.0,0.0,1785,1785,,,,0.0
2025-06-18 15:18:47,BANKNIFTY.NSE.OPT.26Jun2025.62500.CALL,CALL,62500,26-Jun-2025,4.65,4.8,4.8,6609,7184,29.72,1.669968864987263,102870,18000,,,,-8.571428571428575
2025-06-18 15:18:47,BANKNIFTY.NSE.OPT.26Jun2025.62500.PUT,PUT,62500,26-Jun-2025,6428.8,6833.5,6350.0,0,1,0.0,0.0,2760,2760,,,,0.0
2025-06-18 15:18:47,BANKNIFTY.NSE.OPT.31Jul2025.62500.CALL,CALL,62500,31-Jul-2025,26.25,27.95,27.95,431,900,15.03,13.493064312736443,11200,2345,,,,-11.968503937007876
2025-06-18 15:18:47,BANKNIFTY.NSE.OPT.31Jul2025.62500.PUT,PUT,62500,31-Jul-2025,6192.15,7213.1,0.0,0,0,0.0,0.0,1785,1785,,,,0.0
2025-06-18 15:18:47,BANKNIFTY.NSE.OPT.28Aug2025.62500.CALL,CALL,62500,28-Aug-2025,0.0,202.0,517.4,0,1,0.0,0.0,0,1855,,,,0.0
2025-06-18 15:18:47,BANKNIFTY.NSE.OPT.28Aug2025.62500.PUT,PUT,62500,28-Aug-2025,5895.3,7210.45,0.0,0,0,0.0,0.0,1785,1785,,,,0.0
2025-06-18 15:18:47,BANKNIFTY.NSE.OPT.26Jun2025.63000.CALL,CALL,63000,26-Jun-2025,4.2,4.6,4.4,9778,30024,31.29,-0.7569497239943146,200730,26670,,,,-9.278350515463904
2025-06-18 15:18:47,BANKNIFTY.NSE.OPT.26Jun2025.63000.PUT,PUT,63000,26-Jun-2025,7090.0,7136.0,7090.0,14,654,40.45,-0.60790273556231,3150,2790,,,,-1.9133129504862856
2025-06-18 15:18:47,BANKNIFTY.NSE.OPT.31Jul2025.63000.CALL,CALL,63000,31-Jul-2025,21.15,22.0,21.15,432,1802,15.34,7.070707070707071,13825,5110,,,,-16.73228346456693
2025-06-18 15:18:47,BANKNIFTY.NSE.OPT.31Jul2025.63000.PUT,PUT,63000,31-Jul-2025,6619.45,7463.1,6950.0,16,16,30.94,0.0,1785,1785,,,,-2.1464424247970744
2025-06-18 15:18:47,BANKNIFTY.NSE.OPT.28Aug2025.63000.CALL,CALL,63000,28-Aug-2025,58.7,62.95,62.95,65,94,13.53,56.666666666666664,4620,630,,,,-12.871972318339097
2025-06-18 15:18:47,BANKNIFTY.NSE.OPT.28Aug2025.63000.PUT,PUT,63000,28-Aug-2025,6410.2,7546.35,0.0,0,0,0.0,0.0,1785,1785,,,,0.0
2025-06-18 15:18:47,BANKNIFTY.NSE.OPT.25Sep2025.63000.CALL,CALL,63000,25-Sep-2025,100.0,200.0,100.0,0,22,0.0,0.0,1610,35,,,,0.0
2025-06-18 15:18:47,BANKNIFTY.NSE.OPT.24Dec2025.63000.CALL,CALL,63000,24-Dec-2025,5.0,0.0,0.0,0,0,0.0,0.0,735,0,,,,0.0
2025-06-18 15:18:47,BANKNIFTY.NSE.OPT.26Mar2026.63000.CALL,CALL,63000,26-Mar-2026,2.05,0.0,0.0,0,0,0.0,0.0,595,0,,,,0.0
2025-06-18 15:18:47,BANKNIFTY.NSE.OPT.26Jun2025.63500.CALL,CALL,63500,26-Jun-2025,3.85,4.0,3.85,7289,10404,32.65,3.512088349417968,110220,19380,,,,-16.30434782608695
2025-06-18 15:18:47,BANKNIFTY.NSE.OPT.26Jun2025.63500.PUT,PUT,63500,26-Jun-2025,7377.55,7842.5,0.0,0,0,0.0,0.0,2760,2760,,,,0.0
2025-06-18 15:18:47,BANKNIFTY.NSE.OPT.31Jul2025.63500.CALL,CALL,63500,31-Jul-2025,19.4,19.9,19.4,140,738,16.06,0.0,15330,4480,,,,-9.767441860465123
2025-06-18 15:18:47,BANKNIFTY.NSE.OPT.31Jul2025.63500.PUT,PUT,63500,31-Jul-2025,7124.3,8098.8,0.0,0,0,0.0,0.0,1785,1785,,,,0.0
2025-06-18 15:18:47,BANKNIFTY.NSE.OPT.28Aug2025.63500.CALL,CALL,63500,28-Aug-2025,0.0,159.95,0.0,0,0,0.0,0.0,0,1855,,,,0.0
2025-06-18 15:18:47,BANKNIFTY.NSE.OPT.28Aug2025.63500.PUT,PUT,63500,28-Aug-2025,6820.45,8124.45,0.0,0,0,0.0,0.0,1785,1785,,,,0.0
2025-06-18 15:18:47,BANKNIFTY.NSE.OPT.26Jun2025.64000.CALL,CALL,64000,26-Jun-2025,3.8,4.0,4.0,7339,8099,34.57,6.973979659225994,125490,24870,,,,-11.11111111111111
2025-06-18 15:18:47,BANKNIFTY.NSE.OPT.26Jun2025.64000.PUT,PUT,64000,26-Jun-2025,7869.0,8339.2,7200.0,0,1,0.0,0.0,2760,2760,,,,0.0
2025-06-18 15:18:47,BANKNIFTY.NSE.OPT.31Jul2025.64000.CALL,CALL,64000,31-Jul-2025,16.25,17.7,16.5,133,157,16.59,149.20634920634922,11900,2975,,,,-13.838120104438637
2025-06-18 15:18:47,BANKNIFTY.NSE.OPT.31Jul2025.64000.PUT,PUT,64000,31-Jul-2025,7657.2,8619.85,0.0,0,0,0.0,0.0,1785,1785,,,,0.0
2025-06-18 15:18:47,BANKNIFTY.NSE.OPT.28Aug2025.64000.CALL,CALL,64000,28-Aug-2025,0.0,105.0,0.0,0,0,0.0,0.0,0,70,,,,0.0
2025-06-18 15:18:47,BANKNIFTY.NSE.OPT.28Aug2025.64000.PUT,PUT,64000,28-Aug-2025,7301.95,8593.3,0.0,0,0,0.0,0.0,1785,1785,,,,0.0
2025-06-18 15:18:47,BANKNIFTY.NSE.OPT.26Jun2025.64500.CALL,CALL,64500,26-Jun-2025,3.8,3.85,3.85,23154,25663,36.19,7.90480595383257,121230,42210,,,,-12.500000000000005
2025-06-18 15:18:47,BANKNIFTY.NSE.OPT.26Jun2025.64500.PUT,PUT,64500,26-Jun-2025,8337.85,8861.95,0.0,0,0,0.0,0.0,2760,2760,,,,0.0
2025-06-18 15:18:47,BANKNIFTY.NSE.OPT.31Jul2025.64500.CALL,CALL,64500,31-Jul-2025,15.05,15.85,15.1,129,182,17.26,28.169014084507044,13545,5880,,,,-10.914454277286135
2025-06-18 15:18:47,BANKNIFTY.NSE.OPT.31Jul2025.64500.PUT,PUT,64500,31-Jul-2025,8116.4,9051.3,0.0,0,0,0.0,0.0,1785,1785,,,,0.0
2025-06-18 15:18:47,BANKNIFTY.NSE.OPT.28Aug2025.64500.CALL,CALL,64500,28-Aug-2025,0.0,88.0,148.2,0,1,0.0,0.0,0,1855,,,,0.0
2025-06-18 15:18:47,BANKNIFTY.NSE.OPT.28Aug2025.64500.PUT,PUT,64500,28-Aug-2025,7725.55,9117.75,0.0,0,0,0.0,0.0,1785,1785,,,,0.0
2025-06-18 15:18:47,BANKNIFTY.NSE.OPT.25Sep2025.64500.CALL,CALL,64500,25-Sep-2025,1.05,0.0,0.0,0,0,0.0,0.0,595,0,,,,0.0
2025-06-18 15:18:47,BANKNIFTY.NSE.OPT.24Dec2025.64500.CALL,CALL,64500,24-Dec-2025,2.05,0.0,0.0,0,0,0.0,0.0,595,0,,,,0.0
2025-06-18 15:18:47,BANKNIFTY.NSE.OPT.26Mar2026.64500.CALL,CALL,64500,26-Mar-2026,2.05,0.0,0.0,0,0,0.0,0.0,595,0,,,,0.0
