Date,Open,High,Low,Close,Volume,Dividends,Stock Splits,Price_Change,Price_Change_Pct,High_Low_Range,High_Low_Pct,Previous_Close,Gap,Gap_Pct,Daily_Return_Pct,MA_5,MA_20,MA_50,Volume_MA_20,Volume_Ratio,Volatility_20,Body_Size,Upper_Shadow,Lower_Shadow,ATM_Strike,ITM_Call_Strike_50,ITM_Call_Strike_100,OTM_Call_Strike_50,OTM_Call_Strike_100,OTM_Call_Strike_200,ITM_Put_Strike_50,ITM_Put_Strike_100,OTM_Put_Strike_50,OTM_Put_Strike_100,OTM_Put_Strike_200,Moneyness_ITM_Call,Moneyness_OTM_Call,Moneyness_ITM_Put,Moneyness_OTM_Put,Vol_Factor,Volume_Factor,Price_Factor,OI_ATM_Calls,OI_ATM_Puts,OI_ITM_Calls,OI_ITM_Puts,OI_OTM_Calls,OI_OTM_Puts,OI_Far_OTM_Calls,OI_Far_OTM_Puts,Total_Call_OI,Total_Put_OI,Total_OI,PCR_OI,PCR_Volume,OI_Change_Total,OI_Change_Calls,OI_Change_Puts,OI_Change_Pct,Bullish_Signal,Bearish_Signal,Support_Level_1,Support_Level_2,Resistance_Level_1,Resistance_Level_2,Vol_Adjusted_OI,IV_Historical_Premium,IV_GARCH_Style,IV_Range_Based,IV_VIX_Style,IV_Composite,IV_Call_Skew,IV_Put_Skew,IV_Weekly,IV_Monthly,IV_Quarterly,IV_ATM,IV_OTM_Calls,IV_OTM_Puts,IV_Risk_Premium,IV_Black_Scholes_Call,IV_Black_Scholes_Put,IV_Black_Scholes_Avg,HV_Annualized
2024-06-25 00:00:00+05:30,23577.099609375,23754.150390625,23562.05078125,23721.30078125,298100,0.0,0.0,144.201171875,0.6116153991123703,192.099609375,0.8147720141904781,,,,,,,,,,,144.201171875,32.849609375,15.048828125,23700.0,23650.0,23600.0,23750.0,23800.0,23900.0,23750.0,23800.0,23650.0,23600.0,23500.0,0.9948864194940829,1.003317660337253,1.003317660337253,0.9948864194940829,1.0,1.0,0.5,100000,90000,70000,72000,100000,108000,30000,43200,300000,313200,613200,1.044,1.5,0.0,0.0,0.0,0.0,0,0,23600.0,23500.0,23800.0,23900.0,,,,,,,,,,,,,,,,,,,
2024-06-26 00:00:00+05:30,23723.099609375,23889.900390625,23670.44921875,23868.80078125,287800,0.0,0.0,145.701171875,0.6141742616863657,219.451171875,0.9250526933178508,23721.30078125,1.798828125,0.0075831765786716,0.6218040121837909,,,,,,,145.701171875,21.099609375,52.650390625,23850.0,23800.0,23750.0,23900.0,23950.0,24050.0,23900.0,23950.0,23800.0,23750.0,23650.0,0.9950227586907792,1.003401897711333,1.003401897711333,0.9950227586907792,1.0,1.0,0.3109020060918954,100000,90000,70000,72000,100000,108000,30000,43200,300000,313200,613200,1.044,1.5,0.0,0.0,0.0,0.0,0,0,23750.0,23650.0,23950.0,24050.0,,,,,,,,,,,,,,,,,,,
2024-06-27 00:00:00+05:30,23881.55078125,24087.44921875,23805.400390625,24044.5,515200,0.0,0.0,162.94921875,0.6823226022572013,282.048828125,1.1810322985659858,23868.80078125,12.75,0.0534170112560313,0.7361040898544724,,,,,,,162.94921875,42.94921875,76.150390625,24050.0,24000.0,23950.0,24100.0,24150.0,24250.0,24100.0,24150.0,24000.0,23950.0,23850.0,0.996069787269438,1.00438769781031,1.00438769781031,0.996069787269438,1.0,1.0,0.3680520449272362,100000,90000,70000,72000,100000,108000,30000,43200,300000,313200,613200,1.044,1.5,0.0,0.0,0.0,0.0,0,0,23950.0,23850.0,24150.0,24250.0,,,,,,,,,,,,,,,,,,,
2024-06-28 00:00:00+05:30,24085.900390625,24174.0,23985.80078125,24010.599609375,354800,0.0,0.0,-75.30078125,-0.3126342799263151,188.19921875,0.7813667568900731,24044.5,41.400390625,0.1721823727879556,-0.1409902082596836,,,,,,,75.30078125,88.099609375,24.798828125,24000.0,23950.0,23900.0,24050.0,24100.0,24200.0,24050.0,24100.0,23950.0,23900.0,23800.0,0.995393717309258,1.0037233718474108,1.0037233718474108,0.995393717309258,1.0,1.0,0.0704951041298418,100000,90000,70000,72000,100000,108000,30000,43200,300000,313200,613200,1.044,1.5,0.0,0.0,0.0,0.0,0,0,23900.0,23800.0,24100.0,24200.0,,,,,,,,,,,,,,,,,,,
2024-07-01 00:00:00+05:30,23992.94921875,24164.0,23992.69921875,24141.94921875,0,0.0,0.0,149.0,0.6210157769331648,171.30078125,0.7139630050820595,24010.599609375,-17.650390625,-0.0735108281848503,0.5470484349075377,23957.430078125,,,,,,149.0,22.05078125,0.25,24150.0,24100.0,24050.0,24200.0,24250.0,24350.0,24200.0,24250.0,24100.0,24050.0,23950.0,0.9961913092469524,1.004475644458985,1.004475644458985,0.9961913092469524,1.0,1.0,0.2735242174537688,100000,90000,70000,72000,100000,108000,30000,43200,300000,313200,613200,1.044,1.5,0.0,0.0,0.0,0.0,0,0,24050.0,23950.0,24250.0,24350.0,,,,,,,,,,,,,,,,,,,
2024-07-02 00:00:00+05:30,24228.75,24236.349609375,24056.400390625,24123.849609375,0,0.0,0.0,-104.900390625,-0.4329583268843832,179.94921875,0.7427094618996027,24141.94921875,86.80078125,0.3595433842706686,-0.074971615634678,24037.93984375,,,,,,104.900390625,7.599609375,67.44921875,24100.0,24050.0,24000.0,24150.0,24200.0,24300.0,24150.0,24200.0,24050.0,24000.0,23900.0,0.994866092626988,1.0031566433988797,1.0031566433988797,0.994866092626988,1.0,1.0,0.037485807817339,100000,90000,70000,72000,100000,108000,30000,43200,300000,313200,613200,1.044,1.5,0.0,0.0,0.0,0.0,0,0,24000.0,23900.0,24200.0,24300.0,,,,,,,,,,,,,,,,,,,
2024-07-03 00:00:00+05:30,24291.75,24309.150390625,24207.099609375,24286.5,0,0.0,0.0,-5.25,-0.0216122757726388,102.05078125,0.4201046908929987,24123.849609375,167.900390625,0.6959933565484948,0.6742306607722792,24121.4796875,,,,,,5.25,17.400390625,79.400390625,24300.0,24250.0,24200.0,24350.0,24400.0,24500.0,24350.0,24400.0,24250.0,24200.0,24100.0,0.9964383505239536,1.0046733782142343,1.0046733782142343,0.9964383505239536,1.0,1.0,0.3371153303861396,100000,90000,70000,72000,100000,108000,30000,43200,300000,313200,613200,1.044,1.5,0.0,0.0,0.0,0.0,0,0,24200.0,24100.0,24400.0,24500.0,,,,,,,,,,,,,,,,,,,
2024-07-04 00:00:00+05:30,24369.94921875,24401.0,24281.0,24302.150390625,251200,0.0,0.0,-67.798828125,-0.2782066860969749,120.0,0.4924097252844219,24286.5,83.44921875,0.3436033135692669,0.0644407000802926,24173.009765625,,,,,,67.798828125,31.05078125,21.150390625,24300.0,24250.0,24200.0,24350.0,24400.0,24500.0,24350.0,24400.0,24250.0,24200.0,24100.0,0.9957966521899064,1.00402637658817,1.00402637658817,0.9957966521899064,1.0,1.0,0.0322203500401463,100000,90000,70000,72000,100000,108000,30000,43200,300000,313200,613200,1.044,1.5,0.0,0.0,0.0,0.0,0,0,24200.0,24100.0,24400.0,24500.0,,,,,,,,,,,,,,,,,,,
2024-07-05 00:00:00+05:30,24213.349609375,24363.0,24168.849609375,24323.849609375,298400,0.0,0.0,110.5,0.45635982539655,194.150390625,0.8018320214144525,24302.150390625,-88.80078125,-0.3654029780190008,0.0892892949850621,24235.659765625,,,,,,110.5,39.150390625,44.5,24300.0,24250.0,24200.0,24350.0,24400.0,24500.0,24350.0,24400.0,24250.0,24200.0,24100.0,0.9949083055781078,1.003130688268836,1.003130688268836,0.9949083055781078,1.0,1.0,0.044644647492531,100000,90000,70000,72000,100000,108000,30000,43200,300000,313200,613200,1.044,1.5,0.0,0.0,0.0,0.0,0,0,24200.0,24100.0,24400.0,24500.0,,,,,,,,,,,,,,,,,,,
2024-07-08 00:00:00+05:30,24329.44921875,24344.599609375,24240.55078125,24320.55078125,266300,0.0,0.0,-8.8984375,-0.036574759337923,104.048828125,0.4276661883690017,24323.849609375,5.599609375,0.0230210655999195,-0.0135621136373442,24271.380078125,,,,,,8.8984375,15.150390625,80.0,24300.0,24250.0,24200.0,24350.0,24400.0,24500.0,24350.0,24400.0,24250.0,24200.0,24100.0,0.9950432544750204,1.0032667524458885,1.0032667524458885,0.9950432544750204,1.0,1.0,0.0067810568186721,100000,90000,70000,72000,100000,108000,30000,43200,300000,313200,613200,1.044,1.5,0.0,0.0,0.0,0.0,0,0,24200.0,24100.0,24400.0,24500.0,,,,,,,,,,,,,,,,,,,
2024-07-09 00:00:00+05:30,24351.0,24443.599609375,24331.900390625,24433.19921875,250500,0.0,0.0,82.19921875,0.3375599308036631,111.69921875,0.4587048529834503,24320.55078125,30.44921875,0.1251995443025694,0.4631820986013446,24333.25,,,,,,82.19921875,10.400390625,19.099609375,24450.0,24400.0,24350.0,24500.0,24550.0,24650.0,24500.0,24550.0,24400.0,24350.0,24250.0,0.9965948291091512,1.004780412921136,1.004780412921136,0.9965948291091512,1.0,1.0,0.2315910493006723,100000,90000,70000,72000,100000,108000,30000,43200,300000,313200,613200,1.044,1.5,0.0,0.0,0.0,0.0,0,0,24350.0,24250.0,24550.0,24650.0,,,,,,,,,,,,,,,,,,,
2024-07-10 00:00:00+05:30,24459.849609375,24461.05078125,24141.80078125,24324.44921875,292300,0.0,0.0,-135.400390625,-0.5535618280052857,319.25,1.3052001753830795,24433.19921875,26.650390625,0.1090745030415359,-0.4450911197766749,24340.83984375,,,,,,135.400390625,1.201171875,182.6484375,24300.0,24250.0,24200.0,24350.0,24400.0,24500.0,24350.0,24400.0,24250.0,24200.0,24100.0,0.9948837806097548,1.0031059606147943,1.0031059606147943,0.9948837806097548,1.0,1.0,0.2225455598883374,100000,90000,70000,72000,100000,108000,30000,43200,300000,313200,613200,1.044,1.5,0.0,0.0,0.0,0.0,0,0,24200.0,24100.0,24400.0,24500.0,,,,,,,,,,,,,,,,,,,
2024-07-11 00:00:00+05:30,24396.55078125,24402.650390625,24193.75,24315.94921875,306400,0.0,0.0,-80.6015625,-0.3303809756662259,208.900390625,0.8562701854786401,24324.44921875,72.1015625,0.2964160127597956,-0.0349442650214193,24343.599609375,,,,,,80.6015625,6.099609375,122.19921875,24300.0,24250.0,24200.0,24350.0,24400.0,24500.0,24350.0,24400.0,24250.0,24200.0,24100.0,0.9952315569625968,1.0034566111523702,1.0034566111523702,0.9952315569625968,1.0,1.0,0.0174721325107096,100000,90000,70000,72000,100000,108000,30000,43200,300000,313200,613200,1.044,1.5,0.0,0.0,0.0,0.0,0,0,24200.0,24100.0,24400.0,24500.0,,,,,,,,,,,,,,,,,,,
2024-07-12 00:00:00+05:30,24387.94921875,24592.19921875,24331.150390625,24502.150390625,325800,0.0,0.0,114.201171875,0.468268860373055,261.048828125,1.0704009008034996,24315.94921875,72.0,0.2961019508318469,0.7657573644356042,24379.259765625,,,,,,114.201171875,90.048828125,56.798828125,24500.0,24450.0,24400.0,24550.0,24600.0,24700.0,24550.0,24600.0,24450.0,24400.0,24300.0,0.9958309622218268,1.0039935110924971,1.0039935110924971,0.9958309622218268,1.0,1.0,0.3828786822178021,100000,90000,70000,72000,100000,108000,30000,43200,300000,313200,613200,1.044,1.5,0.0,0.0,0.0,0.0,0,0,24400.0,24300.0,24600.0,24700.0,,,,,,,,,,,,,,,,,,,
2024-07-15 00:00:00+05:30,24587.599609375,24635.05078125,24522.75,24586.69921875,305400,0.0,0.0,-0.900390625,-0.0036619704212878,112.30078125,0.4567374734993686,24502.150390625,85.44921875,0.3487417120037535,0.3450669707641296,24432.489453125,,,,,,0.900390625,47.451171875,63.94921875,24600.0,24550.0,24500.0,24650.0,24700.0,24800.0,24650.0,24700.0,24550.0,24500.0,24400.0,0.996473734925594,1.0046082143943744,1.0046082143943744,0.996473734925594,1.0,1.0,0.1725334853820648,100000,90000,70000,72000,100000,108000,30000,43200,300000,313200,613200,1.044,1.5,0.0,0.0,0.0,0.0,0,0,24500.0,24400.0,24700.0,24800.0,,,,,,,,,,,,,,,,,,,
2024-07-16 00:00:00+05:30,24615.900390625,24661.25,24587.650390625,24613.0,283200,0.0,0.0,-2.900390625,-0.0117825900291041,73.599609375,0.2989921481930863,24586.69921875,29.201171875,0.118768166540757,0.1069715825455119,24468.449609375,,,,,,2.900390625,45.349609375,25.349609375,24600.0,24550.0,24500.0,24650.0,24700.0,24800.0,24650.0,24700.0,24550.0,24500.0,24400.0,0.995408930240117,1.0035347174257505,1.0035347174257505,0.995408930240117,1.0,1.0,0.0534857912727559,100000,90000,70000,72000,100000,108000,30000,43200,300000,313200,613200,1.044,1.5,0.0,0.0,0.0,0.0,0,0,24500.0,24400.0,24700.0,24800.0,,,,,,,,,,,,,,,,,,,
2024-07-18 00:00:00+05:30,24543.80078125,24837.75,24504.44921875,24800.849609375,350900,0.0,0.0,257.048828125,1.0473065293186783,333.30078125,1.357983566687935,24613.0,-69.19921875,-0.2811490624873035,0.7632129743428306,24563.7296875,,,,,,257.048828125,36.900390625,39.3515625,24800.0,24750.0,24700.0,24850.0,24900.0,25000.0,24850.0,24900.0,24750.0,24700.0,24600.0,0.9959336228006932,1.0039978626614274,1.0039978626614274,0.9959336228006932,1.0,1.0,0.3816064871714153,100000,90000,70000,72000,100000,108000,30000,43200,300000,313200,613200,1.044,1.5,0.0,0.0,0.0,0.0,0,0,24700.0,24600.0,24900.0,25000.0,,,,,,,,,,,,,,,,,,,
2024-07-19 00:00:00+05:30,24853.80078125,24854.80078125,24508.150390625,24530.900390625,343800,0.0,0.0,-322.900390625,-1.2991992390499882,346.650390625,1.3947580640725064,24800.849609375,52.951171875,0.2135054754534855,-1.0884676251089245,24606.719921875,,,,,,322.900390625,1.0,22.75,24550.0,24500.0,24450.0,24600.0,24650.0,24750.0,24600.0,24650.0,24500.0,24450.0,24350.0,0.9967021026812404,1.0048550851162608,1.0048550851162608,0.9967021026812404,1.0,1.0,0.5442338125544621,100000,90000,70000,72000,100000,108000,30000,43200,300000,313200,613200,1.044,1.5,0.0,0.0,0.0,0.0,0,0,24450.0,24350.0,24650.0,24750.0,,,,,,,,,,,,,,,,,,,
2024-07-22 00:00:00+05:30,24445.75,24595.19921875,24362.30078125,24509.25,324200,0.0,0.0,63.5,0.2597588537884908,232.8984375,0.9527154515611098,24530.900390625,-85.150390625,-0.3471148195503741,-0.0882576272384749,24608.13984375,,,,,,63.5,85.94921875,83.44921875,24500.0,24450.0,24400.0,24550.0,24600.0,24700.0,24550.0,24600.0,24450.0,24400.0,24300.0,0.9955424992604832,1.003702683680651,1.003702683680651,0.9955424992604832,1.0,1.0,0.0441288136192374,100000,90000,70000,72000,100000,108000,30000,43200,300000,313200,613200,1.044,1.5,0.0,0.0,0.0,0.0,0,0,24400.0,24300.0,24600.0,24700.0,,,,,,,,,,,,,,,,,,,
2024-07-23 00:00:00+05:30,24568.900390625,24582.55078125,24074.19921875,24479.05078125,436400,0.0,0.0,-89.849609375,-0.3657046426436114,508.3515625,2.0690855285244134,24509.25,59.650390625,0.243379094117527,-0.123215597172499,24586.61015625,24311.97744140625,,274535.0,1.5895969548509297,,89.849609375,13.650390625,404.8515625,24500.0,24450.0,24400.0,24550.0,24600.0,24700.0,24550.0,24600.0,24450.0,24400.0,24300.0,0.9967706762016054,1.004940927645881,1.004940927645881,0.9967706762016054,1.0,1.5895969548509297,0.0616077985862495,1309200,1221920,916440,977536,1309200,1466304,392760,586522,3927600,4252282,8179882,1.0826667685100315,1.5,7566682.0,3627600.0,3939082.0,1233.9664057403784,0,1,24400.0,24300.0,24600.0,24700.0,,,,,,,,,,,,,,,,,,,
2024-07-24 00:00:00+05:30,24444.94921875,24504.25,24307.25,24413.5,366600,0.0,0.0,-31.44921875,-0.128653238215269,197.0,0.8058924493444853,24479.05078125,-34.1015625,-0.1393091701338373,-0.2677831825905974,24546.71015625,24346.58740234375,,277960.0,1.3188948050079148,0.4753057634079675,31.44921875,59.30078125,106.25,24400.0,24350.0,24300.0,24450.0,24500.0,24600.0,24450.0,24500.0,24350.0,24300.0,24200.0,0.9953509328854936,1.0035431216335224,1.0035431216335224,0.9953509328854936,0.0237652881703983,1.3188948050079148,0.1338915912952987,26137,24395,18296,19516,13379,14985,4014,5994,61826,64890,126716,1.049558438197522,1.5,-8053166.0,-3865774.0,-4187392.0,-98.45088229879111,0,0,24300.0,24200.0,24500.0,24600.0,127318.28845116004,905.429409619094,7.404325699013464,8.84976646873197,679.0720572143205,8.127046083872717,7.801964240517808,8.777209770582534,9.102291613937444,8.127046083872717,7.151800553807991,8.127046083872717,8.289587005550171,9.102291613937444,-746.3974619320389,9.040629172520138,8.081397887394814,8.561013529957476,754.5245080159117
2024-07-25 00:00:00+05:30,24230.94921875,24426.150390625,24210.80078125,24406.099609375,391800,0.0,0.0,175.150390625,0.7228375126529009,215.349609375,0.8887378180313368,24413.5,-182.55078125,-0.7477452280500543,-0.0303126984045665,24467.76015625,24373.45234375,,283160.0,1.3836700098884025,0.4630854217342047,175.150390625,20.05078125,20.1484375,24400.0,24350.0,24300.0,24450.0,24500.0,24600.0,24450.0,24500.0,24350.0,24300.0,24200.0,0.9956527420983629,1.003847414872835,1.003847414872835,0.9956527420983629,0.0231542710867102,1.3836700098884025,0.0151563492022832,27216,25401,19051,20321,13923,15593,4177,6237,64367,67552,131919,1.0494818773595165,1.5,5203.0,2541.0,2662.0,4.106032387385965,0,1,24300.0,24200.0,24500.0,24600.0,132529.89765749755,882.1503804154831,6.368735978569136,9.70880913576268,661.6127853116124,8.038772557165908,7.717221654879271,8.681874361739181,9.003425264025818,8.038772557165908,7.0741198503059985,8.038772557165908,8.199548008309225,9.003425264025818,-727.0865444557368,6.8963757533446275,8.265217051817766,7.580796402581196,735.1253170129027
2024-07-26 00:00:00+05:30,24423.349609375,24861.150390625,24410.900390625,24834.849609375,383800,0.0,0.0,411.5,1.6848630780850964,450.25,1.8435227239558076,24406.099609375,17.25,0.070679052679822,1.756732976027453,24528.55,24412.96982421875,,276590.0,1.3876134350482665,0.5775303052924431,411.5,26.30078125,12.44921875,24850.0,24800.0,24750.0,24900.0,24950.0,25050.0,24900.0,24950.0,24800.0,24750.0,24650.0,0.996583445814668,1.0046366453768067,1.0046366453768067,0.996583445814668,0.0288765152646221,1.3876134350482665,0.8783664880137265,33248,31032,23274,24826,17104,19157,5131,7663,78757,82678,161435,1.0497860507637415,1.5,29516.0,14390.0,15126.0,22.374335766644684,0,0,24750.0,24650.0,24950.0,25050.0,162367.33604834884,1100.1611249330506,10.06080557255778,20.0378237311776,825.120843699788,15.04931465186769,14.44734206579298,16.253259824017107,16.855232410091812,15.04931465186769,13.243396893643567,15.04931465186769,15.350300944905044,16.855232410091812,-901.7516227923411,14.649517941074496,15.199199958161081,14.924358949617789,916.8009374442088
2024-07-29 00:00:00+05:30,24943.30078125,24999.75,24774.599609375,24836.099609375,355000,0.0,0.0,-107.201171875,-0.4297794137798459,225.150390625,0.9026487416382624,24834.849609375,108.451171875,0.4366894649285912,0.0050332497263383,24593.919921875,24454.24482421875,,276600.0,1.2834417932031814,0.574393931495041,107.201171875,56.44921875,61.5,24850.0,24800.0,24750.0,24900.0,24950.0,25050.0,24900.0,24950.0,24800.0,24750.0,24650.0,0.9965332878056868,1.0045860820505812,1.0045860820505812,0.9965332878056868,0.028719696574752,1.2834417932031814,0.0025166248631691,30586,28547,21410,22838,15732,17620,4720,7048,72448,76053,148501,1.0497598277385158,1.5,-12934.0,-6309.0,-6625.0,-8.011893331681481,1,0,24750.0,24650.0,24950.0,25050.0,149353.98073220943,1094.1865180707957,9.085761557223424,9.918715949906893,820.6398885530967,9.502238753565159,9.122149203422552,10.262417853850373,10.64250740399298,9.502238753565159,8.36197010313734,9.502238753565159,9.692283528636462,10.64250740399298,-902.3198596387646,9.697864172085662,9.653907824804167,9.675885998444915,911.8220983923297
2024-07-30 00:00:00+05:30,24839.400390625,24971.75,24798.650390625,24857.30078125,385000,0.0,0.0,17.900390625,0.0720645037460568,173.099609375,0.6968751525915741,24836.099609375,3.30078125,0.0132902561268277,0.085364337430005,24669.569921875,24490.01240234375,,295850.0,1.3013351360486731,0.5677120491739839,17.900390625,114.44921875,40.75,24850.0,24800.0,24750.0,24900.0,24950.0,25050.0,24900.0,24950.0,24800.0,24750.0,24650.0,0.9956833293287042,1.0037292552222694,1.0037292552222694,0.9956833293287042,0.0283856024586991,1.3013351360486731,0.0426821687150025,32785,30600,22950,24480,16858,18881,5057,7552,77650,81513,159163,1.0497488731487443,1.5,10662.0,5202.0,5460.0,7.179749631315614,0,0,24750.0,24650.0,24950.0,25050.0,160066.5875288268,1081.4579268546477,7.7681394159138355,7.626268378671655,811.0934451409859,8.0,7.68,8.64,8.96,8.0,7.04,8.0,8.16,8.96,-893.2149390455398,7.057847711455932,8.05450094606061,7.556174328758271,901.2149390455398
2024-07-31 00:00:00+05:30,24886.69921875,24984.599609375,24856.5,24951.150390625,333600,0.0,0.0,64.451171875,0.2589783856367804,128.099609375,0.5147312154537871,24857.30078125,29.3984375,0.1182688247558053,0.377553501085659,24777.1,24531.37744140625,,312530.0,1.06741752791732,0.5673907674638258,64.451171875,33.44921875,30.19921875,24950.0,24900.0,24850.0,25000.0,25050.0,25150.0,25000.0,25050.0,24900.0,24850.0,24750.0,0.9959460630455338,1.0039617255247737,1.0039617255247737,0.9959460630455338,0.0283695383731912,1.06741752791732,0.1887767505428295,28392,26499,19874,21199,14599,16350,4380,6540,67245,70588,137833,1.0497137333630753,1.5,-21330.0,-10405.0,-10925.0,-13.4013558427524,1,0,24850.0,24750.0,25050.0,25150.0,138615.0517165184,1080.8459041704202,7.73081639885846,5.63568261085433,810.6344281278151,8.0,7.68,8.64,8.96,8.0,7.04,8.0,8.16,8.96,-892.7049201420168,8.068691986915793,7.958847420065997,8.013769703490894,900.7049201420168
2024-08-01 00:00:00+05:30,25030.94921875,25078.30078125,24956.400390625,25010.900390625,431300,0.0,0.0,-20.048828125,-0.080096155961924,121.900390625,0.4869986733610875,24951.150390625,79.798828125,0.3198202362444304,0.2394679165672819,24898.06015625,24567.5974609375,,334095.0,1.2909501788413476,0.5552650300387452,20.048828125,47.3515625,54.5,25000.0,24950.0,24900.0,25050.0,25100.0,25200.0,25050.0,25100.0,24950.0,24900.0,24800.0,0.9955659177041636,1.0035624310993776,1.0035624310993776,0.9955659177041636,0.0277632515019372,1.2909501788413476,0.1197339582836409,35923,33528,25146,26822,18460,20675,5538,8270,85067,89295,174362,1.049701999600315,1.5,36529.0,17822.0,18707.0,26.50236155347413,0,0,24900.0,24800.0,25100.0,25200.0,175330.17121167618,1057.7470904735972,7.5398491777949275,5.342198566375062,793.3103178551978,8.0,7.68,8.64,8.96,8.0,7.04,8.0,8.16,8.96,-873.4559087279977,8.827869035873878,7.795037512306366,8.311453274090121,881.4559087279977
2024-08-02 00:00:00+05:30,24789.0,24851.900390625,24686.849609375,24717.69921875,345000,0.0,0.0,-71.30078125,-0.2876307283472508,165.05078125,0.6658226683206261,25010.900390625,-221.900390625,-0.8872147230180341,-1.172293549195469,24874.630078125,24588.37490234375,,338785.0,1.0183449680475818,0.629079282586365,71.30078125,62.900390625,30.849609375,24700.0,24650.0,24600.0,24750.0,24800.0,24900.0,24750.0,24800.0,24650.0,24600.0,24500.0,0.9952382615506252,1.0033296295307117,1.0033296295307117,0.9952382615506252,0.0314539641293182,1.0183449680475818,0.5861467745977345,32555,30385,22788,24308,16789,18804,5037,7522,77169,81019,158188,1.0498905000712722,1.5,-16174.0,-7898.0,-8276.0,-9.276103738199836,0,0,24600.0,24500.0,24800.0,24900.0,159183.12793553775,1198.3588823998423,9.275893193306608,7.305661194703779,898.7691617998817,8.290777194005194,7.959146106244987,8.95403936952561,9.285670457285818,8.290777194005194,7.295883930724571,8.290777194005194,8.456592737885298,9.285670457285818,-990.3416248058634,9.318091169499503,7.9835781026290205,8.650834636064262,998.6324019998685
2024-08-05 00:00:00+05:30,24302.849609375,24350.05078125,23893.69921875,24055.599609375,487000,0.0,0.0,-247.25,-1.0173704070679084,456.3515625,1.8777697670645137,24717.69921875,-414.849609375,-1.6783504229241095,-2.678645789462286,24718.530078125,24574.96240234375,,348215.0,1.3985612337205462,0.8820744011872933,247.25,47.201171875,161.900390625,24050.0,24000.0,23950.0,24100.0,24150.0,24250.0,24100.0,24150.0,24000.0,23950.0,23850.0,0.9956101859404974,1.0039242584744472,1.0039242584744472,0.9956101859404974,0.0441037200593646,1.3985612337205462,1.339322894731143,64436,60140,45105,48112,33639,37675,10092,15070,153272,160997,314269,1.050400595020617,1.5,156081.0,76103.0,79978.0,98.66804055933446,0,1,23950.0,23850.0,24150.0,24250.0,317041.08639986726,1680.2996424464122,14.582431793328135,20.742295526088654,1260.2247318348093,17.662363659708394,16.95586911332006,19.075352752485067,19.7818472988734,17.662363659708394,15.542880020543386,17.662363659708394,18.01561093290256,19.7818472988734,-1382.5873383789685,17.63403639690865,17.27178155682606,17.452908976867356,1400.249702038677
2024-08-06 00:00:00+05:30,24189.849609375,24382.599609375,23960.400390625,23992.55078125,312300,0.0,0.0,-197.298828125,-0.8156265181927176,422.19921875,1.7453569392443549,24055.599609375,134.25,0.5580821188413853,-0.2620962651058933,24545.580078125,24558.56240234375,,350515.0,0.8909747086429968,0.8832585492916898,197.298828125,192.75,32.150390625,24000.0,23950.0,23900.0,24050.0,24100.0,24200.0,24050.0,24100.0,23950.0,23900.0,23800.0,0.996142520147448,1.004478440818138,1.004478440818138,0.996142520147448,0.0441629274645844,0.8909747086429968,0.1310481325529466,41376,38618,28963,30894,21602,24194,6481,9678,98422,103384,201806,1.0504155574973075,1.5,-112463.0,-54850.0,-57613.0,-35.785584960654724,0,0,23900.0,23800.0,24100.0,24200.0,203588.4687479836,1682.5553746541975,13.816555294006747,19.15050583516253,1261.9165309906482,16.48353056458464,15.824189342001254,17.802213009751412,18.461554232334798,16.48353056458464,14.505506896834484,16.48353056458464,16.813201175876333,18.461554232334798,-1385.6459483139133,18.461106370820865,17.440414588286572,17.95076047955372,1402.129478878498
2024-08-07 00:00:00+05:30,24289.400390625,24337.69921875,24184.900390625,24297.5,317600,0.0,0.0,8.099609375,0.0333462713971573,152.798828125,0.6290761635432379,23992.55078125,296.849609375,1.2372573974376486,1.2710162480444431,24414.85,24551.77744140625,,353870.0,0.8975047333766637,0.9260757214577278,8.099609375,40.19921875,104.5,24300.0,24250.0,24200.0,24350.0,24400.0,24500.0,24350.0,24400.0,24250.0,24200.0,24100.0,0.9959872414857496,1.004218541002161,1.004218541002161,0.9959872414857496,0.0463037860728863,0.8975047333766637,0.6355081240222216,44118,41177,30883,32942,23080,25850,6924,10340,105005,110309,215314,1.0505118803866482,1.5,13508.0,6583.0,6925.0,6.693557178676551,0,0,24200.0,24100.0,24400.0,24500.0,217307.9706788995,1764.1195590181464,15.78831701515471,6.904985628330365,1323.0896692636097,11.346651321742538,10.892785268872837,12.254383427481942,12.708249480351643,11.346651321742538,9.985053163133433,11.346651321742538,11.57358434817739,12.708249480351643,-1458.7529811933796,12.045517479789613,11.68225290826188,11.863885194025746,1470.099632515122
2024-08-08 00:00:00+05:30,24248.55078125,24340.5,24079.69921875,24117.0,311900,0.0,0.0,-131.55078125,-0.5425098697103193,260.80078125,1.0755314146512298,24297.5,-48.94921875,-0.2014578403127893,-0.7428747813561065,24236.069921875,24541.40498046875,,354850.0,0.8789629420882062,0.93555187818576,131.55078125,91.94921875,37.30078125,24100.0,24050.0,24000.0,24150.0,24200.0,24300.0,24150.0,24200.0,24050.0,24000.0,23900.0,0.995148650329643,1.0034415557490566,1.0034415557490566,0.995148650329643,0.046777593909288,0.8789629420882062,0.3714373906780532,43770,40852,30639,32682,22909,25658,6873,10263,104191,109455,213646,1.0505225979211257,1.5,-1668.0,-814.0,-854.0,-0.7746825566382121,0,0,24000.0,23900.0,24200.0,24300.0,215644.7691656688,1782.1710779608186,16.03265576381185,11.810598232557226,1336.628308470614,13.921626998184538,13.364761918257155,15.035357158039302,15.592222237966684,13.921626998184538,12.251031758402393,13.921626998184538,14.200059538148228,15.592222237966684,-1471.2209379691644,13.437517588706449,15.41938948741347,14.428453538059959,1485.142564967349
2024-08-09 00:00:00+05:30,24386.849609375,24419.75,24311.19921875,24367.5,215100,0.0,0.0,-19.349609375,-0.0793444404871445,108.55078125,0.4451201487225721,24117.0,269.849609375,1.1189186440063026,1.0386864037815746,24166.030078125,24543.98251953125,,350285.0,0.6140713990036685,0.9660790039230034,19.349609375,32.900390625,56.30078125,24350.0,24300.0,24250.0,24400.0,24450.0,24550.0,24400.0,24450.0,24300.0,24250.0,24150.0,0.9951780034882528,1.0033856571252693,1.0033856571252693,0.9951780034882528,0.0483039501961501,0.6140713990036685,0.5193432018907873,31171,29093,21820,23274,16338,18299,4901,7320,74230,77986,152216,1.0505994880775966,1.5,-61430.0,-29961.0,-31469.0,-28.75317113355738,1,0,24250.0,24150.0,24450.0,24550.0,153686.52681661144,1840.3234496793073,17.25537024677008,4.884433273055561,1380.2425872594804,17.25537024677008,16.56515543689928,18.63579986651169,19.326014676382492,17.25537024677008,15.184725817157672,17.25537024677008,17.600477651705482,19.326014676382492,-1516.3475044859858,18.138701639844225,16.88368945933366,17.51119554958894,1533.602874732756
2024-08-12 00:00:00+05:30,24320.05078125,24472.80078125,24212.099609375,24347.0,279900,0.0,0.0,26.94921875,0.1108107009824872,260.701171875,1.07195981710693,24367.5,-47.44921875,-0.1947233764235149,-0.0841284497794192,24224.31015625,24536.225,,347990.0,0.8043334578579844,0.9498757983449686,26.94921875,125.80078125,107.951171875,24350.0,24300.0,24250.0,24400.0,24450.0,24550.0,24400.0,24450.0,24300.0,24250.0,24150.0,0.99601593625498,1.0042305006777017,1.0042305006777017,0.99601593625498,0.0474937899172484,0.8043334578579844,0.0420642248897096,39881,37222,27917,29778,20888,23394,6266,9358,94952,99752,194704,1.0505518577807735,1.5,42488.0,20722.0,21766.0,27.912965785462763,0,1,24250.0,24150.0,24450.0,24550.0,196553.4461744096,1809.4572999502025,14.275595161738385,11.741895986446409,1357.0929749626519,13.008745574092398,12.488395751128701,14.049445220019791,14.569795042983486,13.008745574092398,11.44769610520131,13.008745574092398,13.268920485574245,14.569795042983486,-1494.872337717743,14.84636536747237,13.643698572311107,14.245031969891738,1507.8810832918355
2024-08-13 00:00:00+05:30,24342.349609375,24359.94921875,24116.5,24139.0,239700,0.0,0.0,-203.349609375,-0.8353737935662698,243.44921875,1.0001056703919826,24347.0,-4.650390625,-0.0191004666899412,-0.8543146999630324,24253.6,24513.8400390625,,344705.0,0.6953772065969452,0.9628912274411277,203.349609375,17.599609375,22.5,24150.0,24100.0,24050.0,24200.0,24250.0,24350.0,24200.0,24250.0,24100.0,24050.0,23950.0,0.9963130204233812,1.0045983677865695,1.0045983677865695,0.9963130204233812,0.0481445613720563,0.6953772065969452,0.4271573499815162,34621,32313,24235,25850,18144,20321,5443,8128,82443,86612,169055,1.0505682714117632,1.5,-25649.0,-12509.0,-13140.0,-13.173329772372425,0,0,24050.0,23950.0,24250.0,24350.0,170682.8157645506,1834.2509237387685,15.195356751145587,11.012010458713384,1375.6881928040766,13.103683604929486,12.579536260732306,14.151978293323847,14.676125637521025,13.103683604929486,11.531241572337947,13.103683604929486,13.365757277028075,14.676125637521025,-1515.4387528440443,12.888965426933979,13.296216355416435,13.092590891175206,1528.5424364489738
2024-08-14 00:00:00+05:30,24184.400390625,24196.5,24099.69921875,24143.75,303300,0.0,0.0,-40.650390625,-0.1680851704752539,96.80078125,0.4002612414882301,24139.0,45.400390625,0.188079003376279,0.0196776999875636,24222.85,24490.3775390625,,345710.0,0.8773249255156056,0.96216127458031,40.650390625,12.099609375,44.05078125,24150.0,24100.0,24050.0,24200.0,24250.0,24350.0,24200.0,24250.0,24100.0,24050.0,23950.0,0.9961170075071188,1.004400724825265,1.004400724825265,0.9961170075071188,0.0481080637290155,0.8773249255156056,0.0098388499937818,43774,40855,30642,32684,22940,25692,6882,10277,104238,109508,213746,1.0505573783073352,1.5,44691.0,21795.0,22896.0,26.43577533938659,0,0,24050.0,23950.0,24250.0,24350.0,215802.5812379644,1832.8604066470316,13.725980327154087,4.394929065099809,1374.6453049852737,13.725980327154087,13.176941114067922,14.824058753326415,15.373097966412578,13.725980327154087,12.078862687895596,13.725980327154087,14.000499933697169,15.373097966412578,-1513.6576918787057,13.216282640666435,13.680825288478987,13.44855396457271,1527.3836722058597
2024-08-16 00:00:00+05:30,24334.849609375,24563.900390625,24204.5,24541.150390625,271600,0.0,0.0,206.30078125,0.847758603655075,359.400390625,1.4768958772876122,24143.75,191.099609375,0.7915075718353611,1.6459762490292462,24307.680078125,24477.392578125,,341745.0,0.794744619526255,1.0218444690956747,206.30078125,22.75,130.349609375,24550.0,24500.0,24450.0,24600.0,24650.0,24750.0,24600.0,24650.0,24500.0,24450.0,24350.0,0.996285814268111,1.004435391480938,1.004435391480938,0.996285814268111,0.0510922234547837,0.794744619526255,0.8229881245146231,41630,38855,29141,31084,21878,24504,6563,9802,99212,104245,203457,1.0507297504334152,1.5,-10289.0,-5026.0,-5263.0,-4.813657331599188,1,0,24450.0,24350.0,24650.0,24750.0,205536.014101488,1946.5533675460672,16.482042430317172,16.159699349145505,1459.9150256595503,16.32087088973134,15.668036054142085,17.626540560909845,18.279375396499102,16.32087088973134,14.362366382963579,16.32087088973134,16.647288307525965,18.279375396499102,-1605.806935398658,15.914878539275337,16.593165576206474,16.254022057740904,1622.1278062883894
2024-08-19 00:00:00+05:30,24636.349609375,24638.80078125,24522.94921875,24572.650390625,243600,0.0,0.0,-63.69921875,-0.2585578616961995,115.8515625,0.4702464623895189,24541.150390625,95.19921875,0.3879166919019704,0.1283558411020235,24348.71015625,24479.480078125,,336735.0,0.7234175241658871,0.992412945257278,63.69921875,2.451171875,49.701171875,24550.0,24500.0,24450.0,24600.0,24650.0,24750.0,24600.0,24650.0,24500.0,24450.0,24350.0,0.9950086625302824,1.0031477926941292,1.0031477926941292,0.9950086625302824,0.0496206472628638,0.7234175241658871,0.0641779205510117,36263,33845,25384,27076,19031,21315,5709,8526,86387,90762,177149,1.0506441941495828,1.5,-26308.0,-12825.0,-13483.0,-12.930496370240393,1,0,24450.0,24350.0,24650.0,24750.0,178907.0496083938,1890.4880527429789,15.043545888268884,5.167265131578651,1417.8660395572342,10.105405509923767,9.701189289526816,10.913837950717669,11.31805417111462,10.105405509923767,8.892756848732915,10.105405509923767,10.307513620122242,11.31805417111462,-1565.3013051092253,9.138182627669156,10.002957595711417,9.570570111690287,1575.406710619149
2024-08-20 00:00:00+05:30,24648.900390625,24734.30078125,24607.19921875,24698.849609375,238300,0.0,0.0,49.94921875,0.2026427871362479,127.1015625,0.515648002489969,24572.650390625,76.25,0.3103043374966627,0.5135759339910173,24419.080078125,24488.96005859375,,332440.0,0.7168210804957286,0.9982817177402858,49.94921875,35.451171875,41.701171875,24700.0,24650.0,24600.0,24750.0,24800.0,24900.0,24750.0,24800.0,24650.0,24600.0,24500.0,0.9959978051229772,1.0040953482540582,1.0040953482540582,0.9959978051229772,0.0499140858870142,0.7168210804957286,0.2567879669955086,35684,33305,24979,26644,18733,20980,5620,8392,85016,89321,174337,1.0506375270537311,1.5,-2812.0,-1371.0,-1441.0,-1.5873643091408924,1,0,24600.0,24500.0,24800.0,24900.0,176077.37439825688,1901.6677177366844,13.941564990512608,5.648392689422897,1426.2507883025135,9.794978839967753,9.403179686369041,10.578577147165173,10.970376300763885,9.794978839967753,8.619581379171622,9.794978839967753,9.990878416767108,10.970376300763885,-1574.928119273936,10.044206558975842,9.925854765974323,9.985030662475083,1584.723098113904
2024-08-21 00:00:00+05:30,24680.55078125,24787.94921875,24654.5,24770.19921875,257100,0.0,0.0,89.6484375,0.3632351574913255,133.44921875,0.5407059993627953,24698.849609375,-18.298828125,-0.0740877749952138,0.288878269649917,24545.319921875,24503.51748046875,,323475.0,0.7948063992580571,0.99891680292444,89.6484375,17.75,26.05078125,24750.0,24700.0,24650.0,24800.0,24850.0,24950.0,24800.0,24850.0,24700.0,24650.0,24550.0,0.9951474262403583,1.00322164470884,1.00322164470884,0.9951474262403583,0.0499458401462219,0.7948063992580571,0.1444391348249585,38523,35955,26966,28764,20224,22650,6067,9060,91780,96429,188209,1.0506537371976463,1.5,13872.0,6764.0,7108.0,7.957002816384359,0,0,24650.0,24550.0,24850.0,24950.0,190089.05132561605,1902.8775175068863,11.004251929326989,5.918375202732406,1427.1581381301648,8.461313566029698,8.12286102338851,9.138218651312075,9.476671193953264,8.461313566029698,7.445955938106135,8.461313566029698,8.630539837350293,9.476671193953264,-1577.2699510230423,8.787430084484397,9.032259484288954,8.909844784386674,1585.731264589072
2024-08-22 00:00:00+05:30,24863.400390625,24867.349609375,24784.44921875,24811.5,220300,0.0,0.0,-51.900390625,-0.2087421262160487,82.900390625,0.3334233826530761,24770.19921875,93.201171875,0.3762633116186269,0.1667357653657442,24678.869921875,24523.41748046875,,316160.0,0.6967990890688259,0.9960444825301924,51.900390625,3.94921875,27.05078125,24800.0,24750.0,24700.0,24850.0,24900.0,25000.0,24850.0,24900.0,24750.0,24700.0,24600.0,0.995506116115511,1.0035668943836529,1.0035668943836529,0.995506116115511,0.0498022241265096,0.6967990890688259,0.0833678826828721,32914,30720,23040,24576,17277,19350,5183,7740,78414,82386,160800,1.05065421990971,1.5,-27409.0,-13366.0,-14043.0,-14.563065528215974,1,0,24700.0,24600.0,24900.0,25000.0,162401.63952790856,1897.405916783694,10.169461297515094,3.6610644438390683,1423.0544375877705,10.169461297515094,9.76268284561449,10.983018201316302,11.389796653216905,10.169461297515094,8.949125941813282,10.169461297515094,10.372850523465395,11.389796653216905,-1571.0021360222302,11.13812863142058,10.618891315178356,10.878509973299469,1581.1715973197452
2024-08-23 00:00:00+05:30,24845.400390625,24858.400390625,24771.650390625,24823.150390625,206800,0.0,0.0,-22.25,-0.0895537992955656,86.75,0.3491591950063065,24811.5,33.900390625,0.1366317660157588,0.0469556077826727,24735.269921875,24544.27001953125,,306910.0,0.6738131699846861,0.9957209429671432,22.25,13.0,51.5,24800.0,24750.0,24700.0,24850.0,24900.0,25000.0,24850.0,24900.0,24750.0,24700.0,24600.0,0.9950388895572452,1.003095884614389,1.003095884614389,0.9950388895572452,0.0497860471483571,0.6738131699846861,0.0234778038913363,30887,28828,21621,23062,16212,18158,4864,7263,73584,77311,150895,1.0506495977386388,1.5,-9905.0,-4830.0,-5075.0,-6.159825870646767,1,0,24700.0,24600.0,24900.0,25000.0,152397.49311689023,1896.7895930230484,8.1966872881915,3.832750830462123,1422.5921947672864,8.1966872881915,7.868819796663839,8.852422271246821,9.18028976277448,8.1966872881915,7.2130848136085195,8.1966872881915,8.36062103395533,9.18028976277448,-1572.4613068976823,7.562589358867358,8.60113471506293,8.081862036965145,1580.6579941858738
2024-08-26 00:00:00+05:30,24906.099609375,25043.80078125,24874.69921875,25010.599609375,210300,0.0,0.0,104.5,0.4195759337630881,169.1015625,0.678956420925691,24823.150390625,82.94921875,0.3341607227313402,0.7551387144671073,24822.859765625,24553.05751953125,,298235.0,0.7051486244069274,0.930505207126782,104.5,33.201171875,31.400390625,25000.0,24950.0,24900.0,25050.0,25100.0,25200.0,25050.0,25100.0,24950.0,24900.0,24800.0,0.9955778905303196,1.0035745000928122,1.0035745000928122,0.9955778905303196,0.046525260356339,0.7051486244069274,0.3775693572335536,29353,27396,20547,21917,15359,17202,4608,6881,69867,73396,143263,1.050510255199164,1.5,-7632.0,-3717.0,-3915.0,-5.057821664071042,1,0,24900.0,24800.0,25100.0,25200.0,144596.06967488604,1772.5574676298404,8.773670859694231,7.428021211067458,1329.4181007223806,8.100846035380844,7.776812193965609,8.748913718211313,9.072947559626545,8.100846035380844,7.128744511135142,8.100846035380844,8.26286295608846,9.072947559626545,-1469.0303769894865,7.1853027852833815,8.355723965803266,7.770513375543324,1477.1312230248673
2024-08-27 00:00:00+05:30,25024.80078125,25073.099609375,24973.650390625,25017.75,223300,0.0,0.0,-7.05078125,-0.028175174346574,99.44921875,0.3974026391631177,25010.599609375,14.201171875,0.0567806134071124,0.0285894410237075,24886.63984375,24562.1400390625,,291650.0,0.7656437510714899,0.930474320829456,7.05078125,48.298828125,44.099609375,25000.0,24950.0,24900.0,25050.0,25100.0,25200.0,25050.0,25100.0,24950.0,24900.0,24800.0,0.9952933417273736,1.0032876657573122,1.0032876657573122,0.9952933417273736,0.0465237160414728,0.7656437510714899,0.0142947205118537,31166,29088,21816,23270,16308,18265,4892,7306,74182,77929,152111,1.0505109056105255,1.5,8848.0,4315.0,4533.0,6.176053831065942,0,0,24900.0,24800.0,25100.0,25200.0,153526.35379415692,1772.4986310574568,7.091291790458433,4.3572396568108624,1329.3739732930926,8.0,7.68,8.64,8.96,8.0,7.04,8.0,8.16,8.96,-1469.0821925478808,7.564679728463952,8.256248093730493,7.910463911097223,1477.0821925478808
2024-08-28 00:00:00+05:30,25030.80078125,25129.599609375,24964.650390625,25052.349609375,220400,0.0,0.0,21.548828125,0.0860892478563519,164.94921875,0.6589849849053159,25017.75,13.05078125,0.0521660870781744,0.138300244326528,24943.069921875,24571.89248046875,,283420.0,0.7776444852162868,0.9306836811869256,21.548828125,77.25,66.150390625,25050.0,25000.0,24950.0,25100.0,25150.0,25250.0,25100.0,25150.0,25000.0,24950.0,24850.0,0.9959145704506416,1.0038978535805063,1.0038978535805063,0.9959145704506416,0.0465341840593462,0.7776444852162868,0.069150122163264,30768,28717,21538,22974,16100,18032,4830,7213,73236,76936,150172,1.0505216013982197,1.5,-1939.0,-946.0,-993.0,-1.2747270085661129,1,0,24950.0,24850.0,25150.0,25250.0,151569.626297712,1772.897450174444,6.71117945490958,7.220201765735973,1329.6730876308332,8.0,7.68,8.64,8.96,8.0,7.04,8.0,8.16,8.96,-1469.4145418120368,8.149004728066034,7.931564698459914,8.040284713262974,1477.4145418120368
2024-08-29 00:00:00+05:30,25035.30078125,25192.900390625,24998.5,25151.94921875,354000,0.0,0.0,116.6484375,0.4659358340418381,194.400390625,0.7765051130146385,25052.349609375,-17.048828125,-0.068052810977139,0.397565940632294,25011.159765625,24581.932421875,,284440.0,1.2445506961046269,0.931072725864838,116.6484375,40.951171875,36.80078125,25150.0,25100.0,25050.0,25200.0,25250.0,25350.0,25200.0,25250.0,25100.0,25050.0,24950.0,0.995946667279608,1.0038983372778485,1.0038983372778485,0.995946667279608,0.0465536362932419,1.2445506961046269,0.198782970316147,49440,46144,34608,36915,25871,28975,7761,11590,117680,123624,241304,1.0505098572399727,1.5,91132.0,44444.0,46688.0,60.68508110699731,0,0,25050.0,24950.0,25250.0,25350.0,243550.71573042087,1773.638557310432,6.3749696324473515,8.492887515394441,1330.2289179828238,8.0,7.68,8.64,8.96,8.0,7.04,8.0,8.16,8.96,-1470.0321310920265,7.977024584871176,7.9179898341245805,7.9475072094978785,1478.0321310920265
2024-08-30 00:00:00+05:30,25249.69921875,25268.349609375,25199.400390625,25235.900390625,638200,0.0,0.0,-13.798828125,-0.054649475249009,68.94921875,0.2730694657099102,25151.94921875,97.75,0.3886378711639986,0.3337760073577778,25093.709765625,24593.182421875,,294785.0,2.1649676883152127,0.9323514882531784,13.798828125,18.650390625,36.5,25250.0,25200.0,25150.0,25300.0,25350.0,25450.0,25300.0,25350.0,25200.0,25150.0,25050.0,0.9965961035946668,1.0045213211182822,1.0045213211182822,0.9965961035946668,0.0466175744126589,2.1649676883152127,0.1668880036788889,89254,83304,62478,66643,46707,52312,14012,20925,212451,223184,435635,1.050519884585151,1.5,194331.0,94771.0,99560.0,80.53368365215661,0,0,25150.0,25050.0,25350.0,25450.0,439696.64940585167,1776.0745241415857,6.642663168129559,2.9957188836054294,1332.0558931061894,8.0,7.68,8.64,8.96,8.0,7.04,8.0,8.16,8.96,-1472.0621034513215,7.458606162196559,8.213737105793392,7.836171633994976,1480.0621034513215
2024-09-02 00:00:00+05:30,25333.599609375,25333.650390625,25235.5,25278.69921875,222800,0.0,0.0,-54.900390625,-0.2167097904424267,98.150390625,0.3874316802128596,25235.900390625,97.69921875,0.3871437802405288,0.1695950113232314,25147.3296875,24621.232421875,,288675.0,0.7718021997055512,0.8870236933394989,54.900390625,0.05078125,43.19921875,25300.0,25250.0,25200.0,25350.0,25400.0,25500.0,25350.0,25400.0,25250.0,25200.0,25100.0,0.9968867377997191,1.0047985373060662,1.0047985373060662,0.9968867377997191,0.0443511846669749,0.7718021997055512,0.0847975056616157,29644,27668,20751,22134,15479,17337,4644,6935,70518,74074,144592,1.0504268413738336,1.5,-291043.0,-141933.0,-149110.0,-66.80891112973016,1,0,25200.0,25100.0,25400.0,25500.0,145874.56529867346,1689.727751710801,4.999699581209887,4.255908681724383,1267.2958137831008,80.0,76.8,86.4,89.60000000000001,80.0,70.4,80.0,81.6,89.60000000000001,-1328.106459759001,80.39456388121546,78.35277537729698,79.37366962925623,1408.106459759001
2024-09-03 00:00:00+05:30,25313.400390625,25321.69921875,25235.80078125,25279.849609375,212100,0.0,0.0,-33.55078125,-0.1325415816613313,85.8984375,0.3393397812006841,25278.69921875,34.701171875,0.1372743572551433,0.0045508299894914,25199.749609375,24682.444921875,,274930.0,0.7714691012257665,0.597873574438945,33.55078125,8.298828125,44.048828125,25300.0,25250.0,25200.0,25350.0,25400.0,25500.0,25350.0,25400.0,25250.0,25200.0,25100.0,0.996841373243558,1.004752812713745,1.004752812713745,0.996841373243558,0.0298936787219472,0.7714691012257665,0.0022754149947457,19021,17753,13315,14202,9795,10970,2938,4388,45069,47313,92382,1.0497903215070226,1.5,-52210.0,-25449.0,-26761.0,-36.10849839548523,1,0,25200.0,25100.0,25400.0,25500.0,92934.3275655382,1138.9138512643524,4.421910810444336,3.725507753895326,854.1853884482643,80.0,76.8,86.4,89.60000000000001,80.0,70.4,80.0,81.6,89.60000000000001,-869.094876053627,86.81303290401637,76.19479296200161,81.50391293300899,949.094876053627
2024-09-04 00:00:00+05:30,25089.94921875,25216.0,25083.80078125,25198.69921875,253800,0.0,0.0,108.75,0.4334404946452817,132.19921875,0.5269011013031707,25279.849609375,-189.900390625,-0.7511927228972741,-0.3210082017058524,25229.01953125,24742.75234375,24543.4069140625,272005.0,0.933071083252146,0.6006689687032453,108.75,17.30078125,6.1484375,25200.0,25150.0,25100.0,25250.0,25300.0,25400.0,25250.0,25300.0,25150.0,25100.0,25000.0,0.9960831621547924,1.004020079781524,1.004020079781524,0.9960831621547924,0.0300334484351622,0.933071083252146,0.1605041008529262,22867,21343,16007,17074,11777,13190,3533,5276,54184,56883,111067,1.0498117525468773,1.5,18685.0,9115.0,9570.0,20.22580156307506,0,1,25100.0,25000.0,25300.0,25400.0,111734.14500346965,1144.2389122529473,4.402055744552776,5.763005099162586,858.1791841897106,8.0,7.68,8.64,8.96,8.0,7.04,8.0,8.16,8.96,-945.5324268774561,8.397047972879824,7.8610573490693945,8.129052660974608,953.5324268774561
2024-09-05 00:00:00+05:30,25250.5,25275.44921875,25127.75,25145.099609375,222200,0.0,0.0,-105.400390625,-0.4174190238807152,147.69921875,0.5849358181026119,25198.69921875,51.80078125,0.2055692668907915,-0.2127078422171746,25227.649609375,24785.13232421875,24571.882890625,267235.0,0.8314779126985612,0.557657702476184,105.400390625,24.94921875,17.349609375,25150.0,25100.0,25050.0,25200.0,25250.0,25350.0,25200.0,25250.0,25100.0,25050.0,24950.0,0.996217966488407,1.0041718025481947,1.0041718025481947,0.996217966488407,0.0278828851238092,0.8314779126985612,0.1063539211085873,18587,17348,13011,13878,9553,10699,2866,4280,44017,46205,90222,1.0497080673376196,1.5,-20845.0,-10167.0,-10678.0,-18.76795087649797,0,0,25050.0,24950.0,25250.0,25350.0,90725.12993232804,1062.3049901651743,4.294564297028367,6.42549689942842,796.7287426238809,8.0,7.68,8.64,8.96,8.0,7.04,8.0,8.16,8.96,-877.2541584709787,8.673345479353918,7.616331495958361,8.14483848765614,885.2541584709787
2024-09-06 00:00:00+05:30,25093.69921875,25168.75,24801.30078125,24852.150390625,311700,0.0,0.0,-241.548828125,-0.9625875643895294,367.44921875,1.4643086917828445,25145.099609375,-51.400390625,-0.2044151402201488,-1.1650350298901937,25150.899609375,24821.88984375,24591.5498828125,267225.0,1.1664327813640192,0.6004961196763657,241.548828125,75.05078125,50.849609375,24850.0,24800.0,24750.0,24900.0,24950.0,25050.0,24900.0,24950.0,24800.0,24750.0,24650.0,0.9958896759829872,1.003937269324264,1.003937269324264,0.9958896759829872,0.0300248059838182,1.1664327813640192,0.5825175149450967,28076,26204,19653,20963,14459,16194,4338,6478,66526,69839,136365,1.049800078164928,1.5,46143.0,22509.0,23634.0,51.143845181884686,0,1,24750.0,24650.0,24950.0,25050.0,137183.86653359668,1143.9096450645197,6.8505715554226185,16.124295393537345,857.9322337983898,11.487433474479982,11.027936135500783,12.406428152438382,12.865925491417581,11.487433474479982,10.108941457542384,11.487433474479982,11.717182143969582,12.865925491417581,-941.7706040792865,11.818978811777498,11.385151233470378,11.602065022623938,953.2580375537665
2024-09-09 00:00:00+05:30,24823.400390625,24957.5,24753.150390625,24936.400390625,254400,0.0,0.0,113.0,0.4552156361409554,204.349609375,0.8232136055468705,24852.150390625,-28.75,-0.115684154280852,0.3390048695012693,25082.43984375,24850.33486328125,24609.387890625,269190.0,0.9450573944054386,0.5654778148864553,113.0,21.099609375,70.25,24950.0,24900.0,24850.0,25000.0,25050.0,25150.0,25000.0,25050.0,24900.0,24850.0,24750.0,0.996535169901367,1.0045555736832694,1.0045555736832694,0.996535169901367,0.0282738907443227,0.9450573944054386,0.1695024347506346,21579,20140,15105,16112,11095,12426,3328,4970,51107,53648,104755,1.0497192165456786,1.5,-31610.0,-15419.0,-16191.0,-23.180434862318045,1,0,24850.0,24750.0,25050.0,25150.0,105347.3662849843,1077.201842481921,7.06271521843992,9.013888738919329,807.9013818614408,8.038301978679625,7.71676989953244,8.681366136973995,9.002898216121181,8.038301978679625,7.07370574123807,8.038301978679625,8.199068018253218,9.002898216121181,-889.6299000895879,7.331718367921444,8.35065086847648,7.841184618198962,897.6682020682675
2024-09-10 00:00:00+05:30,24999.400390625,25130.5,24896.80078125,25041.099609375,251300,0.0,0.0,41.69921875,0.166800875614751,233.69921875,0.934819296056554,24936.400390625,63.0,0.252642719129924,0.4198650050123653,25034.68984375,24885.03984375,24629.997890625,267760.0,0.938527039139528,0.5672713176136251,41.69921875,89.400390625,102.599609375,25050.0,25000.0,24950.0,25100.0,25150.0,25250.0,25100.0,25150.0,25000.0,24950.0,24850.0,0.996361996445999,1.004348866156989,1.004348866156989,0.996361996445999,0.0283635658806812,0.938527039139528,0.2099325025061826,21383,19958,14968,15966,10995,12314,3298,4926,50644,53164,103808,1.0497591027564963,1.5,-947.0,-463.0,-484.0,-0.9040141282039044,1,0,24950.0,24850.0,25150.0,25250.0,104396.87300938836,1080.6183592600223,6.840846468526239,10.243272556304248,810.4637694450167,8.542059512415243,8.200377131918632,9.225424273408462,9.567106653905073,8.542059512415243,7.517012370925413,8.542059512415243,8.712900702663548,9.567106653905073,-891.9732398709367,9.189446307915194,8.461128401811086,8.82528735486314,900.5152993833519
2024-09-11 00:00:00+05:30,25034.0,25113.69921875,24885.150390625,24918.44921875,279200,0.0,0.0,-115.55078125,-0.4615753824798274,228.548828125,0.9129536954741552,25041.099609375,-7.099609375,-0.0283518275385239,-0.4897963449619458,24978.63984375,24924.0123046875,24645.527890625,269735.0,1.0350899957365562,0.538706612490285,115.55078125,79.69921875,33.298828125,24900.0,24850.0,24800.0,24950.0,25000.0,25100.0,24950.0,25000.0,24850.0,24800.0,24700.0,0.9952465252668744,1.0032727069222525,1.0032727069222525,0.9952465252668744,0.0269353306245142,1.0350899957365562,0.2448981724809729,22561,21057,15793,16846,11584,12975,3475,5190,53413,56068,109481,1.0497070001684985,1.5,5673.0,2769.0,2904.0,5.4648967324291,0,1,24800.0,24700.0,25000.0,25100.0,110070.7813864205,1026.2042829182417,7.4731680629013075,10.023222977718667,769.6532121886814,8.748195520309988,8.398267699497588,9.448051161934787,9.797978982747187,8.748195520309988,7.6984120578727895,8.748195520309988,8.923159430716188,9.797978982747187,-846.4220402448915,8.623777456808343,8.791998431229583,8.707887944018964,855.1702357652015
2024-09-12 00:00:00+05:30,25059.650390625,25433.349609375,24941.44921875,25388.900390625,380100,0.0,0.0,329.25,1.313865097348584,491.900390625,1.9629180094588372,24918.44921875,141.201171875,0.5666531277105019,1.887963282727112,25027.4,24986.26982421875,24670.82890625,273575.0,1.389381339669195,0.6611011615566642,329.25,44.44921875,118.201171875,25400.0,25350.0,25300.0,25450.0,25500.0,25600.0,25450.0,25500.0,25350.0,25300.0,25200.0,0.996498454471946,1.0043759126100642,1.0043759126100642,0.996498454471946,0.0330550580778332,1.389381339669195,0.943981641363556,37693,35180,26385,28144,19469,21806,5841,8722,89388,93852,183240,1.049939589206605,1.5,73759.0,35975.0,37784.0,67.37150738484303,0,0,25300.0,25200.0,25500.0,25600.0,184451.4017684364,1259.3586707531051,11.683657174004468,21.41228557798229,944.5190030648289,16.547971375993377,15.886052520953642,17.871809086072847,18.533727941112584,16.547971375993377,14.562214810874172,16.547971375993377,16.878930803513246,18.533727941112584,-1032.9175875849276,16.193740318525794,16.514277958651817,16.354009138588808,1049.465558960921
2024-09-13 00:00:00+05:30,25430.44921875,25430.5,25292.44921875,25356.5,250800,0.0,0.0,-73.94921875,-0.2907900608199908,138.05078125,0.5428562431693674,25388.900390625,41.548828125,0.1636495771212767,-0.1276163604035596,25128.269921875,25027.0373046875,24692.22890625,272535.0,0.9202487753866476,0.578297499175744,73.94921875,0.05078125,64.05078125,25350.0,25300.0,25250.0,25400.0,25450.0,25550.0,25400.0,25450.0,25300.0,25250.0,25150.0,0.9957998935184272,1.003687417427484,1.003687417427484,0.9957998935184272,0.0289148749587872,0.9202487753866476,0.0638081802017798,21756,20305,15229,16244,11193,12535,3358,5014,51536,54098,105634,1.0497128221049363,1.5,-77606.0,-37852.0,-39754.0,-42.352106526959176,0,0,25250.0,25150.0,25450.0,25550.0,106244.87878027932,1101.6225839733113,10.559193354341561,5.967890200134424,826.2169379799834,8.263541777237993,7.933000106148473,8.924625119417033,9.255166790506554,8.263541777237993,7.2719167639694335,8.263541777237993,8.428812612782753,9.255166790506554,-909.7552782005214,8.157400273092184,8.761028987371366,8.459214630231775,918.0188199777593
2024-09-16 00:00:00+05:30,25406.650390625,25445.69921875,25336.19921875,25383.75,168700,0.0,0.0,-22.900390625,-0.0901354183763248,109.5,0.4309895177697461,25356.5,50.150390625,0.1977812025516139,0.1074675132608948,25217.73984375,25067.59228515625,24713.8608984375,268790.0,0.6276275159046095,0.5783862733459375,22.900390625,39.048828125,47.55078125,25400.0,25350.0,25300.0,25450.0,25500.0,25600.0,25450.0,25500.0,25350.0,25300.0,25200.0,0.9967006450977496,1.0045797015807356,1.0045797015807356,0.9967006450977496,0.0289193136672968,0.6276275159046095,0.0537337566304474,14636,13660,10245,10928,7530,8433,2259,3373,34670,36394,71064,1.0497259878857803,1.5,-34570.0,-16866.0,-17704.0,-32.72620557774959,1,0,25300.0,25200.0,25500.0,25600.0,71475.02442129057,1101.7916935248793,9.544635489018022,4.728149933489802,826.3437701436595,9.544635489018022,9.162850069457301,10.308206328139464,10.689991747700185,9.544635489018022,8.399279230335859,9.544635489018022,9.735528198798383,10.689991747700185,-908.6151091150482,9.347968914599965,9.332652185465088,9.340310550032527,918.1597446040662
2024-09-17 00:00:00+05:30,25416.900390625,25441.650390625,25352.25,25418.55078125,216000,0.0,0.0,1.650390625,0.0064932804536966,89.400390625,0.3517360073456291,25383.75,33.150390625,0.1305969000837149,0.1370986605603974,25293.230078125,25103.57734375,24735.754921875,267675.0,0.8069487251330905,0.572509905666065,1.650390625,23.099609375,64.650390625,25400.0,25350.0,25300.0,25450.0,25500.0,25600.0,25450.0,25500.0,25350.0,25300.0,25200.0,0.9953360527014212,1.003204321892737,1.003204321892737,0.9953360527014212,0.0286254952833032,0.8069487251330905,0.0685493302801987,18549,17313,12984,13850,9540,10685,2862,4274,43935,46122,90057,1.0497780812564017,1.5,18993.0,9265.0,9728.0,26.72661263086795,0,0,25300.0,25200.0,25500.0,25600.0,90572.5852457457,1090.5975601296886,8.85182893065809,3.8593456998083835,817.9481700972666,8.85182893065809,8.497755773431766,9.559975245110738,9.914048402337063,8.85182893065809,7.789609458979119,8.85182893065809,9.028865509271252,9.914048402337063,-899.9794711774157,8.504891808193538,8.663704223806947,8.584298016000243,908.8313001080738
2024-09-18 00:00:00+05:30,25402.400390625,25482.19921875,25285.55078125,25377.55078125,215700,0.0,0.0,-24.849609375,-0.0978238630715032,196.6484375,0.7741332884925906,25418.55078125,-16.150390625,-0.0635378104911997,-0.1612995184219645,25385.050390625,25133.944921875,24756.894921875,265605.0,0.8121082057943186,0.5754087445584779,24.849609375,79.798828125,92.0,25400.0,25350.0,25300.0,25450.0,25500.0,25600.0,25450.0,25500.0,25350.0,25300.0,25200.0,0.9969441187639236,1.0048250999399229,1.0048250999399229,0.9969441187639236,0.0287704372279238,0.8121082057943186,0.0806497592109822,18617,17376,13032,13901,9576,10726,2873,4290,44098,46293,90391,1.0497755000226767,1.5,334.0,163.0,171.0,0.3708762228366479,0,1,25300.0,25200.0,25500.0,25600.0,90911.11771829386,1096.1196770258086,8.436412932988285,8.493567374830846,822.0897577693565,8.464990153909564,8.126390547753182,9.14218936622233,9.480788972378713,8.464990153909564,7.449191335440417,8.464990153909564,8.634289956987756,9.480788972378713,-904.9680740342644,8.582142259051897,8.88945580428699,8.735799031669444,913.433064188174
2024-09-19 00:00:00+05:30,25487.05078125,25611.94921875,25376.05078125,25415.80078125,314500,0.0,0.0,-71.25,-0.2795537255821545,235.8984375,0.925561923679074,25377.55078125,109.5,0.4314837193859669,0.1507237649909898,25390.43046875,25164.1599609375,24776.546953125,270315.0,1.1634574477923905,0.5753554707932882,71.25,124.8984375,39.75,25400.0,25350.0,25300.0,25450.0,25500.0,25600.0,25450.0,25500.0,25350.0,25300.0,25200.0,0.9954437484678652,1.003312869009113,1.003312869009113,0.9954437484678652,0.0287677735396644,1.1634574477923905,0.0753618824954949,27142,25333,18999,20266,13961,15637,4188,6255,64290,67491,131781,1.0497900139990668,1.5,41390.0,20192.0,21198.0,45.78995696474206,0,0,25300.0,25200.0,25500.0,25600.0,132539.20919296608,1096.0181936492595,7.750801792193861,10.144848506864555,822.0136452369447,8.947825149529208,8.58991214354804,9.663651161491545,10.021564167472715,8.947825149529208,7.874086131585703,8.947825149529208,9.126781652519792,10.021564167472715,-904.400669558187,8.649490060567224,8.033365925878941,8.341427993223082,913.3484947077162
2024-09-20 00:00:00+05:30,25525.94921875,25849.25,25426.599609375,25790.94921875,533100,0.0,0.0,265.0,1.0381592383853258,422.650390625,1.6557675759792845,25415.80078125,110.1484375,0.4333856660588078,1.476044137774157,25477.3203125,25212.54990234375,24805.876953125,286630.0,1.859889055576876,0.6495122747223459,265.0,58.30078125,99.349609375,25800.0,25750.0,25700.0,25850.0,25900.0,26000.0,25850.0,25900.0,25750.0,25700.0,25600.0,0.996473599401922,1.0042282577630264,1.0042282577630264,0.996473599401922,0.0324756137361172,1.859889055576876,0.7380220688870787,51938,48476,36357,38781,26812,30030,8044,12012,123151,129299,252450,1.0499224529236466,1.5,120669.0,58861.0,61808.0,91.56782844264347,0,0,25700.0,25600.0,25900.0,26000.0,254089.69373753652,1237.2825257274176,10.768036027860575,18.074389028776274,927.9618942955633,14.421212528318424,13.844364027185687,15.574909530583898,16.151758031716636,14.421212528318424,12.690667024920213,14.421212528318424,14.709636778884793,16.151758031716636,-1016.6475589111963,13.715190317205867,13.847057010351339,13.781123663778603,1031.0687714395146
2024-09-23 00:00:00+05:30,25872.55078125,25956.0,25847.349609375,25939.05078125,209200,0.0,0.0,66.5,0.2570291602179131,108.650390625,0.4199446414991274,25790.94921875,81.6015625,0.3163961194599062,0.5742385099666292,25588.38046875,25258.9724609375,24838.338984375,286575.0,0.7300008723719794,0.642499765738232,66.5,16.94921875,25.201171875,25950.0,25900.0,25850.0,26000.0,26050.0,26150.0,26000.0,26050.0,25900.0,25850.0,25750.0,0.9965669221283004,1.0042773045045348,1.0042773045045348,0.9965669221283004,0.0321249882869116,0.7300008723719794,0.2871192549833146,20162,18818,14113,15054,10405,11654,3122,4662,47802,50188,97990,1.0499142295301451,1.5,-154460.0,-75349.0,-79111.0,-61.18439294909883,1,0,25850.0,25750.0,26050.0,26150.0,98619.58552044688,1223.924110243646,10.24147092970384,4.59895824904054,917.9430826827346,10.24147092970384,9.831812092515687,11.060788604080148,11.470447441268302,10.24147092970384,9.01249441813938,10.24147092970384,10.446300348297918,11.470447441268302,-1009.6952876066679,10.823642414585564,10.504883080958013,10.664262747771788,1019.9367585363717
2024-09-24 00:00:00+05:30,25921.44921875,26011.55078125,25886.849609375,25940.400390625,384100,0.0,0.0,18.951171875,0.073110001354754,124.701171875,0.4810733027411089,25939.05078125,-17.6015625,-0.0678573886470944,0.0052030021699067,25692.750390625,25305.10498046875,24867.103984375,294615.0,1.3037353834665582,0.6428193954228317,18.951171875,71.150390625,34.599609375,25950.0,25900.0,25850.0,26000.0,26050.0,26150.0,26000.0,26050.0,25900.0,25850.0,25750.0,0.9965150734274066,1.0042250546531506,1.0042250546531506,0.9965150734274066,0.0321409697711415,1.3037353834665582,0.0026015010849533,37036,34567,25925,27654,19113,21407,5734,8563,87808,92191,179999,1.0499157252186588,1.5,82009.0,40006.0,42003.0,83.69119297887539,0,0,25850.0,25750.0,26050.0,26150.0,181156.0684835672,1224.5329859167473,8.979245406082798,5.268691604800278,918.3997394375606,8.0,7.68,8.64,8.96,8.0,7.04,8.0,8.16,8.96,-1012.4441549306229,8.185457535524096,7.8120051883755455,7.998731361949821,1020.4441549306229
2024-09-25 00:00:00+05:30,25899.44921875,26032.80078125,25871.349609375,26004.150390625,278500,0.0,0.0,104.701171875,0.4042602257317549,161.451171875,0.6233768545090018,25940.400390625,-40.951171875,-0.157866383164232,0.2457556515705894,25818.0703125,25352.69501953125,24895.4530078125,297520.0,0.936071524603388,0.6428734560971776,104.701171875,28.650390625,28.099609375,26000.0,25950.0,25900.0,26050.0,26100.0,26200.0,26050.0,26100.0,25950.0,25900.0,25800.0,0.9959948550881114,1.0036859350501817,1.0036859350501817,0.9959948550881114,0.0321436728048588,0.936071524603388,0.1228778257852947,26856,25066,18799,20053,13860,15523,4158,6209,63673,66851,130524,1.0499112653715077,1.5,-49475.0,-24135.0,-25340.0,-27.486263812576738,1,0,25900.0,25800.0,26100.0,26200.0,131363.10414983626,1224.6359683087671,8.407976637885735,6.820652067090855,918.4769762315755,8.0,7.68,8.64,8.96,8.0,7.04,8.0,8.16,8.96,-1012.5299735906394,8.162929216632278,8.187343277715774,8.175136247174027,1020.5299735906394
2024-09-26 00:00:00+05:30,26005.400390625,26250.900390625,25998.400390625,26216.05078125,370900,0.0,0.0,210.650390625,0.8100255618480687,252.5,0.970952172268906,26004.150390625,1.25,0.0048069249762939,0.8148714241454025,25978.1203125,25405.90009765625,24927.5140234375,298365.0,1.2431082734234913,0.6566384397884265,210.650390625,34.849609375,7.0,26200.0,26150.0,26100.0,26250.0,26300.0,26400.0,26250.0,26300.0,26150.0,26100.0,26000.0,0.9955732927808868,1.003202206901813,1.003202206901813,0.9955732927808868,0.0328319219894213,1.2431082734234913,0.4074357120727012,36532,34097,25572,27278,18866,21130,5660,8452,86630,90957,177587,1.0499480549463234,1.5,47063.0,22957.0,24106.0,36.056970365603256,0,0,26100.0,26000.0,26300.0,26400.0,178753.10450606706,1250.8574493352585,9.349557127538379,10.596676119585723,938.1430870014439,9.973116623562051,9.574191958619569,10.770965953447016,11.169890618389498,9.973116623562051,8.776342628734605,9.973116623562051,10.172578956033291,11.169890618389498,-1032.40809115582,10.885338172390586,9.370377237662803,10.127857705026695,1042.381207779382
2024-09-27 00:00:00+05:30,26248.25,26277.349609375,26151.400390625,26178.94921875,490300,0.0,0.0,-69.30078125,-0.2640205775623137,125.94921875,0.4798385368548379,26216.05078125,32.19921875,0.1228225373023355,-0.1415223170323387,26055.7203125,25453.0525390625,24955.076015625,290970.0,1.6850534419355947,0.6604911024339913,69.30078125,29.099609375,27.548828125,26200.0,26150.0,26100.0,26250.0,26300.0,26400.0,26250.0,26300.0,26150.0,26100.0,26000.0,0.9969842479890884,1.0046239740273188,1.0046239740273188,0.9969842479890884,0.0330245551216995,1.6850534419355947,0.0707611585161693,48576,45337,34003,36270,25090,28101,7527,11240,115196,120948,236144,1.0499322893156011,1.5,58557.0,28566.0,29991.0,32.973697399021326,0,1,26100.0,26000.0,26300.0,26400.0,237703.71010893176,1258.1965441520852,7.158755863500154,5.267592736944183,943.647408114064,8.0,7.68,8.64,8.96,8.0,7.04,8.0,8.16,8.96,-1040.4971201267379,7.408521828669554,7.127419029748277,7.267970429208916,1048.4971201267379
2024-09-30 00:00:00+05:30,26061.30078125,26134.69921875,25794.099609375,25810.849609375,343100,0.0,0.0,-250.451171875,-0.961007948057562,340.599609375,1.306917149814897,26178.94921875,-117.6484375,-0.4494009156629454,-1.4060900852023384,26030.080078125,25479.66005859375,24980.675,296985.0,1.1552772025523177,0.7503691511254049,250.451171875,73.3984375,16.75,25800.0,25750.0,25700.0,25850.0,25900.0,26000.0,25850.0,25900.0,25750.0,25700.0,25600.0,0.9957053095480152,1.0034539889997507,1.0034539889997507,0.9957053095480152,0.0375184575562702,1.1552772025523177,0.7030450426011692,38618,36043,27033,28834,20033,22437,6010,8975,91694,96289,187983,1.0501123301415578,1.5,-48161.0,-23502.0,-24659.0,-20.39475913002236,0,0,25700.0,25600.0,25900.0,26000.0,189393.56644136008,1429.408919068174,10.121095954443549,14.382271296282015,1072.0566893011307,12.251683625362782,11.761616280348271,13.231818315391806,13.721885660406317,12.251683625362782,10.781481590319249,12.251683625362782,12.496717297870038,13.721885660406317,-1178.9224155981158,12.871954269974475,12.394340626824699,12.633147448399587,1191.1740992234786
2024-10-01 00:00:00+05:30,25788.44921875,25907.599609375,25739.19921875,25796.900390625,247400,0.0,0.0,8.451171875,0.0327711519343916,168.400390625,0.6530070466686348,25810.849609375,-22.400390625,-0.0867867232733933,-0.0540440123479424,26001.380078125,25505.51259765625,25006.4280078125,298750.0,0.8281171548117154,0.7509039344721999,8.451171875,110.69921875,49.25,25800.0,25750.0,25700.0,25850.0,25900.0,26000.0,25850.0,25900.0,25750.0,25700.0,25600.0,0.996243719626866,1.0039965890403046,1.0039965890403046,0.996243719626866,0.0375451967236099,0.8281171548117154,0.0270220061739712,27866,26008,19506,20806,14456,16191,4337,6476,66165,69481,135646,1.0501171314138895,1.5,-52337.0,-25529.0,-26808.0,-27.841347355877925,0,0,25700.0,25600.0,25900.0,26000.0,136664.57115095414,1430.4276497616354,9.206767192548867,7.149680020032608,1072.8207373212265,8.178223606290738,7.851094662039108,8.832481494793997,9.159610439045627,8.178223606290738,7.196836773535849,8.178223606290738,8.341788078416553,9.159610439045627,-1183.8448178617389,8.22178695440352,8.53755105727776,8.37966900584064,1192.0230414680295
2024-10-03 00:00:00+05:30,25452.849609375,25639.44921875,25230.30078125,25250.099609375,423400,0.0,0.0,-202.75,-0.7965709266805296,409.1484375,1.607475955656058,25796.900390625,-344.05078125,-1.3336903893113976,-2.119637526098739,25850.569921875,25508.0826171875,25021.848984375,307230.0,1.378120626240927,0.8978130499866948,202.75,186.599609375,19.798828125,25250.0,25200.0,25150.0,25300.0,25350.0,25450.0,25300.0,25350.0,25200.0,25150.0,25050.0,0.9960356746736224,1.003956435506017,1.003956435506017,0.9960356746736224,0.0448906524993347,1.378120626240927,1.0598187630493694,57020,53219,39914,42575,29790,33365,8937,13346,135661,142505,278166,1.0504492816653277,1.5,142520.0,69496.0,73024.0,105.06760243575188,0,1,25150.0,25050.0,25350.0,25450.0,280663.410648626,1710.2808389471015,13.872388088166696,17.63664767421047,1282.710629210326,15.754517881188583,15.12433716594104,17.01487931168367,17.645060026931215,15.754517881188583,13.863975735445953,15.754517881188583,16.069608238812354,17.645060026931215,-1409.4795145747294,15.757954050720038,15.950374737690726,15.854164394205382,1425.234032455918
2024-10-04 00:00:00+05:30,25181.900390625,25485.05078125,24966.80078125,25014.599609375,374900,0.0,0.0,-167.30078125,-0.664369164577764,518.25,2.0580257723239184,25250.099609375,-68.19921875,-0.2700948503374561,-0.9326695880144676,25610.2796875,25501.5576171875,25033.8709765625,314865.0,1.1906690168802505,0.921503401080203,167.30078125,303.150390625,47.798828125,25000.0,24950.0,24900.0,25050.0,25100.0,25200.0,25050.0,25100.0,24950.0,24900.0,24800.0,0.995418691037851,1.0034140218895606,1.0034140218895606,0.995418691037851,0.0460751700540101,1.1906690168802505,0.4663347940072337,51821,48366,36275,38693,27104,30357,8131,12143,123331,129559,252890,1.0504982526696451,1.5,-25276.0,-12330.0,-12946.0,-9.086660483308528,0,0,24900.0,24800.0,25100.0,25200.0,255220.3899509917,1755.4095587220672,14.900896386032302,22.524899274788666,1316.5571690415504,18.712897830410483,17.964381917194064,20.20992965684332,20.958445570059745,18.712897830410483,16.467350090761226,18.712897830410483,19.087155787018695,20.958445570059745,-1444.1284011046455,17.15968519550953,19.094041815866248,18.12686350568789,1462.8412989350559
2024-10-07 00:00:00+05:30,25084.099609375,25143.0,24694.349609375,24795.75,374300,0.0,0.0,-288.349609375,-1.1495314317251053,448.650390625,1.78858479120901,25014.599609375,69.5,0.2778377470969102,-0.8748875168602677,25333.63984375,25498.73759765625,25041.663984375,317995.0,1.1770625324297552,0.9046914382337182,288.349609375,58.900390625,101.400390625,24800.0,24750.0,24700.0,24850.0,24900.0,25000.0,24850.0,24900.0,24750.0,24700.0,24600.0,0.9961384511458616,1.0042043495357067,1.0042043495357067,0.9961384511458616,0.0452345719116859,1.1770625324297552,0.4374437584301338,50794,47408,35556,37926,26546,29731,7964,11892,120860,126957,247817,1.050446797948039,1.5,-5073.0,-2471.0,-2602.0,-2.006010518407213,0,0,24700.0,24600.0,24900.0,25000.0,250058.97918148767,1723.3837623473544,15.686541133537613,19.740139827895234,1292.537821760516,17.713340480716425,17.00480686148777,19.13040771917374,19.8389413384024,17.713340480716425,15.587739623030455,17.713340480716425,18.067607290330756,19.8389413384024,-1418.4397948087458,16.78813783613467,17.940775578421977,17.364456707278322,1436.1531352894622
2024-10-08 00:00:00+05:30,24832.19921875,25044.0,24756.80078125,25013.150390625,333200,0.0,0.0,180.951171875,0.7286957159169758,287.19921875,1.156559740118165,24795.75,36.44921875,0.1469978474133672,0.8767647303469239,25174.1,25502.57509765625,25045.23,321935.0,1.0349915355584205,0.9233300261906696,180.951171875,30.849609375,75.3984375,25000.0,24950.0,24900.0,25050.0,25100.0,25200.0,25050.0,25100.0,24950.0,24900.0,24800.0,0.995476363878282,1.0034721579656576,1.0034721579656576,0.995476363878282,0.0461665013095334,1.0349915355584205,0.4383823651734619,46148,43071,32304,34457,24139,27036,7242,10814,109833,115378,225211,1.0504857374377463,1.5,-22606.0,-11027.0,-11579.0,-9.122053773550643,1,0,24900.0,24800.0,25100.0,25200.0,227290.44078528427,1758.889171684272,15.223649928523663,12.645532523799796,1319.1668787632043,13.934591226161729,13.377207577115259,15.049358524254668,15.606742173301138,13.934591226161729,12.262440279022321,13.934591226161729,14.213283050684963,15.606742173301138,-1451.8063851773984,12.918805393261824,14.901756638567706,13.910281015914766,1465.7409764035601
2024-10-09 00:00:00+05:30,25065.80078125,25234.05078125,24947.69921875,24981.94921875,290600,0.0,0.0,-83.8515625,-0.3345257677254165,286.3515625,1.1423994190291336,25013.150390625,52.650390625,0.2104908410286995,-0.124739072798663,25011.109765625,25499.617578125,25048.1469921875,323900.0,0.8971904908922507,0.9189188764786668,83.8515625,168.25,34.25,25000.0,24950.0,24900.0,25050.0,25100.0,25200.0,25050.0,25100.0,24950.0,24900.0,24800.0,0.9967196627439906,1.0047254431676371,1.0047254431676371,0.9967196627439906,0.0459459438239333,0.8971904908922507,0.0623695363993315,40056,37385,28039,29908,20948,23462,6284,9385,95327,100140,195467,1.0504893681748089,1.5,-29744.0,-14506.0,-15238.0,-13.207170164867613,0,0,24900.0,24800.0,25100.0,25200.0,197263.1831602865,1750.4861919879118,13.5974841274776,12.512493036824537,1312.864643990934,13.054988582151068,12.532789038865026,14.099387668723155,14.621587212009198,13.054988582151068,11.488389952292941,13.054988582151068,13.31608835379409,14.621587212009198,-1445.683504741109,12.56891988720586,12.494369790835764,12.531644839020812,1458.73849332326
2024-10-10 00:00:00+05:30,25067.05078125,25134.05078125,24979.400390625,24998.44921875,261400,0.0,0.0,-68.6015625,-0.2736722524666266,154.650390625,0.6169468916569856,24981.94921875,85.1015625,0.340652211542115,0.0660476884950744,24960.7796875,25503.617578125,25050.9699609375,323010.0,0.8092628711185412,0.9119533848418716,68.6015625,67.0,19.048828125,25000.0,24950.0,24900.0,25050.0,25100.0,25200.0,25050.0,25100.0,24950.0,24900.0,24800.0,0.9960617869577222,1.004062283238507,1.004062283238507,0.9960617869577222,0.0455976692420935,0.8092628711185412,0.0330238442475372,35758,33374,25031,26699,18694,20937,5608,8375,85091,89385,174476,1.05046362129955,1.5,-20991.0,-10236.0,-10755.0,-10.738897102835772,1,0,24900.0,24800.0,25100.0,25200.0,176067.1397877367,1737.2173417741244,12.475365039550297,6.766801981129906,1302.9130063305936,9.621083510340101,9.236240169926496,10.39077019116731,10.775613531580914,9.621083510340101,8.466553489099288,9.621083510340101,9.813505180546903,10.775613531580914,-1438.0600346347637,9.163781996342381,9.500046665921435,9.331914331131909,1447.681118145104
2024-10-11 00:00:00+05:30,24985.30078125,25028.650390625,24920.05078125,24964.25,210500,0.0,0.0,-21.05078125,-0.0842526629329088,108.599609375,0.4346540004693385,24998.44921875,-13.1484375,-0.0525970126584414,-0.1368053612075592,24950.709765625,25482.38505859375,25051.231953125,314530.0,0.6692525355292023,0.799070871675601,21.05078125,43.349609375,44.19921875,24950.0,24900.0,24850.0,25000.0,25050.0,25150.0,25000.0,25050.0,24900.0,24850.0,24750.0,0.9954234555414242,1.003434911924051,1.003434911924051,0.9954234555414242,0.03995354358378,0.6692525355292023,0.0684026806037796,25231,23549,17662,18839,13120,14694,3936,5878,59949,62960,122909,1.05022602545497,1.5,-51567.0,-25142.0,-26425.0,-29.555354318072403,0,0,24850.0,24750.0,25050.0,25150.0,123891.13001766778,1522.1828205858576,11.435138960016744,4.767493702486976,1141.6371154393933,11.435138960016744,10.977733401616074,12.349950076818084,12.807355635218753,11.435138960016744,10.062922284814734,11.435138960016744,11.663841739217078,12.807355635218753,-1257.050544861531,12.615375465790517,10.877004876951066,11.746190171370792,1268.4856838215478
2024-10-14 00:00:00+05:30,25023.44921875,25159.75,25017.5,25127.94921875,206400,0.0,0.0,104.5,0.4176082964681721,142.25,0.5684667959100238,24964.25,59.19921875,0.2371359794506144,0.6557345754428789,25017.149609375,25470.95751953125,25053.5729296875,312310.0,0.6608818161442157,0.815704181854268,104.5,31.80078125,5.94921875,25150.0,25100.0,25050.0,25200.0,25250.0,25350.0,25200.0,25250.0,25100.0,25050.0,24950.0,0.9968979076616472,1.0048571723934767,1.0048571723934767,0.9968979076616472,0.0407852090927133,0.6608818161442157,0.3278672877214394,25254,23571,17678,18857,13142,14719,3943,5888,60017,63035,123052,1.050285752370162,1.5,143.0,68.0,75.0,0.116346239901065,0,0,25050.0,24950.0,25250.0,25350.0,124055.7403098553,1553.8682941788952,11.374297437677777,6.216299964248816,1165.4012206341715,8.795298700963297,8.443486752924764,9.49892259704036,9.850734545078893,8.795298700963297,7.739862856847702,8.795298700963297,8.971204674982562,9.850734545078893,-1286.0949464481162,9.305479337839841,8.7228153939635,9.014147365901671,1294.8902451490794
2024-10-15 00:00:00+05:30,25186.30078125,25212.05078125,25008.150390625,25057.349609375,257200,0.0,0.0,-128.951171875,-0.5119893270352667,203.900390625,0.8095686317571262,25127.94921875,58.3515625,0.232217766726698,-0.2809604904896901,25025.989453125,25454.6375,25060.3659375,316735.0,0.8120352976462973,0.8165796091180896,128.951171875,25.75,49.19921875,25050.0,25000.0,24950.0,25100.0,25150.0,25250.0,25100.0,25150.0,25000.0,24950.0,24850.0,0.99571584341327,1.0036975335408314,1.0036975335408314,0.99571584341327,0.0408289804559044,0.8120352976462973,0.140480245244845,31504,29403,22053,23522,16395,18362,4918,7345,74870,78632,153502,1.0502470949646052,1.5,30450.0,14853.0,15597.0,24.74563599128824,0,1,24950.0,24850.0,25150.0,25250.0,154755.46603158847,1555.5359314172135,10.916745218189424,8.902815563489787,1166.6519485629103,9.909780390839606,9.51338917520602,10.702562822106774,11.09895403774036,9.909780390839606,8.720606743938854,9.909780390839606,10.107975998656398,11.09895403774036,-1286.3701624568384,9.380471151191824,10.330165934848507,9.855318543020164,1296.279942847678
2024-10-16 00:00:00+05:30,25008.55078125,25093.400390625,24908.44921875,24971.30078125,226800,0.0,0.0,-37.25,-0.1489490547686111,184.951171875,0.7395517376947166,25057.349609375,-48.798828125,-0.1947485623409361,-0.3434075409667669,25023.859765625,25432.275,25078.6799609375,317275.0,0.7148372862658577,0.817496843595215,37.25,84.849609375,62.8515625,24950.0,24900.0,24850.0,25000.0,25050.0,25150.0,25000.0,25050.0,24900.0,24850.0,24750.0,0.995142392368239,1.0031515866730136,1.0031515866730136,0.995142392368239,0.0408748421797607,0.7148372862658577,0.1717037704833834,27811,25957,19468,20766,14474,16211,4342,6484,66095,69418,135513,1.0502761177093578,1.5,-17989.0,-8775.0,-9214.0,-11.719065549634532,0,0,24850.0,24750.0,25050.0,25150.0,136620.8144976612,1557.2832089279075,9.54484189738736,8.110700761958118,1167.9624066959307,8.82777132967274,8.474660476485829,9.533993036046558,9.887103889233469,8.82777132967274,7.76843877011201,8.82777132967274,9.004326756266193,9.887103889233469,-1288.9082361102503,7.701435236506124,8.82270091645804,8.262068076482082,1297.736007439923
2024-10-17 00:00:00+05:30,25027.400390625,25029.5,24728.900390625,24749.849609375,252800,0.0,0.0,-277.55078125,-1.108987657199777,300.599609375,1.201082032825117,24971.30078125,56.099609375,0.2246563359531637,-0.8868227322834543,24974.13984375,25400.88994140625,25093.8259375,319130.0,0.7921536677842885,0.8369029608443119,277.55078125,2.099609375,20.94921875,24750.0,24700.0,24650.0,24800.0,24850.0,24950.0,24800.0,24850.0,24700.0,24650.0,24550.0,0.9959656478341922,1.004046505017431,1.004046505017431,0.9959656478341922,0.0418451480422156,0.7921536677842885,0.4434113661417271,31735,29620,22214,23696,16531,18516,4959,7406,75439,79238,154677,1.0503585678495209,1.5,19164.0,9344.0,9820.0,14.141816652276905,0,1,24650.0,24550.0,24850.0,24950.0,155971.49639274515,1594.2507162391269,10.958064153273659,13.246851417526132,1195.6880371793452,12.102457785399896,11.6183594739839,13.070654408231889,13.554752719647885,12.102457785399896,10.650162851151908,12.102457785399896,12.344506941107893,13.554752719647885,-1316.439805747206,12.328214807280645,11.50235698273506,11.915285895007852,1328.5422635326058
2024-10-18 00:00:00+05:30,24664.94921875,24886.19921875,24567.650390625,24854.05078125,290900,0.0,0.0,189.1015625,0.7666813372404888,318.548828125,1.2915040906828343,24749.849609375,-84.900390625,-0.3430339657209091,0.4210173941240125,24952.1,25372.80244140625,25104.956953125,317950.0,0.9149237301462494,0.8436904776834595,189.1015625,32.1484375,97.298828125,24850.0,24800.0,24750.0,24900.0,24950.0,25050.0,24900.0,24950.0,24800.0,24750.0,24650.0,0.995813528258802,1.003860506264934,1.003860506264934,0.995813528258802,0.0421845238841729,0.9149237301462494,0.2105086970620062,36814,34360,25770,27488,19183,21486,5755,8594,87522,91928,179450,1.050341628390576,1.5,24773.0,12083.0,12690.0,16.015955830537184,0,0,24750.0,24650.0,24950.0,25050.0,180964.00256220295,1607.180534973881,9.154948508746768,14.124311749696844,1205.385401230411,11.639630129221807,11.174044924052934,12.570800539559553,13.036385744728426,11.639630129221807,10.24287451371519,11.639630129221807,11.872422731806243,13.036385744728426,-1327.6774823490125,12.179663564826402,11.088578109434383,11.634120837130393,1339.3171124782343
2024-10-21 00:00:00+05:30,24956.150390625,24978.30078125,24679.599609375,24781.099609375,242000,0.0,0.0,-175.05078125,-0.701433428273294,298.701171875,1.1969040384818714,24854.05078125,102.099609375,0.4107966555376331,-0.293518237799828,24882.730078125,25322.3099609375,25118.2389453125,303395.0,0.7976400402116053,0.7571437602264183,175.05078125,22.150390625,101.5,24800.0,24750.0,24700.0,24850.0,24900.0,25000.0,24850.0,24900.0,24750.0,24700.0,24600.0,0.996727360341011,1.0047980272263632,1.0047980272263632,0.996727360341011,0.0378571880113209,0.7976400402116053,0.146759118899914,27484,25652,19239,20522,14262,15974,4279,6390,65264,68538,133802,1.0501654817357196,1.5,-45648.0,-22258.0,-23390.0,-25.437726386179992,0,0,24700.0,24600.0,24900.0,25000.0,134815.07349405816,1442.3141493240626,8.23847472123003,13.189829805906744,1081.7356119930469,10.714152263568387,10.285586173025651,11.571284444653859,11.999850535196595,10.714152263568387,9.42845399194018,10.714152263568387,10.928435308839754,11.999850535196595,-1191.2143055064837,9.782709588298228,10.580580833478265,10.181645210888247,1201.928457770052
2024-10-22 00:00:00+05:30,24798.650390625,24882.0,24445.80078125,24472.099609375,279500,0.0,0.0,-326.55078125,-1.316808681546036,436.19921875,1.7589635398662775,24781.099609375,17.55078125,0.0708232545232186,-1.2469180337869368,24765.680078125,25248.96240234375,25120.3309375,306910.0,0.9106904304193412,0.7689562300108723,326.55078125,83.349609375,26.298828125,24450.0,24400.0,24350.0,24500.0,24550.0,24650.0,24500.0,24550.0,24400.0,24350.0,24250.0,0.995010660657485,1.0031832328189427,1.0031832328189427,0.995010660657485,0.0384478115005436,0.9106904304193412,0.6234590168934684,32238,30089,22567,24071,16739,18748,5022,7499,76566,80407,156973,1.0501658699683931,1.5,23171.0,11302.0,11869.0,17.31737941136904,0,1,24350.0,24250.0,24550.0,24650.0,158180.05366293498,1464.8162066658363,10.008106013498677,19.390536737008972,1098.6121549993775,14.699321375253824,14.11134852024367,15.87526708527413,16.463239940284286,14.699321375253824,12.935402810223366,14.699321375253824,14.9933078027589,16.463239940284286,-1205.9808508462763,13.991740547132641,14.407713479766567,14.199727013449603,1220.6801722215303
2024-10-23 00:00:00+05:30,24378.150390625,24604.25,24378.099609375,24435.5,284600,0.0,0.0,57.349609375,0.2352500434038453,226.150390625,0.9276765751349604,24472.099609375,-93.94921875,-0.3839033848734787,-0.1495564743491773,24658.519921875,25173.7173828125,25122.1009375,301935.0,0.9425869806415288,0.7666273800998399,57.349609375,168.75,0.05078125,24450.0,24400.0,24350.0,24500.0,24550.0,24650.0,24500.0,24550.0,24400.0,24350.0,24250.0,0.996500992408586,1.004685805487917,1.004685805487917,0.996500992408586,0.038331369004992,0.9425869806415288,0.0747782371745886,32727,30546,22909,24437,16991,19030,5097,7612,77724,81625,159349,1.0501904173742989,1.5,2376.0,1158.0,1218.0,1.513636103024087,0,1,24350.0,24250.0,24550.0,24650.0,160570.6130639153,1460.3798851179579,8.675499511557005,10.123861487854255,1095.2849138384686,9.39968049970563,9.023693279717405,10.15165493968208,10.527642159670306,9.39968049970563,8.271718839740954,9.39968049970563,9.587674109699742,10.527642159670306,-1207.5835570985926,9.654090722572287,9.310630520830388,9.482360621701337,1216.9832375982983
2024-10-24 00:00:00+05:30,24412.69921875,24480.650390625,24341.19921875,24399.400390625,216700,0.0,0.0,-13.298828125,-0.0544750418863389,139.451171875,0.5712238971424165,24435.5,-22.80078125,-0.0933100662969859,-0.1477342774856227,24588.430078125,25093.4798828125,25127.3089453125,298845.0,0.7251250648329401,0.756992455393119,13.298828125,67.951171875,58.201171875,24400.0,24350.0,24300.0,24450.0,24500.0,24600.0,24450.0,24500.0,24350.0,24300.0,24200.0,0.9959261133866556,1.0041230361305786,1.0041230361305786,0.9959261133866556,0.0378496227696559,0.7251250648329401,0.0738671387428113,24606,22966,17224,18373,12769,14301,3831,5720,58430,61360,119790,1.0501454732158138,1.5,-39559.0,-19294.0,-20265.0,-24.82538327821323,0,0,24300.0,24200.0,24500.0,24600.0,120696.8012623154,1442.0259225520906,8.13371718953052,6.26317434220835,1081.519441914068,8.0,7.68,8.64,8.96,8.0,7.04,8.0,8.16,8.96,-1193.688268793409,8.08641428938212,7.776039207977979,7.931226748680049,1201.688268793409
2024-10-25 00:00:00+05:30,24418.05078125,24440.25,24073.900390625,24180.80078125,372600,0.0,0.0,-237.25,-0.9716172766016944,366.349609375,1.5003229072498716,24399.400390625,18.650390625,0.0764379055485562,-0.8959220549493163,24453.780078125,24991.7173828125,25128.0499609375,298930.0,1.246445656173686,0.7182361370842978,237.25,22.19921875,106.900390625,24200.0,24150.0,24100.0,24250.0,24300.0,24400.0,24250.0,24300.0,24150.0,24100.0,24000.0,0.996658473721323,1.0049294983995083,1.0049294983995083,0.996658473721323,0.0359118068542148,1.246445656173686,0.4479610274746581,40142,37466,28099,29973,20792,23287,6238,9315,95271,100041,195312,1.050067701609094,1.5,75522.0,36841.0,38681.0,63.04532932632107,0,1,24100.0,24000.0,24300.0,24400.0,196714.8013640621,1368.1974249682185,9.6948627295942,16.558497929212354,1026.1480687261637,13.126680329403278,12.601613116227147,14.176814755755542,14.701881968931673,13.126680329403278,11.551478689874886,13.126680329403278,13.389213935991345,14.701881968931673,-1127.0378404774453,12.53189296503672,13.790498077131058,13.16119552108389,1140.1645208068487
2024-10-28 00:00:00+05:30,24251.099609375,24492.599609375,24134.900390625,24339.150390625,278600,0.0,0.0,88.05078125,0.3630795414157686,357.69921875,1.4749814421269396,24180.80078125,70.298828125,0.2907216711346893,0.6548567634608204,24365.390234375,24899.72744140625,25124.0099609375,288345.0,0.9662036796198996,0.7545249087597198,88.05078125,153.44921875,116.19921875,24350.0,24300.0,24250.0,24400.0,24450.0,24550.0,24400.0,24450.0,24300.0,24250.0,24150.0,0.9963371609446424,1.0045543746431551,1.0045543746431551,0.9963371609446424,0.0377262454379859,0.9662036796198996,0.3274283817304102,31532,29429,22072,23543,16361,18324,4908,7330,74873,78626,153499,1.0501248781269616,1.5,-41813.0,-20398.0,-21415.0,-21.40831080527566,1,0,24250.0,24150.0,24450.0,24550.0,154657.18818969707,1437.3253919389817,10.400381360274153,16.129810406278576,1077.9940439542363,13.265095883276365,12.73449204794531,14.326303553938475,14.85690738926953,13.265095883276365,11.673284377283201,13.265095883276365,13.530397800941891,14.85690738926953,-1184.506064065875,12.920434085221045,12.799278174135795,12.85985612967842,1197.7711599491515
2024-10-29 00:00:00+05:30,24328.849609375,24484.5,24140.849609375,24466.849609375,332000,0.0,0.0,138.0,0.5672278065577848,343.650390625,1.412522154325686,24339.150390625,-10.30078125,-0.0423218603964404,0.5246658848009123,24364.340234375,24832.52744140625,25121.8939453125,287790.0,1.1536189582681815,0.7370821577222121,138.0,17.650390625,188.0,24450.0,24400.0,24350.0,24500.0,24550.0,24650.0,24500.0,24550.0,24400.0,24350.0,24250.0,0.9952241661169884,1.0033984919167174,1.0033984919167174,0.9952241661169884,0.0368541078861106,1.1536189582681815,0.2623329424004561,36707,34260,25695,27408,19030,21314,5709,8526,87141,91508,178649,1.050114182761272,1.5,25150.0,12268.0,12882.0,16.38447156007531,0,0,24350.0,24250.0,24550.0,24650.0,179965.78990394916,1404.0979813122192,10.229334739817354,15.49696727618786,1053.0734859841643,12.863151008002607,12.348624967682502,13.892203088642816,14.40672912896292,12.863151008002607,11.319572887042295,12.863151008002607,13.12041402816266,14.40672912896292,-1157.2185000855134,12.772328080044652,13.403557289200194,13.087942684622423,1170.081651093516
2024-10-30 00:00:00+05:30,24371.44921875,24498.19921875,24307.30078125,24340.849609375,285200,0.0,0.0,-30.599609375,-0.1255551489792343,190.8984375,0.7832871807768151,24466.849609375,-95.400390625,-0.3899169371950743,-0.5149825253829232,24345.41015625,24759.72490234375,25114.7339453125,289680.0,0.9845346589339962,0.7373639421815874,30.599609375,126.75,33.548828125,24350.0,24300.0,24250.0,24400.0,24450.0,24550.0,24400.0,24450.0,24300.0,24250.0,24150.0,0.9962676073007736,1.004484247360986,1.004484247360986,0.9962676073007736,0.0368681971090793,0.9845346589339962,0.2574912626914616,31544,29441,22081,23553,16353,18316,4906,7326,74884,78636,153520,1.0501041611025053,1.5,-25129.0,-12257.0,-12872.0,-14.06612967326993,0,0,24250.0,24150.0,24450.0,24550.0,154652.00112403717,1404.6347640662568,10.382028921866679,8.576719412555025,1053.4760730496926,9.479374167210853,9.100199200522418,10.237724100587721,10.616899067276156,9.479374167210853,8.34184926714555,9.479374167210853,9.66896165055507,10.616899067276156,-1161.049595888003,9.47012197869018,9.424653894359666,9.447387936524922,1170.528970055214
2024-10-31 00:00:00+05:30,24349.849609375,24372.44921875,24172.599609375,24205.349609375,287000,0.0,0.0,-144.5,-0.5934328232744636,199.849609375,0.8207426845792729,24340.849609375,9.0,0.0369748802709565,-0.5566773640794054,24306.6,24707.48740234375,25103.436953125,282860.0,1.0146362157958,0.6036690556793117,144.5,22.599609375,32.75,24200.0,24150.0,24100.0,24250.0,24300.0,24400.0,24250.0,24300.0,24150.0,24100.0,24000.0,0.9956476724742618,1.0039103087603551,1.0039103087603551,0.9956476724742618,0.0301834527839655,1.0146362157958,0.2783386820397027,25988,24255,18192,19404,13386,14992,4016,5997,61582,64648,126230,1.049787275502582,1.5,-27290.0,-13302.0,-13988.0,-17.77618551328817,0,0,24100.0,24000.0,24300.0,24400.0,126992.01144898398,1149.953900769117,10.57605885700492,9.027057216688707,862.4654255768377,9.801558036846814,9.409495715372941,10.585682679794559,10.977745001268433,9.801558036846814,8.625371072425196,9.801558036846814,9.99758919758375,10.977745001268433,-948.4933592707506,9.375531005772459,10.148079882808538,9.761805444290498,958.2949173075974
2024-11-01 00:00:00+05:30,24302.75,24368.25,24280.19921875,24304.349609375,38800,0.0,0.0,1.599609375,0.0065820097519828,88.05078125,0.3623078921109751,24205.349609375,97.400390625,0.4023920009289011,0.4090004961616156,24331.309765625,24671.97490234375,25093.2939453125,266055.0,0.1458345079025013,0.5935179353504016,1.599609375,63.900390625,22.55078125,24300.0,24250.0,24200.0,24350.0,24400.0,24500.0,24350.0,24400.0,24250.0,24200.0,24100.0,0.9957065459042465,1.0039355256224634,1.0039355256224634,0.9957065459042465,0.02967589676752,0.1458345079025013,0.2045002480808078,3454,3224,2418,2579,1778,1992,533,797,8183,8592,16775,1.0499816693144324,1.5,-109455.0,-53399.0,-56056.0,-86.71076606195041,1,0,24200.0,24100.0,24400.0,24500.0,16874.56263365503,1130.6166160274452,9.873696603516478,3.968716414970519,847.962462020584,9.873696603516478,9.478748739375819,10.663592331797798,11.058540195938457,9.873696603516478,8.688853011094501,9.873696603516478,10.071170535586807,11.058540195938457,-932.306816752688,10.199430255442797,9.642246302146933,9.920838278794864,942.1805133562044
2024-11-04 00:00:00+05:30,24315.75,24316.75,23816.150390625,23995.349609375,285500,0.0,0.0,-320.400390625,-1.3176660831971048,500.599609375,2.058746324398795,24304.349609375,11.400390625,0.0469067916164376,-1.27137736646451,24262.549609375,24631.9548828125,25076.7379296875,261615.0,1.091298281826348,0.6250610117557487,320.400390625,1.0,179.19921875,24000.0,23950.0,23900.0,24050.0,24100.0,24200.0,24050.0,24100.0,23950.0,23900.0,23800.0,0.9960263296460684,1.0043612780113074,1.0043612780113074,0.9960263296460684,0.0312530505877874,1.091298281826348,0.635688683232255,26768,24984,18738,19987,13802,15459,4141,6184,63449,66614,130063,1.049882582861826,1.5,113288.0,55266.0,58022.0,675.3383010432191,0,1,23900.0,23800.0,24100.0,24200.0,130875.97310371988,1190.7043137706546,11.956760154068048,22.8060206922836,893.0282353279911,17.381390423175823,16.686134806248788,18.77190165702989,19.467157273956925,17.381390423175823,15.295623572394724,17.381390423175823,17.72901823163934,19.467157273956925,-974.8722043857031,18.021419287216542,16.65084530850064,17.33613229785859,992.2535948088789
2024-11-05 00:00:00+05:30,23916.5,24229.05078125,23842.75,24213.30078125,289500,0.0,0.0,296.80078125,1.2409875243033053,386.30078125,1.61520615997324,23995.349609375,-78.849609375,-0.3286037113799476,0.908305881860727,24211.83984375,24591.96240234375,25060.791953125,259430.0,1.1159079520487225,0.6278535314040176,296.80078125,15.75,73.75,24200.0,24150.0,24100.0,24250.0,24300.0,24400.0,24250.0,24300.0,24150.0,24100.0,24000.0,0.9953207213558536,1.003580644354657,1.003580644354657,0.9953207213558536,0.0313926765702008,1.1159079520487225,0.4541529409303635,27265,25447,19086,20358,14060,15748,4218,6299,64629,67852,132481,1.049869253740581,1.5,2418.0,1180.0,1238.0,1.859099051997878,0,0,24100.0,24000.0,24300.0,24400.0,133312.78663693936,1196.023898785473,12.98486427352015,17.62097455446688,897.0179240891048,15.302919413993514,14.690802637433773,16.527152967112997,17.139269743672738,15.302919413993514,13.466569084314292,15.302919413993514,15.608977802273385,17.139269743672738,-981.383662907234,15.173105375305736,14.718874574784266,14.945989975045002,996.6865823212275
2024-11-06 00:00:00+05:30,24308.75,24537.599609375,24204.05078125,24484.05078125,351100,0.0,0.0,175.30078125,0.721142721242351,333.548828125,1.3721348408494882,24213.30078125,95.44921875,0.3942015985854882,1.1181870759630508,24240.480078125,24567.06748046875,25050.11796875,262455.0,1.3377531386332897,0.6900150210908439,175.30078125,53.548828125,104.69921875,24500.0,24450.0,24400.0,24550.0,24600.0,24700.0,24550.0,24600.0,24450.0,24400.0,24300.0,0.9965671211025928,1.00473570406245,1.00473570406245,0.9965671211025928,0.0345007510545421,1.3377531386332897,0.5590935379815254,36340,33917,25438,27134,18797,21052,5639,8421,86214,90524,176738,1.049991880669033,1.5,44257.0,21585.0,22672.0,33.406299771287955,0,0,24400.0,24300.0,24600.0,24700.0,177957.51874797556,1314.4378656278602,13.627948551779856,15.005530311820337,985.8283992208953,14.316739431800096,13.744069854528092,15.462078586344106,16.034748163616108,14.316739431800096,12.598730699984085,14.316739431800096,14.603074220436099,16.034748163616108,-1081.048148591417,13.680449296921141,14.297745428426555,13.98909736267385,1095.364888023217
2024-11-07 00:00:00+05:30,24489.599609375,24503.349609375,24179.05078125,24199.349609375,322200,0.0,0.0,-290.25,-1.1851970004805137,324.298828125,1.32423082981256,24484.05078125,5.548828125,0.022663031434526,-1.1628025706147629,24239.280078125,24527.1125,25033.05796875,265495.0,1.2135821766888266,0.7282581694171586,290.25,13.75,20.298828125,24200.0,24150.0,24100.0,24250.0,24300.0,24400.0,24250.0,24300.0,24150.0,24100.0,24000.0,0.9958945339036503,1.0041592188323114,1.0041592188323114,0.9958945339036503,0.0364129084708579,1.2135821766888266,0.5814012853073813,35197,32850,24638,26280,18239,20428,5472,8171,83546,87729,171275,1.050068225887535,1.5,-5463.0,-2668.0,-2795.0,-3.0910160802996525,0,0,24100.0,24000.0,24300.0,24400.0,172522.32417966923,1387.2888047008412,15.305081586839405,14.60714027260471,1040.466603525631,14.956110929722058,14.357866492533175,16.152599804099825,16.750844241288707,14.956110929722058,13.161377618155411,14.956110929722058,15.2552331483165,16.750844241288707,-1141.1178929876455,15.20683897877614,15.261464334188094,15.234151656482117,1156.0740039173677
2024-11-08 00:00:00+05:30,24207.69921875,24276.150390625,24066.650390625,24148.19921875,298700,0.0,0.0,-59.5,-0.2457895707573665,209.5,0.8654271440952654,24199.349609375,8.349609375,0.0345034453808845,-0.2113709312467793,24208.05,24486.3099609375,25012.98296875,269905.0,1.106685685704229,0.7283251942127932,59.5,68.451171875,81.548828125,24150.0,24100.0,24050.0,24200.0,24250.0,24350.0,24200.0,24250.0,24100.0,24050.0,23950.0,0.9959334765354364,1.0042156676084963,1.0042156676084963,0.9959334765354364,0.0364162597106396,1.106685685704229,0.1056854656233896,32633,30457,22843,24366,16911,18940,5073,7576,77460,81339,158799,1.0500774593338498,1.5,-12476.0,-6086.0,-6390.0,-7.284192088746168,0,0,24050.0,23950.0,24250.0,24350.0,159955.57312515797,1387.4164829783065,14.281996379560644,9.502553387889073,1040.5623622337298,11.892274883724859,11.416583888375865,12.843656874422848,13.319347869771843,11.892274883724859,10.465201897677876,11.892274883724859,12.130120381399356,13.319347869771843,-1144.2881275981972,10.468865027141332,11.87767491994094,11.173269973541135,1156.180402481922
2024-11-11 00:00:00+05:30,24087.25,24336.80078125,24004.599609375,24141.30078125,273400,0.0,0.0,54.05078125,0.2243958162513362,332.201171875,1.3791577364580847,24148.19921875,-60.94921875,-0.2523965377206084,-0.0285670887402833,24237.240234375,24436.9775390625,24991.0909765625,273255.0,1.0005306398785017,0.70346222773294,54.05078125,195.5,82.650390625,24150.0,24100.0,24050.0,24200.0,24250.0,24350.0,24200.0,24250.0,24100.0,24050.0,23950.0,0.9962180670346932,1.0045026247647113,1.0045026247647113,0.9962180670346932,0.035173111386647,1.0005306398785017,0.0142835443701416,28849,26926,20194,21541,14932,16724,4480,6690,68455,71881,140336,1.0500474764443797,1.5,-18463.0,-9005.0,-9458.0,-11.626647522969288,0,0,24050.0,23950.0,24250.0,24350.0,141323.2107519113,1340.0540001423674,12.20235088525999,15.068643200738233,1005.0405001067755,13.635497042999113,13.090077161279147,14.726336806439043,15.271756688159007,13.635497042999113,11.999237397839218,13.635497042999113,13.908206983859095,15.271756688159007,-1103.076169742307,12.37648603234943,12.389227072466975,12.382856552408203,1116.711666785306
2024-11-12 00:00:00+05:30,24225.80078125,24242.0,23839.150390625,23883.44921875,255800,0.0,0.0,-342.3515625,-1.4131692305707777,402.849609375,1.6628949152706347,24141.30078125,84.5,0.3500225640932705,-1.0680930776533315,24171.269921875,24378.28251953125,24963.1859765625,273185.0,0.936361806102092,0.7298864346514959,342.3515625,16.19921875,44.298828125,23900.0,23850.0,23800.0,23950.0,24000.0,24100.0,23950.0,24000.0,23850.0,23800.0,23700.0,0.9965059812765868,1.0048799811192473,1.0048799811192473,0.9965059812765868,0.0364943217325747,0.936361806102092,0.5340465388266658,28006,26139,19604,20911,14514,16256,4354,6502,66478,69808,136286,1.0500917596798942,1.5,-4050.0,-1977.0,-2073.0,-2.88593090867632,0,0,23800.0,23700.0,24000.0,24100.0,137280.73302632914,1390.3905538133677,13.31265001712418,18.37230471429236,1042.7929153600257,15.84247736570827,15.208778271079938,17.109875554964933,17.743574649593263,15.84247736570827,13.941380081823278,15.84247736570827,16.159326913022436,17.743574649593263,-1142.8163174787649,16.620371200350267,15.34345148790458,15.981911344127424,1158.658794844473
2024-11-13 00:00:00+05:30,23822.44921875,23873.599609375,23509.599609375,23559.05078125,304600,0.0,0.0,-263.3984375,-1.1056732037975605,364.0,1.5279705149439695,23883.44921875,-61.0,-0.255406995201142,-1.3582562322921432,23986.269921875,24307.67001953125,24928.77,277075.0,1.099341333573942,0.7717435078241697,263.3984375,51.150390625,49.451171875,23550.0,23500.0,23450.0,23600.0,23650.0,23750.0,23600.0,23650.0,23500.0,23450.0,23350.0,0.9953711725373592,1.0038604789129444,1.0038604789129444,0.9953711725373592,0.0385871753912084,1.099341333573942,0.6791281161460716,35261,32910,24683,26328,18311,20508,5493,8203,83748,87949,171697,1.050162391937718,1.5,35411.0,17270.0,18141.0,25.98285957471787,0,1,23450.0,23350.0,23650.0,23750.0,173022.06045062887,1470.1258062945958,15.20840670811752,16.84499658024409,1102.594354720947,16.026701644180804,15.385633578413572,17.30883777571527,17.9499058414825,16.026701644180804,14.103497446879107,16.026701644180804,16.347235677064422,17.9499058414825,-1209.0781369346491,14.958050931681457,15.891696654543837,15.424873793112647,1225.10483857883
2024-11-14 00:00:00+05:30,23542.150390625,23675.900390625,23484.150390625,23532.69921875,257700,0.0,0.0,-9.451171875,-0.0401457458990817,191.75,0.8144965384146006,23559.05078125,-16.900390625,-0.071736296941346,-0.1118532437689445,23852.93984375,24246.8125,24895.45,277320.0,0.9292514063176114,0.7594428969072333,9.451171875,133.75,48.548828125,23550.0,23500.0,23450.0,23600.0,23650.0,23750.0,23600.0,23650.0,23500.0,23450.0,23350.0,0.9964857741994974,1.0049845867726277,1.0049845867726277,0.9964857741994974,0.0379721448453616,0.9292514063176114,0.0559266218844722,29356,27399,20549,21919,15235,17064,4570,6826,69710,73208,142918,1.0501793143021088,1.5,-28779.0,-14038.0,-14741.0,-16.761504277884878,0,0,23450.0,23350.0,23650.0,23750.0,144003.3805994019,1446.6938689231222,13.601964793221233,8.915565234005221,1085.0204016923417,11.258765013613228,10.808414413068698,12.159466214702288,12.609816815246816,11.258765013613228,9.90771321197964,11.258765013613228,11.483940313885492,12.609816815246816,-1194.3194590889889,11.433306391616279,10.807403350051002,11.12035487083364,1205.578224102602
2024-11-18 00:00:00+05:30,23605.30078125,23606.80078125,23350.400390625,23453.80078125,263300,0.0,0.0,-151.5,-0.6418049971230971,256.400390625,1.0861983628213805,23532.69921875,72.6015625,0.3085135361019432,-0.3352715163126518,23714.06015625,24176.8,24861.6240234375,275940.0,0.9541929404943104,0.742971164614457,151.5,1.5,103.400390625,23450.0,23400.0,23350.0,23500.0,23550.0,23650.0,23500.0,23550.0,23400.0,23350.0,23250.0,0.9955742447794226,1.0041016473042998,1.0041016473042998,0.9955742447794226,0.0371485582307228,0.9541929404943104,0.1676357581563259,29344,27387,20541,21910,15217,17043,4565,6817,69667,73157,142824,1.0500954540887364,1.5,-94.0,-43.0,-51.0,-0.065771981136036,0,0,23350.0,23250.0,23550.0,23650.0,143885.14113614894,1415.3161916605575,12.708287892062211,11.97308802786155,1061.4871437454183,12.34068795996188,11.847060441563404,13.32794299675883,13.821570515157307,12.34068795996188,10.859805404766455,12.34068795996188,12.587501719161118,13.821570515157307,-1167.0894717571693,11.399485511865851,11.906049937176338,11.652767724521095,1179.4301597171311
2024-11-19 00:00:00+05:30,23529.55078125,23780.650390625,23464.80078125,23518.5,297500,0.0,0.0,-11.05078125,-0.046965542830533,315.849609375,1.3423529089500983,23453.80078125,75.75,0.322975370629727,0.2758581406631766,23589.5,24113.67001953125,24834.951015625,278715.0,1.0673985971332722,0.7535374043165125,11.05078125,251.099609375,53.69921875,23500.0,23450.0,23400.0,23550.0,23600.0,23700.0,23550.0,23600.0,23450.0,23400.0,23300.0,0.9949614133554436,1.0034653570593364,1.0034653570593364,0.9949614133554436,0.0376768702158256,1.0673985971332722,0.1379290703315883,33627,31385,23539,25108,17447,19540,5234,7816,79847,83849,163696,1.0501208561373627,1.5,20872.0,10180.0,10692.0,14.613790399372654,0,0,23400.0,23300.0,23600.0,23700.0,164929.51058936998,1435.4442542927673,11.872251372352045,14.659264933131922,1076.5831907195754,13.265758152741984,12.735127826632304,14.327018804961345,14.857649131071025,13.265758152741984,11.673867174412946,13.265758152741984,13.531073315796824,14.857649131071025,-1182.937787091231,13.484690777237986,12.833009777608964,13.158850277423475,1196.203545243973
2024-11-21 00:00:00+05:30,23488.44921875,23507.30078125,23263.150390625,23349.900390625,420300,0.0,0.0,-138.548828125,-0.5898594106178852,244.150390625,1.039448745003154,23518.5,-30.05078125,-0.1277750760039968,-0.7168807933116472,23482.790234375,24057.56005859375,24803.221015625,285755.0,1.470840405242253,0.7257508086339435,138.548828125,18.8515625,86.75,23350.0,23300.0,23250.0,23400.0,23450.0,23550.0,23400.0,23450.0,23300.0,23250.0,23150.0,0.9957215924285008,1.004286939460144,1.004286939460144,0.9957215924285008,0.0362875404316971,1.470840405242253,0.3584403966558236,45755,42705,32028,34164,23708,26553,7112,10621,108603,114043,222646,1.0500906973103874,1.5,58950.0,28756.0,30194.0,36.01187567197732,0,1,23250.0,23150.0,23450.0,23550.0,224261.85514539116,1382.5124304835988,11.52716374574165,11.44656527622275,1036.884322862699,11.4868645109822,11.027389930542912,12.405813671860777,12.865288252300065,11.4868645109822,10.108440769664336,11.4868645109822,11.716601801201843,12.865288252300065,-1140.6068275586836,10.520819607494868,11.206460444583644,10.863640026039256,1152.0936920696658
2024-11-22 00:00:00+05:30,23411.80078125,23956.099609375,23359.0,23907.25,367600,0.0,0.0,495.44921875,2.116237120669481,597.099609375,2.5504215372155565,23349.900390625,61.900390625,0.2650991635486935,2.3869464111237804,23552.430078125,24031.14755859375,24780.5440234375,289905.0,1.2680015867266865,0.93295156278574,495.44921875,48.849609375,52.80078125,23900.0,23850.0,23800.0,23950.0,24000.0,24100.0,23950.0,24000.0,23850.0,23800.0,23700.0,0.9955139131435023,1.003879576279162,1.003879576279162,0.9955139131435023,0.046647578139287,1.2680015867266865,1.1934732055618902,51443,48013,36010,38410,26921,30152,8076,12061,122450,128636,251086,1.0505185790118416,1.5,28440.0,13847.0,14593.0,12.77364066724756,0,0,23800.0,23700.0,24000.0,24100.0,253428.51076093625,1777.217630688094,16.00028318017172,27.67295040365282,1332.9132230160703,21.83661679191227,20.96315212023578,23.583546135265255,24.457010806941746,21.83661679191227,19.2162227768828,21.83661679191227,22.273349127750517,24.457010806941746,-1459.178075448166,21.50081057483125,21.432724449471333,21.466767512151293,1481.0146922400784
2024-11-25 00:00:00+05:30,24253.55078125,24351.55078125,24135.44921875,24221.900390625,687200,0.0,0.0,-31.650390625,-0.1304979667120262,216.1015625,0.8910099986970337,23907.25,346.30078125,1.4485178397766367,1.3161295867362366,23690.2703125,24022.27255859375,24766.613046875,313430.0,2.192515075136394,0.9853799723965574,31.650390625,98.0,86.451171875,24200.0,24150.0,24100.0,24250.0,24300.0,24400.0,24250.0,24300.0,24150.0,24100.0,24000.0,0.9949673481989804,1.0032243386404656,1.0032243386404656,0.9949673481989804,0.0492689986198278,2.192515075136394,0.6580647933681183,101573,94801,71101,75841,53289,59683,15987,23873,241950,254198,496148,1.050622029344906,1.5,245062.0,119500.0,125562.0,97.60082202910556,0,0,24100.0,24000.0,24300.0,24400.0,501036.9430254461,1877.090654782787,16.999815542924367,9.772841352238288,1407.8179910870904,13.386328447581327,12.850875309678074,14.457234723387835,14.992687861291088,13.386328447581327,11.779969033871568,13.386328447581327,13.654055016532954,14.992687861291088,-1550.855883871408,13.60622275397208,12.125403773492026,12.865813263732054,1564.2422123189892
2024-11-26 00:00:00+05:30,24343.30078125,24343.30078125,24125.400390625,24194.5,230700,0.0,0.0,-148.80078125,-0.6112596750421422,217.900390625,0.8951143995757302,24221.900390625,121.400390625,0.5012009324916041,-0.1131223817417925,23838.41015625,24022.95751953125,24742.7250390625,306335.0,0.7530970995805246,0.964581515192818,148.80078125,0.0,69.099609375,24200.0,24150.0,24100.0,24250.0,24300.0,24400.0,24250.0,24300.0,24150.0,24100.0,24000.0,0.9960941536299572,1.0043604951538574,1.0043604951538574,0.9960941536299572,0.0482290757596409,0.7530970995805246,0.0565611908708962,33379,31154,23365,24923,17494,19594,5248,7838,79486,83509,162995,1.050612686510832,1.5,-333153.0,-162464.0,-170689.0,-67.14790747921991,0,0,24100.0,24000.0,24300.0,24400.0,164567.2196406885,1837.4708220840485,14.650095095805204,9.857911908865931,1378.1031165630366,12.254003502335568,11.763843362242145,13.234323782522415,13.724483922615837,12.254003502335568,10.7835230820553,12.254003502335568,12.499083572382279,13.724483922615837,-1518.971681567705,11.440667483356977,12.407278232783359,11.923972858070169,1531.2256850700405
2024-11-27 00:00:00+05:30,24204.80078125,24354.55078125,24145.650390625,24274.900390625,295000,0.0,0.0,70.099609375,0.2896103546090821,208.900390625,0.8630535426130114,24194.5,10.30078125,0.042574887887743,0.3323085437806128,23989.690234375,24019.74501953125,24721.093046875,307155.0,0.960427145903534,0.9558404768297368,70.099609375,79.650390625,59.150390625,24250.0,24200.0,24150.0,24300.0,24350.0,24450.0,24300.0,24350.0,24200.0,24150.0,24050.0,0.9948547516729156,1.0030937144196894,1.0030937144196894,0.9948547516729156,0.0477920238414868,0.960427145903534,0.1661542718903064,42296,39476,29607,31581,22159,24818,6648,9927,100710,105802,206512,1.050561016780856,1.5,43517.0,21224.0,22293.0,26.69836498052087,0,0,24150.0,24050.0,24350.0,24450.0,208485.9252855106,1820.8196602134333,13.955886344727622,9.444604538570884,1365.614745160075,11.700245441649253,11.232235623983282,12.636265076981195,13.104274894647165,11.700245441649253,10.296215988651342,11.700245441649253,11.934250350482237,13.104274894647165,-1505.6494714028786,12.24031388357812,11.459734706515215,11.850024295046667,1517.3497168445278
2024-11-28 00:00:00+05:30,24274.150390625,24345.75,23873.349609375,23914.150390625,366700,0.0,0.0,-360.0,-1.483059115177258,472.400390625,1.946104737026954,24274.900390625,-0.75,-0.0030896110300401,-1.4861029054492936,24102.540234375,23992.11005859375,24691.7010546875,308890.0,1.1871540030431544,1.0014278013219446,360.0,71.599609375,40.80078125,23900.0,23850.0,23800.0,23950.0,24000.0,24100.0,23950.0,24000.0,23850.0,23800.0,23700.0,0.9952266591636996,1.0035899084003692,1.0035899084003692,0.9952266591636996,0.0500713900660972,1.1871540030431544,0.7430514527246468,55084,51411,38559,41129,28921,32391,8676,12956,131240,137887,269127,1.0506476683937824,1.5,62615.0,30530.0,32085.0,30.32027194545596,0,1,23800.0,23700.0,24000.0,24100.0,271822.1125988637,1907.6608211645273,16.573287332379472,21.4827773235811,1430.7456158733953,19.028032327980284,18.26691103486107,20.550274914218708,21.31139620733792,19.028032327980284,16.74466844862265,19.028032327980284,19.40859297453989,21.31139620733792,-1570.689318642459,19.02224961574334,18.95600543983158,18.98912752778746,1589.7173509704394
2024-11-29 00:00:00+05:30,23927.150390625,24188.44921875,23927.150390625,24131.099609375,282100,0.0,0.0,203.94921875,0.8523757130306256,261.298828125,1.0920599564057598,23914.150390625,13.0,0.0543611200383533,0.9072001940535256,24147.31015625,23981.62255859375,24665.95203125,308735.0,0.9137286021992972,1.0214085271972555,203.94921875,57.349609375,0.0,24150.0,24100.0,24050.0,24200.0,24250.0,24350.0,24200.0,24250.0,24100.0,24050.0,23950.0,0.9966392078816212,1.0049272678224248,1.0049272678224248,0.9966392078816212,0.0510704263598627,0.9137286021992972,0.4536000970267628,43221,40340,30255,32272,22714,25440,6814,10176,103004,108228,211232,1.0507164770300184,1.5,-57895.0,-28236.0,-29659.0,-21.512148539537097,1,0,24050.0,23950.0,24250.0,24350.0,213389.5416601693,1945.722923974578,16.470181493630278,11.90806535169414,1459.2921929809334,14.18912342266221,13.62155848575572,15.324253296475188,15.891818233381676,14.18912342266221,12.486428611942744,14.18912342266221,14.472905891115454,15.891818233381676,-1607.2466465561527,15.504997602032802,13.215369726798054,14.360183664415427,1621.435769978815
2024-12-02 00:00:00+05:30,24140.849609375,24301.69921875,24008.650390625,24276.05078125,220400,0.0,0.0,135.201171875,0.5600514234697654,293.048828125,1.213912653725309,24131.099609375,9.75,0.040404292211417,0.6006820004948565,24158.140234375,23985.1576171875,24643.92203125,305405.0,0.721664674776117,1.0232788348723243,135.201171875,25.6484375,132.19921875,24300.0,24250.0,24200.0,24350.0,24400.0,24500.0,24350.0,24400.0,24250.0,24200.0,24100.0,0.9968672506934804,1.005105823013261,1.005105823013261,0.9968672506934804,0.0511639417436162,0.721664674776117,0.3003410002474282,33830,31574,23681,25259,17780,19914,5334,7966,80625,84713,165338,1.0507038759689922,1.5,-45894.0,-22379.0,-23515.0,-21.726821693682773,1,0,24200.0,24100.0,24400.0,24500.0,167029.8687600012,1949.2857496426311,15.299784955903807,13.301190568113011,1461.9643122319735,14.300487762008409,13.728468251528072,15.444526782969083,16.01654629344942,14.300487762008409,12.5844292305674,14.300487762008409,14.586497517248578,16.01654629344942,-1610.1043036068509,15.350993656736215,15.23687352022662,15.293933588481417,1624.4047913688594
2024-12-03 00:00:00+05:30,24367.5,24481.349609375,24280.0,24457.150390625,339500,0.0,0.0,89.650390625,0.3679096773366164,201.349609375,0.826303926849287,24276.05078125,91.44921875,0.3767055011296659,0.7460011144599932,24210.6703125,23992.79765625,24624.7490234375,320440.0,1.059480714018225,1.0327601151752783,89.650390625,24.19921875,87.5,24450.0,24400.0,24350.0,24500.0,24550.0,24650.0,24500.0,24550.0,24400.0,24350.0,24250.0,0.995618852200129,1.003796419774668,1.003796419774668,0.995618852200129,0.0516380057587639,1.059480714018225,0.3730005572299966,52593,49087,36815,39270,27654,30973,8296,12389,125358,131719,257077,1.050742672984572,1.5,91739.0,44733.0,47006.0,55.48573225755724,0,0,24350.0,24250.0,24550.0,24650.0,259731.98872128915,1967.3470286929514,15.737657014106823,9.054467674220016,1475.5102715197136,12.396062344163418,11.900219850396882,13.387747331696493,13.88358982546303,12.396062344163418,10.908534862863808,12.396062344163418,12.643983591046688,13.88358982546303,-1627.0597948999628,12.336750612650755,11.391848431036914,11.864299521843835,1639.4558572441263
2024-12-04 00:00:00+05:30,24488.75,24573.19921875,24366.30078125,24467.44921875,348000,0.0,0.0,-21.30078125,-0.0869819049563575,206.8984375,0.8448713695064061,24457.150390625,31.599609375,0.12920397049655,0.0421096814653854,24249.180078125,24016.40263671875,24598.2790234375,323565.0,1.075518056650132,0.98592127903892,21.30078125,84.44921875,101.1484375,24450.0,24400.0,24350.0,24500.0,24550.0,24650.0,24500.0,24550.0,24400.0,24350.0,24250.0,0.995199776744198,1.0033739022205364,1.0033739022205364,0.995199776744198,0.0492960639519459,1.075518056650132,0.0210548407326927,51465,48034,36026,38427,27001,30241,8100,12096,122592,128798,251390,1.0506232054293918,1.5,-5687.0,-2766.0,-2921.0,-2.212177674393275,1,0,24350.0,24250.0,24550.0,24650.0,253868.50750337596,1878.1218119690645,14.054335974961447,9.27012628541176,1408.5913589767986,11.662231130186603,11.195741884979139,12.595209620601532,13.061698865808996,11.662231130186603,10.26276339456421,11.662231130186603,11.895475752790336,13.061698865808996,-1553.4392788440339,13.043098795512012,11.212549077910202,12.127823936711106,1565.1015099742206
2024-12-05 00:00:00+05:30,24539.150390625,24857.75,24295.55078125,24708.400390625,361500,0.0,0.0,169.25,0.6897141804251735,562.19921875,2.2910296803298618,24467.44921875,71.701171875,0.2930471878533772,0.9847825562885104,24408.030078125,24041.1576171875,24573.666015625,327165.0,1.104947045069002,0.9893551133568108,169.25,149.349609375,243.599609375,24700.0,24650.0,24600.0,24750.0,24800.0,24900.0,24750.0,24800.0,24650.0,24600.0,24500.0,0.9956128122860544,1.003707225394071,1.003707225394071,0.9956128122860544,0.0494677556678405,1.104947045069002,0.4923912781442552,53648,50071,37554,40057,28151,31529,8445,12612,127798,134269,262067,1.0506345952205824,1.5,10677.0,5206.0,5471.0,4.247185647798242,0,0,24600.0,24500.0,24800.0,24900.0,264659.7732649208,1884.663063556012,15.102883637777678,25.080828007345275,1413.497297667009,20.091855822561477,19.28818158965902,21.699204288366396,22.50287852126886,20.091855822561477,17.6808331238541,20.091855822561477,20.493692939012707,22.50287852126886,-1550.4606971407818,21.203169948119108,21.118777927750813,21.160973937934962,1570.5525529633433
2024-12-06 00:00:00+05:30,24729.44921875,24751.05078125,24620.5,24677.80078125,226700,0.0,0.0,-51.6484375,-0.2088539742358672,130.55078125,0.5279162511675177,24708.400390625,21.048828125,0.0851889551416953,-0.123842939612595,24517.3703125,24050.8451171875,24548.4140234375,320945.0,0.7063515555624795,0.9610454202210748,51.6484375,21.6015625,57.30078125,24700.0,24650.0,24600.0,24750.0,24800.0,24900.0,24750.0,24800.0,24650.0,24600.0,24500.0,0.9968473373320562,1.0049517872290648,1.0049517872290648,0.9968473373320562,0.0480522710110537,0.7063515555624795,0.0619214698062975,32680,30502,22876,24402,17125,19181,5138,7672,77819,81757,159576,1.05060460812912,1.5,-102491.0,-49979.0,-52512.0,-39.10870120999592,0,0,24600.0,24500.0,24800.0,24900.0,161109.597839772,1830.7347699906209,13.358944578498658,5.798145356879638,1373.0510774929658,9.578544967689147,9.195403168981581,10.34482856510428,10.727970363811846,9.578544967689147,8.42911957156645,9.578544967689147,9.77011586704293,10.727970363811846,-1516.0337633578283,9.673093403545005,10.13702387691963,9.905058640232317,1525.6123083255175
2024-12-09 00:00:00+05:30,24633.900390625,24705.0,24580.05078125,24619.0,248100,0.0,0.0,-14.900390625,-0.0604873381345273,124.94921875,0.5072246650698982,24677.80078125,-43.900390625,-0.177894258139709,-0.2382739927727972,24585.96015625,24071.82763671875,24520.711015625,317240.0,0.7820577480771655,0.9213693887982788,14.900390625,71.099609375,38.94921875,24600.0,24550.0,24500.0,24650.0,24700.0,24800.0,24650.0,24700.0,24550.0,24500.0,24400.0,0.995166334944555,1.003290141760429,1.003290141760429,0.995166334944555,0.0460684694399139,0.7820577480771655,0.1191369963863986,34289,32003,24002,25602,17934,20086,5380,8034,81605,85725,167330,1.050487102505974,1.5,7754.0,3786.0,3968.0,4.859126685717151,0,1,24500.0,24400.0,24700.0,24800.0,168871.72739827615,1755.1542732392352,10.601307829138989,5.559102059840894,1316.3657049294263,8.080204944489942,7.756996746710344,8.726621340049139,9.049829537828737,8.080204944489942,7.11058035115115,8.080204944489942,8.24180904337974,9.049829537828737,-1454.548356088206,9.02607540237655,8.19277259540427,8.60942399889041,1462.6285610326959
2024-12-10 00:00:00+05:30,24652.650390625,24677.80078125,24510.650390625,24610.05078125,261000,0.0,0.0,-42.599609375,-0.1727993083907925,167.150390625,0.6780219894270053,24619.0,33.650390625,0.1366846363580974,-0.0363508621390007,24616.540234375,24094.92021484375,24488.591015625,315355.0,0.8276386929016505,0.9191847433898376,42.599609375,25.150390625,99.400390625,24600.0,24550.0,24500.0,24650.0,24700.0,24800.0,24650.0,24700.0,24550.0,24500.0,24400.0,0.9955282180346476,1.0036549789981957,1.0036549789981957,0.9955282180346476,0.0459592371694918,0.8276386929016505,0.0181754310695003,35986,33587,25190,26870,18820,21078,5646,8431,85642,89966,175608,1.050489245930735,1.5,8278.0,4037.0,4241.0,4.947110500209168,0,1,24500.0,24400.0,24700.0,24800.0,177222.16194417202,1750.992652752647,8.518976723684398,7.451287146339891,1313.2444895644853,8.0,7.68,8.64,8.96,8.0,7.04,8.0,8.16,8.96,-1451.1605439605394,7.585736086464748,7.7228119516435285,7.654274019054139,1459.1605439605394
2024-12-11 00:00:00+05:30,24620.5,24691.75,24583.849609375,24641.80078125,187300,0.0,0.0,21.30078125,0.0865164446294754,107.900390625,0.438254262200199,24610.05078125,10.44921875,0.0424591515185376,0.1290123302963186,24651.410546875,24119.94521484375,24457.848046875,311050.0,0.6021539945346407,0.9187110394886784,21.30078125,49.94921875,36.650390625,24650.0,24600.0,24550.0,24700.0,24750.0,24850.0,24700.0,24750.0,24600.0,24550.0,24450.0,0.9962745912092654,1.0043908811580171,1.0043908811580171,0.9962745912092654,0.0459355519744339,0.6021539945346407,0.0645061651481593,25811,24090,18068,19272,13498,15118,4049,6047,61426,64527,125953,1.0504835086119884,1.5,-49655.0,-24216.0,-25439.0,-28.27604664935538,1,0,24550.0,24450.0,24750.0,24850.0,127110.14411556718,1750.0902747960122,7.9523965147953835,4.801502657895821,1312.5677060970092,8.0,7.68,8.64,8.96,8.0,7.04,8.0,8.16,8.96,-1450.4085623300102,8.678113481884788,8.296037038799103,8.487075260341946,1458.4085623300102
2024-12-12 00:00:00+05:30,24604.44921875,24675.25,24527.94921875,24548.69921875,266100,0.0,0.0,-55.75,-0.2265850355126637,147.30078125,0.5986753856605267,24641.80078125,-37.3515625,-0.1515780556444595,-0.3778196379659149,24619.4703125,24153.20771484375,24432.6050390625,311565.0,0.8540753935775841,0.8845884076526817,55.75,70.80078125,20.75,24550.0,24500.0,24450.0,24600.0,24650.0,24750.0,24600.0,24650.0,24500.0,24450.0,24350.0,0.9959794521953892,1.004126523378991,1.004126523378991,0.9959794521953892,0.044229420382634,0.8540753935775841,0.1889098189829574,35308,32954,24716,26363,18435,20647,5530,8259,83989,88223,172212,1.0504113633928251,1.5,46259.0,22563.0,23696.0,36.727191889037975,0,1,24450.0,24350.0,24650.0,24750.0,173735.36738858683,1685.088676295727,7.909598044695498,6.564450626010398,1263.8165072217953,8.0,7.68,8.64,8.96,8.0,7.04,8.0,8.16,8.96,-1396.2405635797727,8.00355738373372,8.021745539442652,8.012651461588185,1404.2405635797727
2024-12-13 00:00:00+05:30,24498.349609375,24792.30078125,24180.80078125,24768.30078125,310100,0.0,0.0,269.951171875,1.1019157460782394,611.5,2.4960865109296666,24548.69921875,-50.349609375,-0.2051009258223489,0.8945547808588916,24637.5703125,24213.67021484375,24412.033046875,311840.0,0.9944202154951256,0.8250365390736623,269.951171875,24.0,317.548828125,24750.0,24700.0,24650.0,24800.0,24850.0,24950.0,24800.0,24850.0,24700.0,24650.0,24550.0,0.99522370217098,1.0032985395111096,1.0032985395111096,0.99522370217098,0.0412518269536831,0.9944202154951256,0.4472773904294458,38377,35818,26864,28654,19980,22377,5994,8951,91215,95800,187015,1.0502658553965905,1.5,14803.0,7226.0,7577.0,8.595800524934383,0,0,24650.0,24550.0,24850.0,24950.0,188557.9420835486,1571.6458835498408,8.225369455773599,27.38084230315988,1178.7344126623805,17.80310587946674,17.09098164428807,19.227354349824083,19.939478585002753,17.80310587946674,15.666733173930732,17.80310587946674,18.159167997056077,19.939478585002753,-1291.9017970787338,17.293812967767135,18.00106654832791,17.647439758047522,1309.7049029582006
2024-12-16 00:00:00+05:30,24753.400390625,24781.25,24601.75,24668.25,187600,0.0,0.0,-85.150390625,-0.3439947210535547,179.5,0.7251528968439548,24768.30078125,-14.900390625,-0.0601591153006339,-0.4039468921733236,24647.4203125,24270.44775390625,24400.3960546875,308335.0,0.6084291436262507,0.83438238201199,85.150390625,27.849609375,66.5,24650.0,24600.0,24550.0,24700.0,24750.0,24850.0,24700.0,24750.0,24600.0,24550.0,24450.0,0.9952063887790986,1.0033139764677268,1.0033139764677268,0.9952063887790986,0.0417191191005995,0.6084291436262507,0.2019734460866618,23480,21914,16436,17531,12230,13697,3669,5479,55815,58621,114436,1.0502732240437158,1.5,-72579.0,-35400.0,-37179.0,-38.80918642889608,0,0,24550.0,24450.0,24750.0,24850.0,115390.83382267924,1589.4491624189413,7.715077122419115,7.970292801028016,1192.0868718142062,8.0,7.68,8.64,8.96,8.0,7.04,8.0,8.16,8.96,-1316.5409686824512,7.703169184079208,7.97312025305035,7.838144718564779,1324.5409686824512
2024-12-17 00:00:00+05:30,24584.80078125,24624.099609375,24303.44921875,24336.0,264900,0.0,0.0,-248.80078125,-1.0120105648354571,320.650390625,1.3042627169448096,24668.25,-83.44921875,-0.3382859292815663,-1.3468730047733413,24592.61015625,24314.55771484375,24386.8240625,308415.0,0.8589076406789553,0.8991845930358366,248.80078125,39.298828125,32.55078125,24350.0,24300.0,24250.0,24400.0,24450.0,24550.0,24400.0,24450.0,24300.0,24250.0,24150.0,0.99646614069691,1.0046844181459569,1.0046844181459569,0.99646614069691,0.0449592296517918,0.8589076406789553,0.6734365023866706,35729,33347,25010,26678,18668,20908,5600,8363,85007,89296,174303,1.0504546684390696,1.5,59867.0,29192.0,30675.0,52.31483099723862,0,1,24250.0,24150.0,24450.0,24550.0,175870.30572119926,1712.8935474578245,10.045485674750294,14.370434919108826,1284.6701605933686,12.20796029692956,11.719641885052377,13.184597120683925,13.672915532561108,12.20796029692956,10.743005061298012,12.20796029692956,12.452119502868152,13.672915532561108,-1415.2033292512576,12.708734999743912,12.43209752859148,12.570416264167697,1427.4112895481871
2024-12-18 00:00:00+05:30,24297.94921875,24394.44921875,24149.849609375,24198.849609375,235300,0.0,0.0,-99.099609375,-0.4078517428891809,244.599609375,1.0066677116365434,24336.0,-38.05078125,-0.1563559387327416,-0.5635699812006956,24504.019921875,24348.5751953125,24374.8860546875,305305.0,0.7707047051309346,0.9143611705649118,99.099609375,96.5,49.0,24200.0,24150.0,24100.0,24250.0,24300.0,24400.0,24250.0,24300.0,24150.0,24100.0,24000.0,0.9959151112151752,1.004179966909907,1.004179966909907,0.9959151112151752,0.0457180585282455,0.7707047051309346,0.2817849906003478,32272,30121,22590,24097,16874,18899,5062,7560,76798,80677,157475,1.0505091278418708,1.5,-16828.0,-8209.0,-8619.0,-9.654452304320635,0,0,24100.0,24000.0,24300.0,24400.0,158914.8902533471,1741.8040313822416,9.931877807217198,11.048582990697962,1306.3530235366813,10.49023039895758,10.070621182999277,11.329448830874187,11.749058046832491,10.49023039895758,9.23140275108267,10.49023039895758,10.700035006936732,11.749058046832491,-1441.013129086244,10.486672847099593,11.02261714777124,10.754644997435417,1451.5033594852016
2024-12-19 00:00:00+05:30,23877.150390625,24004.900390625,23870.30078125,23951.69921875,271100,0.0,0.0,74.548828125,0.3122182794236219,134.599609375,0.5637172240949175,24198.849609375,-321.69921875,-1.3293988100383454,-1.0213311567061067,24384.619921875,24378.66513671875,24353.65703125,297845.0,0.9102049723849652,0.9318608715326908,74.548828125,53.201171875,6.849609375,23950.0,23900.0,23850.0,24000.0,24050.0,24150.0,24000.0,24050.0,23900.0,23850.0,23750.0,0.9957539873133348,1.0041041255717276,1.0041041255717276,0.9957539873133348,0.0465930435766345,0.9102049723849652,0.5106655783530534,37894,35368,26526,28294,19830,22210,5949,8884,90199,94756,184955,1.050521624408253,1.5,27480.0,13401.0,14079.0,17.450388950627083,0,1,23850.0,23750.0,24050.0,24150.0,186678.5232749433,1775.1399282629343,11.678291945622856,6.16481022682671,1331.3549461972007,8.921551086224783,8.564689042775791,9.635275173122766,9.992137216571757,8.921551086224783,7.850964955877809,8.921551086224783,9.099982107949279,9.992137216571757,-1470.3617224662205,9.427831589672113,8.945574239729446,9.18670291470078,1479.2832735524453
2024-12-20 00:00:00+05:30,23960.69921875,24065.80078125,23537.349609375,23587.5,442700,0.0,0.0,-373.19921875,-1.5575472791627043,528.451171875,2.2054914468500586,23951.69921875,9.0,0.0375756221627673,-1.520556915080562,24148.459765625,24362.67763671875,24325.768046875,301600.0,1.4678381962864722,0.8390836082838055,373.19921875,105.1015625,50.150390625,23600.0,23550.0,23500.0,23650.0,23700.0,23800.0,23650.0,23700.0,23550.0,23500.0,23400.0,0.996290408055114,1.0047694753577106,1.0047694753577106,0.996290408055114,0.0419541804141902,1.4678381962864722,0.760278457540281,55719,52005,39003,41604,29028,32512,8708,13005,132458,139126,271584,1.050340485285902,1.5,86629.0,42259.0,44370.0,46.83787948419886,0,1,23500.0,23400.0,23700.0,23800.0,273862.8168267215,1598.4047208309737,13.754003645243824,24.3429042784095,1198.8035406232302,19.04845396182666,18.28651580335359,20.572330278772792,21.33426843724586,19.04845396182666,16.762639486407462,19.04845396182666,19.429423041063192,21.33426843724586,-1312.9554800639849,17.70068820117706,19.16066954209519,18.430678871636125,1332.0039340258115
2024-12-23 00:00:00+05:30,23738.19921875,23869.55078125,23647.19921875,23753.44921875,189800,0.0,0.0,15.25,0.064242446781534,222.3515625,0.9366825193899798,23587.5,150.69921875,0.6388944091149974,0.7035472972972912,23965.499609375,24339.255078125,24300.868046875,276730.0,0.6858670906659922,0.7961365166385876,15.25,116.1015625,91.0,23750.0,23700.0,23650.0,23800.0,23850.0,23950.0,23800.0,23850.0,23700.0,23650.0,23550.0,0.9956448759168692,1.004064705734348,1.004064705734348,0.9956448759168692,0.0398068258319293,0.6858670906659922,0.3517736486486456,22666,21155,15866,16924,11784,13198,3535,5279,53851,56556,110407,1.0502311934783013,1.5,-161177.0,-78607.0,-82570.0,-59.34701602450807,1,0,23650.0,23550.0,23850.0,23950.0,111285.99044392515,1516.5930475317164,14.214874980856369,10.260818539279198,1137.4447856487875,12.237846760067782,11.74833288966507,13.216874500873205,13.706388371275917,12.237846760067782,10.76930514885965,12.237846760067782,12.482603695269137,13.706388371275917,-1251.589692849696,11.057157404139248,13.110925801019416,12.084041602579333,1263.8275396097638
2024-12-24 00:00:00+05:30,23769.099609375,23867.650390625,23685.150390625,23727.650390625,177700,0.0,0.0,-41.44921875,-0.1743827887096388,182.5,0.7678035895310835,23753.44921875,15.650390625,0.0658868128197829,-0.1086108711514377,23843.8296875,24315.91259765625,24276.1360546875,274080.0,0.6483508464681844,0.7961316253771982,41.44921875,98.55078125,42.5,23750.0,23700.0,23650.0,23800.0,23850.0,23950.0,23800.0,23850.0,23700.0,23650.0,23550.0,0.9967274302618822,1.0051564148729764,1.0051564148729764,0.9967274302618822,0.0398065812688599,0.6483508464681844,0.0543054355757188,21221,19806,14855,15845,11033,12357,3310,4943,50419,52951,103370,1.050219163410619,1.5,-7037.0,-3432.0,-3605.0,-6.373690073998932,0,0,23650.0,23550.0,23850.0,23950.0,104192.9612611524,1516.583729967628,12.940431029947257,8.415390628636015,1137.437797475721,10.677910829291637,10.250794396119971,11.532143695634968,11.959260128806635,10.677910829291637,9.39656152977664,10.677910829291637,10.89146904587747,11.959260128806635,-1253.1418641437317,9.85587218175376,10.893209551388633,10.374540866571197,1263.8197749730234
2024-12-26 00:00:00+05:30,23775.80078125,23854.5,23653.599609375,23750.19921875,177700,0.0,0.0,-25.6015625,-0.1076790756094735,200.900390625,0.8449784403620738,23727.650390625,48.150390625,0.2029294507981482,0.0950318626319113,23754.099609375,24289.6775390625,24248.5810546875,268215.0,0.6625281956639263,0.7911915326517515,25.6015625,78.69921875,96.599609375,23750.0,23700.0,23650.0,23800.0,23850.0,23950.0,23800.0,23850.0,23700.0,23650.0,23550.0,0.9957811209149396,1.004202102909992,1.004202102909992,0.9957811209149396,0.0395595766325875,0.6625281956639263,0.0475159313159556,21089,19683,14762,15746,10962,12277,3289,4911,50102,52617,102719,1.0501975969023192,1.5,-651.0,-317.0,-334.0,-0.6297765309083874,1,0,23650.0,23550.0,23850.0,23950.0,103531.70403042456,1507.1731450679335,11.93058089625793,9.272590736459792,1130.3798588009504,10.60158581635886,10.177522383704504,11.449712681667569,11.873776114321924,10.60158581635886,9.329395518395797,10.60158581635886,10.813617532686036,11.873776114321924,-1245.3760350735856,10.186438075879808,11.134679055469261,10.660558565674535,1255.9776208899445
2024-12-27 00:00:00+05:30,23801.400390625,23938.849609375,23800.599609375,23813.400390625,176800,0.0,0.0,12.0,0.050417201522002,138.25,0.5808481758680658,23750.19921875,51.201171875,0.2155820732424777,0.2661079652128029,23726.43984375,24284.6400390625,24223.7020703125,258720.0,0.6833642547928263,0.7245589745673836,12.0,125.44921875,0.80078125,23800.0,23750.0,23700.0,23850.0,23900.0,24000.0,23850.0,23900.0,23750.0,23700.0,23600.0,0.995237958932163,1.0036365914969914,1.0036365914969914,0.995237958932163,0.0362279487283691,0.6833642547928263,0.1330539826064014,19215,17934,13450,14347,9956,11150,2987,4460,45608,47891,93499,1.0500570075425364,1.5,-9220.0,-4494.0,-4726.0,-8.975944080452496,1,0,23700.0,23600.0,23900.0,24000.0,94176.45539563076,1380.242056971795,11.39153198608629,6.3500088433944,1035.1815427288464,8.870770414740345,8.515939598150732,9.580432047919574,9.935262864509188,8.870770414740345,7.806277964971504,8.870770414740345,9.048185823035153,9.935262864509188,-1141.3309437284222,8.55151319943789,8.365315644807128,8.458414422122509,1150.2017141431625
2024-12-30 00:00:00+05:30,23796.900390625,23915.349609375,23599.30078125,23644.900390625,364900,0.0,0.0,-152.0,-0.6387386487522625,316.048828125,1.3281092198440694,23813.400390625,-16.5,-0.0692887186598341,-0.7075847935867907,23737.919921875,24260.330078125,24197.1740625,262860.0,1.3881914327018186,0.7056882535110635,152.0,118.44921875,45.599609375,23650.0,23600.0,23550.0,23700.0,23750.0,23850.0,23700.0,23750.0,23600.0,23550.0,23450.0,0.9959864330550268,1.004444916562925,1.004444916562925,0.9959864330550268,0.0352844126755531,1.3881914327018186,0.3537923967933953,38626,36051,27038,28841,19994,22394,5998,8958,91656,96244,187900,1.0500567338744873,1.5,94401.0,46048.0,48353.0,100.96471620017329,0,1,23550.0,23450.0,23750.0,23850.0,189225.9882283473,1344.2944477894396,11.86211440281095,14.58540293988031,1008.2208358420799,13.223758671345632,12.694808324491806,14.281659365053283,14.810609711907109,13.223758671345632,11.636907630784156,13.223758671345632,13.488233844772545,14.810609711907109,-1107.0216144865208,12.5263737404127,12.616554821733011,12.571464281072856,1120.2453731578664
2024-12-31 00:00:00+05:30,23560.599609375,23689.849609375,23460.44921875,23644.80078125,193600,0.0,0.0,84.201171875,0.3573812775184868,229.400390625,0.9736610885476754,23644.900390625,-84.30078125,-0.3565283839530342,-0.0004212721278373,23716.190234375,24228.767578125,24175.0730859375,261520.0,0.7402875497093913,0.6868540895409236,84.201171875,45.048828125,100.150390625,23650.0,23600.0,23550.0,23700.0,23750.0,23850.0,23700.0,23750.0,23600.0,23550.0,23450.0,0.995990628885942,1.004449148027224,1.004449148027224,0.995990628885942,0.0343427044770461,0.7402875497093913,0.0002106360639186,19946,18616,13962,14893,10315,11553,3094,4621,47317,49683,97000,1.050003170107995,1.5,-90900.0,-44339.0,-46561.0,-48.376796168174565,0,0,23550.0,23450.0,23750.0,23850.0,97666.2484668547,1308.4164776973416,9.938761212506554,10.668380835206289,981.3123582730062,10.30357102385642,9.891428182902164,11.127856705764936,11.539999546719192,10.30357102385642,9.06714250099365,10.30357102385642,10.509642444333549,11.539999546719192,-1080.0434937239283,9.935287107286106,10.893661934166419,10.414474520726262,1090.3470647477848
2025-01-01 00:00:00+05:30,23637.650390625,23822.80078125,23562.80078125,23742.900390625,154900,0.0,0.0,105.25,0.4452642215308486,260.0,1.0999401196961582,23644.80078125,-7.150390625,-0.0302408579846025,0.4148887118253563,23719.240234375,24193.055078125,24152.850078125,252290.0,0.6139759800229894,0.668385424403557,105.25,79.900390625,74.849609375,23750.0,23700.0,23650.0,23800.0,23850.0,23950.0,23800.0,23850.0,23700.0,23650.0,23550.0,0.9960872349588056,1.0045108056561316,1.0045108056561316,0.9960872349588056,0.0334192712201778,0.6139759800229894,0.2074443559126781,15530,14495,10871,11596,8025,8988,2408,3595,36834,38674,75508,1.0499538469891947,1.5,-21492.0,-10483.0,-11009.0,-22.156701030927834,1,0,23650.0,23550.0,23850.0,23950.0,76012.68446625864,1273.234761296765,9.742266493297032,12.031414472977398,954.9260709725738,10.886840483137215,10.451366863811726,11.757787721788192,12.193261341113683,10.886840483137215,9.580419625160749,10.886840483137215,11.10457729279996,12.193261341113683,-1050.1421272641671,10.565399564118195,11.077178955813082,10.821289259965639,1061.0289677473043
2025-01-02 00:00:00+05:30,23783.0,24226.69921875,23751.55078125,24188.650390625,283200,0.0,0.0,405.650390625,1.7056317143547912,475.1484375,1.997849041332044,23742.900390625,40.099609375,0.1688909472527355,1.8774033191665485,23806.93046875,24179.11513671875,24141.00109375,249050.0,1.1371210600281068,0.8071472347396462,405.650390625,38.048828125,31.44921875,24200.0,24150.0,24100.0,24250.0,24300.0,24400.0,24250.0,24300.0,24150.0,24100.0,24000.0,0.9963350418814868,1.0046033824780136,1.0046033824780136,0.9963350418814868,0.0403573617369823,1.1371210600281068,0.9387016595832742,34288,32002,24002,25602,17836,19976,5351,7990,81477,85570,167047,1.0502350356542338,1.5,91539.0,44643.0,46896.0,121.23086295491868,0,0,24100.0,24000.0,24300.0,24400.0,168395.31524121555,1537.5678152648961,12.633657610187274,21.716232434244887,1153.175861448672,17.17494502221608,16.487947221327435,18.548940623993367,19.23593842488201,17.17494502221608,15.11395161955015,17.17494502221608,17.5184439226604,19.23593842488201,-1264.1315676985307,16.23678948431579,16.423856252993644,16.33032286865472,1281.3065127207467
2025-01-03 00:00:00+05:30,24196.400390625,24196.44921875,23976.0,24004.75,312300,0.0,0.0,-191.650390625,-0.7920615774702412,220.44921875,0.9110827031751962,24188.650390625,7.75,0.0320398198115415,-0.7602755327609123,23845.200390625,24143.9326171875,24131.6541015625,246590.0,1.266474715114157,0.7828782454655924,191.650390625,0.048828125,28.75,24000.0,23950.0,23900.0,24050.0,24100.0,24200.0,24050.0,24100.0,23950.0,23900.0,23800.0,0.99563628031952,1.0039679646736583,1.0039679646736583,0.99563628031952,0.0391439122732796,1.266474715114157,0.3801377663804561,36674,34229,25672,27383,19055,21341,5716,8536,87117,91489,178606,1.0501853828759025,1.5,11559.0,5640.0,5919.0,6.919609451232287,0,1,23900.0,23800.0,24100.0,24200.0,180004.26751909626,1491.336823928067,12.9616134594819,10.034558019973888,1118.5026179460503,11.498085739727895,11.038162310138778,12.417932598906127,12.877856028495243,11.498085739727895,10.118315450960548,11.498085739727895,11.728047454522454,12.877856028495243,-1231.2826008669947,11.450503059951771,11.17649160516522,11.313497332558494,1242.7806866067226
2025-01-06 00:00:00+05:30,24045.80078125,24089.94921875,23551.900390625,23616.05078125,278100,0.0,0.0,-429.75,-1.7872143411214765,538.048828125,2.237599957762896,24004.75,41.05078125,0.1710110759328882,-1.6192595996625705,23839.43046875,24090.8451171875,24115.2651171875,249160.0,1.1161502648900306,0.8496711275213912,429.75,44.1484375,64.150390625,23600.0,23550.0,23500.0,23650.0,23700.0,23800.0,23650.0,23700.0,23550.0,23500.0,23400.0,0.9950859361573638,1.0035547526352988,1.0035547526352988,0.9950859361573638,0.0424835563760695,1.1161502648900306,0.8096297998312851,35444,33081,24811,26465,18475,20692,5542,8277,84272,88515,172787,1.050348870324663,1.5,-5819.0,-2845.0,-2974.0,-3.2580092494093145,0,0,23500.0,23400.0,23700.0,23800.0,174255.1212511104,1618.5733197216837,15.146428277261345,24.764919543494944,1213.9299897912629,19.955673910378145,19.157446953963017,21.552127823208398,22.350354779623526,19.955673910378145,17.560993041132768,19.955673910378145,20.35478738858571,22.350354779623526,-1328.8554258576917,21.349780041485467,19.16218196089492,20.255981001190193,1348.8110997680699
2025-01-07 00:00:00+05:30,23679.900390625,23795.19921875,23637.80078125,23707.900390625,262300,0.0,0.0,28.0,0.1182437406328168,157.3984375,0.6646921435628795,23616.05078125,63.849609375,0.2703653119923568,0.3889287426834364,23852.050390625,24045.29013671875,24101.4351171875,249870.0,1.0497458678512828,0.8603219847679703,28.0,87.298828125,42.099609375,23700.0,23650.0,23600.0,23750.0,23800.0,23900.0,23750.0,23800.0,23650.0,23600.0,23500.0,0.99544875805756,1.0038847644817768,1.0038847644817768,0.99544875805756,0.0430160992383985,1.0497458678512828,0.1944643713417182,33849,31593,23694,25274,17653,19771,5296,7908,80492,84546,165038,1.0503652536898076,1.5,-7749.0,-3780.0,-3969.0,-4.484712391557235,1,0,23600.0,23500.0,23800.0,23900.0,166457.85819722136,1638.8625737790346,13.391839742234588,7.276236351832385,1229.146930334276,10.334038047033486,9.920676525152146,11.160761090796166,11.574122612677506,10.334038047033486,9.093953481389468,10.334038047033486,10.540718807974155,11.574122612677506,-1355.3847734354954,9.515374825240903,10.33193385795973,9.923654341600315,1365.718811482529
2025-01-08 00:00:00+05:30,23746.650390625,23751.849609375,23496.150390625,23688.94921875,266400,0.0,0.0,-57.701171875,-0.242986572530583,255.69921875,1.0767801544378997,23707.900390625,38.75,0.1634476244691968,-0.079936103841971,23841.26015625,23999.23505859375,24091.5980859375,250140.0,1.0650035979851282,0.8599811452335885,57.701171875,5.19921875,192.798828125,23700.0,23650.0,23600.0,23750.0,23800.0,23900.0,23750.0,23800.0,23650.0,23600.0,23500.0,0.9962451175892768,1.004687872823084,1.004687872823084,0.9962451175892768,0.0429990572616794,1.0650035979851282,0.0399680519209855,34365,32074,24056,25659,17921,20072,5376,8029,81718,85834,167552,1.0503683399006338,1.5,2514.0,1226.0,1288.0,1.5232855463590202,0,1,23600.0,23500.0,23800.0,23900.0,168992.91560846177,1638.2132945946682,11.70526765201342,11.86685379397695,1228.6599709460013,11.786060722995185,11.314618294075377,12.7289455808348,13.200388009754608,11.786060722995185,10.371733436235763,11.786060722995185,12.021781937455088,13.200388009754608,-1353.3916847725618,10.122579291398806,12.089022201844472,11.10580074662164,1365.177745495557
2025-01-09 00:00:00+05:30,23674.75,23689.5,23503.05078125,23526.5,269200,0.0,0.0,-148.25,-0.6261945743883252,186.44921875,0.7875446150434534,23688.94921875,-14.19921875,-0.0599402642087695,-0.6857594959147506,23708.830078125,23943.47001953125,24075.345078125,254235.0,1.0588628630991013,0.8635127313973477,148.25,14.75,23.44921875,23550.0,23500.0,23450.0,23600.0,23650.0,23750.0,23600.0,23650.0,23500.0,23450.0,23350.0,0.9967483476080164,1.005249399613202,1.005249399613202,0.9967483476080164,0.0431756365698673,1.0588628630991013,0.3428797479573753,34869,32544,24408,26035,18187,20369,5456,8148,82920,87096,170016,1.0503617945007235,1.5,2464.0,1202.0,1262.0,1.4705882352941175,0,1,23450.0,23350.0,23650.0,23750.0,171484.10980541253,1644.940757675159,12.32712069321006,8.66312849337778,1233.7055682563691,10.49512459329392,10.075319609562163,11.334734560757434,11.754539544489191,10.49512459329392,9.23570964209865,10.49512459329392,10.705027085159799,11.754539544489191,-1360.288840136005,10.907571279821022,10.838682799383887,10.873127039602455,1370.783964729299
2025-01-10 00:00:00+05:30,23551.900390625,23596.599609375,23344.349609375,23431.5,261000,0.0,0.0,-120.400390625,-0.5112130597874226,252.25,1.0710388368507615,23526.5,25.400390625,0.1079650208275774,-0.4037999702463213,23594.180078125,23887.61005859375,24054.6380859375,253980.0,1.0276399716513112,0.8637698341563205,120.400390625,44.69921875,87.150390625,23450.0,23400.0,23350.0,23500.0,23550.0,23650.0,23500.0,23550.0,23400.0,23350.0,23250.0,0.9965217762413844,1.0050572946674348,1.0050572946674348,0.9965217762413844,0.043188491707816,1.0276399716513112,0.2018999851231606,33817,31562,23672,25250,17639,19755,5292,7902,80420,84469,164889,1.0503481720964931,1.5,-5127.0,-2500.0,-2627.0,-3.01559853190288,0,0,23350.0,23250.0,23550.0,23650.0,166313.261441842,1645.4305232475328,12.148474455113227,11.783352454655416,1234.0728924356495,11.965913454884323,11.48727691668895,12.92318653127507,13.401823069470442,11.965913454884323,10.530003840298203,11.965913454884323,12.20523172398201,13.401823069470442,-1359.2261892513932,13.37024958671428,12.026171465075091,12.698210525894686,1371.1921027062774
2025-01-13 00:00:00+05:30,23195.400390625,23340.94921875,23047.25,23085.94921875,316500,0.0,0.0,-109.451171875,-0.4718658442267607,293.69921875,1.266195943178053,23431.5,-236.099609375,-1.0076162831018074,-1.4747275302477436,23488.159765625,23803.49248046875,24029.540078125,254300.0,1.2445930003932364,0.8640269366396298,109.451171875,145.548828125,38.69921875,23100.0,23050.0,23000.0,23150.0,23200.0,23300.0,23150.0,23200.0,23050.0,23000.0,22900.0,0.9962769900455212,1.00494026821983,1.00494026821983,0.9962769900455212,0.0432013468319814,1.2445930003932364,0.7373637651238718,41020,38285,28714,30628,21396,23963,6419,9585,97549,102461,200010,1.0503541809757149,1.5,35121.0,17129.0,17992.0,21.29978349071193,0,1,23000.0,22900.0,23200.0,23300.0,201738.14027597287,1645.9202882947843,14.696200809549618,13.883100291303954,1234.4402162210881,14.289650550426785,13.718064528409712,15.432822594460928,16.004408616478,14.289650550426785,12.574892484375571,14.289650550426785,14.575443561435321,16.004408616478,-1357.3105896952268,14.408362118113391,13.773598137526191,14.09098012781979,1371.6002402456536
2025-01-14 00:00:00+05:30,23165.900390625,23264.94921875,23134.150390625,23176.05078125,311200,0.0,0.0,10.150390625,0.0438160850812764,130.798828125,0.564617933771022,23085.94921875,79.951171875,0.3463196211575527,0.3902874499386977,23381.78984375,23728.88251953125,24008.9541015625,260480.0,1.194717444717445,0.8794128198215627,10.150390625,88.8984375,31.75,23200.0,23150.0,23100.0,23250.0,23300.0,23400.0,23250.0,23300.0,23150.0,23100.0,23000.0,0.9967185616752476,1.00534815961183,1.00534815961183,0.9967185616752476,0.0439706409910781,1.194717444717445,0.1951437249693488,41051,38314,28736,30651,21428,23999,6428,9600,97643,102564,200207,1.0503978779840848,1.5,197.0,94.0,103.0,0.0984950752462377,0,0,23100.0,23000.0,23300.0,23400.0,201967.6460241801,1675.2294871271338,13.711174398645278,6.181314356908878,1256.4221153453504,9.946244377777077,9.548394602665994,10.741943927999245,11.139793703110328,9.946244377777077,8.752695052443828,9.946244377777077,10.145169265332619,11.139793703110328,-1386.078328228168,10.44124379281056,9.385145110524979,9.91319445166777,1396.024572605945
2025-01-15 00:00:00+05:30,23250.44921875,23293.650390625,23146.44921875,23213.19921875,228000,0.0,0.0,-37.25,-0.1602119582702955,147.201171875,0.6331110874033852,23176.05078125,74.3984375,0.321014301367471,0.1602880397986172,23286.63984375,23672.74248046875,23987.13109375,258635.0,0.8815512208324473,0.8497648351572872,37.25,43.201171875,66.75,23200.0,23150.0,23100.0,23250.0,23300.0,23400.0,23250.0,23300.0,23150.0,23100.0,23000.0,0.9951234977271652,1.003739285586275,1.003739285586275,0.9951234977271652,0.0424882417578643,0.8815512208324473,0.0801440198993086,29062,27124,20343,21699,15148,16966,4544,6786,69097,72575,141672,1.050335036253383,1.5,-58535.0,-28546.0,-29989.0,-29.23723945716184,1,0,23100.0,23000.0,23300.0,23400.0,142875.87883726403,1618.7518272340644,12.834300832779167,6.950322546578095,1214.0638704255484,9.892311689678632,9.496619222091486,10.683696624852923,11.079389092440069,9.892311689678632,8.705234286917197,9.892311689678632,10.090157923472205,11.079389092440069,-1339.0675443387086,11.403557484679897,9.842893460511956,10.623225472595927,1348.959856028387
2025-01-16 00:00:00+05:30,23377.25,23391.650390625,23272.05078125,23311.80078125,299400,0.0,0.0,-65.44921875,-0.2799697087980836,119.599609375,0.5116068373097776,23213.19921875,164.05078125,0.706713364685602,0.4247650725383689,23243.7,23628.3900390625,23973.4601171875,261840.0,1.1434463794683776,0.8581924303393851,65.44921875,14.400390625,39.75,23300.0,23250.0,23200.0,23350.0,23400.0,23500.0,23350.0,23400.0,23250.0,23200.0,23100.0,0.9952041121876812,1.0037834579824023,1.0037834579824023,0.9952041121876812,0.0429096215169692,1.1434463794683776,0.2123825362691844,38541,35972,26979,28778,20097,22509,6029,9004,91646,96263,187909,1.0503786308185843,1.5,46237.0,22549.0,23688.0,32.636653678920325,0,0,23200.0,23100.0,23400.0,23500.0,189521.6208139264,1634.8058983556175,12.37891681077164,5.620007693871389,1226.1044237667131,8.999462252321514,8.639483762228654,9.719419232507237,10.079397722600097,8.999462252321514,7.919526782042933,8.999462252321514,9.179451497367944,10.079397722600097,-1353.3387863773598,7.956637469456261,9.017075417752801,8.48685644360453,1362.3382486296814
2025-01-17 00:00:00+05:30,23277.099609375,23292.099609375,23100.349609375,23203.19921875,272900,0.0,0.0,-73.900390625,-0.3174810945743264,191.75,0.8237710162256275,23311.80078125,-34.701171875,-0.1488566764988427,-0.4658651792672774,23198.03984375,23590.9650390625,23953.2580859375,261930.0,1.0418814186996526,0.8383955079940414,73.900390625,15.0,102.849609375,23200.0,23150.0,23100.0,23250.0,23300.0,23400.0,23250.0,23300.0,23150.0,23100.0,23000.0,0.9955523711287791,1.0041718721775132,1.0041718721775132,0.9955523711287791,0.041919775399702,1.0418814186996526,0.2329325896336387,34320,32032,24024,25626,17879,20025,5364,8010,81587,85693,167280,1.050326645176315,1.5,-20629.0,-10059.0,-10570.0,-10.978186249727262,0,0,23100.0,23000.0,23300.0,23400.0,168682.46800577245,1597.093930415447,10.775874940032285,9.063082324133436,1197.8204478115852,9.91947863208286,9.522699486799546,10.71303692264949,11.109816067932805,9.91947863208286,8.729141196232918,9.91947863208286,10.117868204724518,11.109816067932805,-1320.9921300474562,10.67614924434612,10.107350422002844,10.391749833174483,1330.911608679539
2025-01-20 00:00:00+05:30,23290.400390625,23391.099609375,23170.650390625,23344.75,301500,0.0,0.0,54.349609375,0.233356268949662,220.44921875,0.946523954301518,23203.19921875,87.201171875,0.3758152962136989,0.6100485537167577,23249.8,23578.8275390625,23930.4720703125,254870.0,1.1829560167928748,0.789736644233597,54.349609375,46.349609375,119.75,23350.0,23300.0,23250.0,23400.0,23450.0,23550.0,23400.0,23450.0,23300.0,23250.0,23150.0,0.995941271592114,1.0045085083369922,1.0045085083369922,0.995941271592114,0.0394868322116798,1.1829560167928748,0.3050242768583788,35716,33335,25001,26668,18563,20791,5569,8316,84849,89110,173959,1.050218623672642,1.5,6679.0,3262.0,3417.0,3.992706838833094,0,0,23250.0,23150.0,23450.0,23550.0,175332.81796894234,1504.4016685512884,10.704256556320567,10.381686129736686,1128.3012514134664,10.542971343028626,10.12125248930748,11.386409050470917,11.808127904192062,10.542971343028626,9.27781478186519,10.542971343028626,10.753830769889198,11.808127904192062,-1243.125085783045,11.51280813553443,10.732816547589255,11.122812341561843,1253.6680571260738
2025-01-21 00:00:00+05:30,23421.650390625,23426.30078125,22976.849609375,23024.650390625,312900,0.0,0.0,-397.0,-1.695012919153244,449.451171875,1.918956027346827,23344.75,76.900390625,0.3294119261290011,-1.3711845677293557,23219.519921875,23542.38759765625,23906.9780859375,261025.0,1.198735753280337,0.8213488098421889,397.0,4.650390625,47.80078125,23000.0,22950.0,22900.0,23050.0,23100.0,23200.0,23050.0,23100.0,22950.0,22900.0,22800.0,0.9945862200506744,1.003272562583868,1.003272562583868,0.9945862200506744,0.0410674404921094,1.198735753280337,0.6855922838646777,38550,35980,26985,28784,20067,22475,6020,8990,91622,96229,187851,1.0502826831983585,1.5,13892.0,6773.0,7119.0,7.985789755057226,0,1,22900.0,22800.0,23100.0,23200.0,189393.91195277663,1564.620977146545,11.90920812743423,21.238997430397088,1173.4657328599087,16.57410277891566,15.911138667759031,17.900031001228914,18.56299511238554,16.57410277891566,14.58521044544578,16.57410277891566,16.905584834493972,18.56299511238554,-1287.276711509872,16.213190829284784,18.372421497956164,17.292806163620476,1303.8508142887877
2025-01-22 00:00:00+05:30,23099.150390625,23169.55078125,22981.30078125,23155.349609375,276000,0.0,0.0,56.19921875,0.2432956095770906,188.25,0.814965039044912,23024.650390625,74.5,0.3235662593614639,0.5676490914416465,23207.95,23513.77255859375,23887.12109375,265940.0,1.037828081522148,0.837020517813905,56.19921875,14.201171875,117.849609375,23150.0,23100.0,23050.0,23200.0,23250.0,23350.0,23200.0,23250.0,23100.0,23050.0,22950.0,0.9954503122970622,1.004087625202026,1.004087625202026,0.9954503122970622,0.0418510258906952,1.037828081522148,0.2838245457208233,34653,32342,24257,25874,18052,20217,5416,8087,82378,86520,168898,1.0502804146738207,1.5,-18953.0,-9244.0,-9709.0,-10.089379348526226,1,0,23050.0,22950.0,23250.0,23350.0,170311.71091417735,1594.474655323753,11.9467361508809,8.944231983697229,1195.8559914928148,10.445484067289065,10.027664704597502,11.28112279267219,11.698942155363754,10.445484067289065,9.192025979214378,10.445484067289065,10.654393748634847,11.698942155363754,-1318.283395369172,10.876585173445468,10.059183489322997,10.467884331384234,1328.728879436461
2025-01-23 00:00:00+05:30,23128.30078125,23270.80078125,23090.650390625,23205.349609375,275600,0.0,0.0,77.048828125,0.3331365708779743,180.150390625,0.7789175362638272,23155.349609375,-27.048828125,-0.1168145961141032,0.2159328226240875,23186.659765625,23486.530078125,23868.4020703125,270835.0,1.01759373788469,0.8390791786397037,77.048828125,65.451171875,37.650390625,23200.0,23150.0,23100.0,23250.0,23300.0,23400.0,23250.0,23300.0,23150.0,23100.0,23000.0,0.995460115398027,1.0040788176958455,1.0040788176958455,0.995460115398027,0.0419539589319851,1.01759373788469,0.1079664113120437,34688,32375,24282,25900,18072,20240,5422,8096,82464,86611,169075,1.0502886107877376,1.5,177.0,86.0,91.0,0.1047969780577626,0,0,23100.0,23000.0,23300.0,23400.0,170493.67312128507,1598.396282620557,11.315731353687374,8.520513183708324,1198.7972119654178,9.91812226869785,9.521397377949937,10.711572050193679,11.108296940941592,9.91812226869785,8.727947596454108,9.91812226869785,10.116484714071808,11.108296940941592,-1322.0787799150999,10.037533554021948,9.730478247799775,9.88400590091086,1331.9969021837976
2025-01-24 00:00:00+05:30,23183.900390625,23347.30078125,23050.0,23092.19921875,264300,0.0,0.0,-91.701171875,-0.3955381550555734,297.30078125,1.2823587758780275,23205.349609375,-21.44921875,-0.0924322154635174,-0.4876047658393667,23164.459765625,23450.47001953125,23852.5770703125,275210.0,0.960357545147342,0.8380990218557608,91.701171875,163.400390625,42.19921875,23100.0,23050.0,23000.0,23150.0,23200.0,23300.0,23150.0,23200.0,23050.0,23000.0,22900.0,0.9960073435242522,1.0046682769462023,1.0046682769462023,0.9960073435242522,0.041904951092788,0.960357545147342,0.2438023829196833,33226,31011,23258,24809,17309,19386,5193,7754,78986,82960,161946,1.0503127136454562,1.5,-7129.0,-3478.0,-3651.0,-4.216471979890581,0,0,23000.0,22900.0,23200.0,23300.0,163303.26784193455,1596.529141831318,10.931844584698965,14.050593165116911,1197.3968563734884,12.491218874907938,11.99157011991162,13.490516384900573,13.990165139896892,12.491218874907938,10.992272609918986,12.491218874907938,12.741043252406097,13.990165139896892,-1317.9497326511903,11.970146578138293,12.46062794984643,12.215387263992362,1330.4409515260982
2025-01-27 00:00:00+05:30,22940.150390625,23007.44921875,22786.900390625,22829.150390625,257400,0.0,0.0,-111.0,-0.483867795589355,220.548828125,0.9614096872491829,23092.19921875,-152.048828125,-0.6584423886380733,-1.1391241935562957,23061.33984375,23409.68251953125,23837.9790625,269835.0,0.9539162821724388,0.8585077406364487,111.0,67.298828125,42.25,22850.0,22800.0,22750.0,22900.0,22950.0,23050.0,22900.0,22950.0,22800.0,22750.0,22650.0,0.9965329243852412,1.0052936533908257,1.0052936533908257,0.9965329243852412,0.0429253870318224,0.9539162821724388,0.5695620967781478,33147,30937,23203,24750,17285,19359,5186,7744,78821,82790,161611,1.050354600931224,1.5,-335.0,-165.0,-170.0,-0.2068590764822842,0,0,22750.0,22650.0,22950.0,23050.0,162998.44294471998,1635.4065458505484,12.576143511723565,10.560429878055452,1226.5549093879113,11.568286694889508,11.105555227093927,12.49374963048067,12.956481098276251,11.568286694889508,10.180092291502767,11.568286694889508,11.799652428787299,12.956481098276251,-1351.2705015139006,11.7335721695683,12.437989776815762,12.08578097319203,1362.8387882087902
2025-01-28 00:00:00+05:30,22960.44921875,23137.94921875,22857.650390625,22957.25,361900,0.0,0.0,-3.19921875,-0.013933606958297,280.298828125,1.2207898262552368,22829.150390625,131.298828125,0.5751367259769731,0.5611229817278129,23047.859765625,23375.30498046875,23826.470078125,278250.0,1.30062893081761,0.8734629596835278,3.19921875,177.5,99.599609375,22950.0,22900.0,22850.0,23000.0,23050.0,23150.0,23000.0,23050.0,22900.0,22850.0,22750.0,0.9953282732034544,1.0040401180454976,1.0040401180454976,0.9953282732034544,0.0436731479841763,1.30062893081761,0.2805614908639064,47416,44255,33191,35404,24743,27713,7423,11085,112773,118457,231230,1.0504021352628732,1.5,69619.0,33952.0,35667.0,43.0781320578426,0,0,22850.0,22750.0,23050.0,23150.0,233249.70840167624,1663.8953549393173,11.567017642485238,13.362747241840122,1247.921516204488,12.46488244216268,11.966287144476171,13.462073037535694,13.960668335222202,12.46488244216268,10.969096549103158,12.46488244216268,12.714180091005932,13.960668335222202,-1374.1145800072684,13.553726729419232,11.983742325294424,12.768734527356827,1386.579462449431
2025-01-29 00:00:00+05:30,23026.75,23183.349609375,22976.5,23163.099609375,226300,0.0,0.0,136.349609375,0.5921357090123444,206.849609375,0.8983013641742756,22957.25,69.5,0.3027366082610068,0.8966649288351114,23049.409765625,23346.31494140625,23820.6560546875,281820.0,0.802994819388262,0.8960337392298519,136.349609375,20.25,50.25,23150.0,23100.0,23050.0,23200.0,23250.0,23350.0,23200.0,23250.0,23100.0,23050.0,22950.0,0.9951172506580586,1.0037516736572607,1.0037516736572607,0.9951172506580586,0.0448016869614925,0.802994819388262,0.4483324644175557,30416,28388,21291,22710,15889,17796,4767,7118,72363,76012,148375,1.0504263228445476,1.5,-82855.0,-40410.0,-42445.0,-35.8322881978982,1,0,23050.0,22950.0,23250.0,23350.0,149704.49006058232,1706.8913570343516,12.51503583627155,9.826041796240013,1280.1685177757638,11.170538816255782,10.72371726360555,12.064181921556244,12.511003474206477,11.170538816255782,9.830074158305088,11.170538816255782,11.393949592580897,12.511003474206477,-1411.238925379037,10.978099631294882,11.410566581427048,11.194333106360965,1422.409464195293
2025-01-30 00:00:00+05:30,23169.5,23322.05078125,23139.19921875,23249.5,361900,0.0,0.0,80.0,0.345281512333024,182.8515625,0.7891908004057058,23163.099609375,6.400390625,0.0276318400081892,0.3730087599762788,23058.23984375,23299.357421875,23815.2760546875,285755.0,1.2664695280922469,0.7744528049129381,80.0,72.55078125,30.30078125,23250.0,23200.0,23150.0,23300.0,23350.0,23450.0,23300.0,23350.0,23200.0,23150.0,23050.0,0.9957203380717864,1.004322673605884,1.004322673605884,0.9957203380717864,0.0387226402456469,1.2664695280922469,0.1865043799881394,42041,39238,29429,31390,21834,24454,6550,9782,99854,104864,204718,1.050173252949306,1.5,56343.0,27491.0,28852.0,37.97337826453244,0,0,23150.0,23050.0,23350.0,23450.0,206303.44429316165,1475.2868572483599,12.17819135708736,8.629694237992117,1106.46514293627,10.403942797539738,9.987785085638148,11.236258221342919,11.652415933244507,10.403942797539738,9.15546966183497,10.403942797539738,10.612021653490533,11.652415933244507,-1219.0017715760937,9.980698559823544,10.664483592500893,10.322591076162219,1229.4057143736334
2025-01-31 00:00:00+05:30,23296.75,23546.80078125,23277.400390625,23508.400390625,304900,0.0,0.0,211.650390625,0.9084974969684612,269.400390625,1.156386150965263,23249.5,47.25,0.2032301769930536,1.1135740150325812,23141.480078125,23274.53994140625,23818.4460546875,285385.0,1.0683813094591517,0.8147590033920634,211.650390625,38.400390625,19.349609375,23500.0,23450.0,23400.0,23550.0,23600.0,23700.0,23550.0,23600.0,23450.0,23400.0,23300.0,0.9953888657320884,1.0038964628750977,1.0038964628750977,0.9953888657320884,0.0407379501696031,1.0683813094591517,0.5567870075162906,37263,34779,26084,27823,19391,21717,5817,8687,88555,93006,181561,1.0502625486985488,1.5,-23157.0,-11299.0,-11858.0,-11.311657988061627,1,0,23400.0,23300.0,23600.0,23700.0,183040.2845941487,1552.0677850268864,13.616967151688685,12.615893566801445,1164.050838770165,13.116430359245065,12.591773144875262,14.165744787984671,14.690402002354475,13.116430359245065,11.542458716135657,13.116430359245065,13.378758966429967,14.690402002354475,-1280.2733904964937,14.027674875025586,12.760445108347618,13.394059991686602,1293.3898208557387
2025-02-03 00:00:00+05:30,23319.349609375,23381.599609375,23222.0,23361.05078125,329700,0.0,0.0,41.701171875,0.1788264791837719,159.599609375,0.6844084935835291,23508.400390625,-189.05078125,-0.8041839432230882,-0.6267955578711404,23247.86015625,23261.78994140625,23807.5220703125,287965.0,1.1449308075634193,0.7446442911038956,41.701171875,20.548828125,97.349609375,23350.0,23300.0,23250.0,23400.0,23450.0,23550.0,23400.0,23450.0,23300.0,23250.0,23150.0,0.9952463276463946,1.0038075863788367,1.0038075863788367,0.9952463276463946,0.0372322145551947,1.1449308075634193,0.3133977789355702,36826,34371,25778,27497,19099,21390,5730,8556,87433,91814,179247,1.0501069390275983,1.5,-2314.0,-1122.0,-1192.0,-1.2745027841882342,0,0,23250.0,23150.0,23450.0,23550.0,180581.75255247505,1418.5033988147238,13.581590551882957,7.509299736524476,1063.877549111043,10.545445144203716,10.123627338435567,11.389080755740014,11.810898561508164,10.545445144203716,9.27999172689927,10.545445144203716,10.756354047087791,11.810898561508164,-1171.5407205347328,9.943724061285875,10.542444869509712,10.243084465397793,1182.0861656789366
2025-02-04 00:00:00+05:30,23509.900390625,23762.75,23423.150390625,23739.25,376700,0.0,0.0,229.349609375,0.9755447941687466,339.599609375,1.4444961643071084,23361.05078125,148.849609375,0.6371700090411574,1.6189306820631133,23404.26015625,23263.357421875,23797.8690625,293685.0,1.2826668028670174,0.8289636536633793,229.349609375,23.5,86.75,23750.0,23700.0,23650.0,23800.0,23850.0,23950.0,23800.0,23850.0,23700.0,23650.0,23550.0,0.996240403551081,1.0046652695430562,1.0046652695430562,0.996240403551081,0.0414481826831689,1.2826668028670174,0.8094653410315567,46841,43718,32789,34974,24391,27318,7317,10927,111338,116937,228275,1.0502883112683898,1.5,49028.0,23905.0,25123.0,27.352201152599488,0,0,23650.0,23550.0,23850.0,23950.0,230167.31678040008,1579.1268049234411,16.07233751015351,15.78148309036922,1184.3451036925808,15.926910300261365,15.28983388825091,17.201063124282275,17.83813953629273,15.926910300261365,14.015681064230002,15.926910300261365,16.245448506266595,17.83813953629273,-1300.0120938026062,16.17646825046535,14.530219573983896,15.353343912224624,1315.9390041028676
2025-02-05 00:00:00+05:30,23801.75,23807.30078125,23680.44921875,23696.30078125,267000,0.0,0.0,-105.44921875,-0.4430313684918125,126.8515625,0.5329505708613862,23739.25,62.5,0.2632770622492286,-0.1809207062143936,23510.900390625,23263.725,23787.905078125,293715.0,0.9090444818957152,0.829846557259648,105.44921875,5.55078125,15.8515625,23700.0,23650.0,23600.0,23750.0,23800.0,23900.0,23750.0,23800.0,23650.0,23600.0,23500.0,0.9959360415729446,1.004376177518478,1.004376177518478,0.9959360415729446,0.0414923278629823,0.9090444818957152,0.0904603531071968,33235,31020,23264,24816,17307,19384,5192,7754,78998,82974,161972,1.0503303881110917,1.5,-66303.0,-32340.0,-33963.0,-29.045230533347937,0,0,23600.0,23500.0,23800.0,23900.0,163316.11906572458,1580.8086841335485,13.806693848720947,5.857342793731288,1185.6065131001615,9.832018321226117,9.438737588377073,10.618579786924208,11.011860519773252,9.832018321226117,8.652176122678984,9.832018321226117,10.02865868765064,11.011860519773252,-1307.5085517900643,9.880831539711101,9.946612709530909,9.913722124621005,1317.3405701112904
2025-02-06 00:00:00+05:30,23761.94921875,23773.55078125,23556.25,23603.349609375,307000,0.0,0.0,-158.599609375,-0.6674520171512391,217.30078125,0.9144905548343358,23696.30078125,65.6484375,0.2770408685559273,-0.3922602634608196,23581.6703125,23267.56748046875,23774.4740625,295605.0,1.0385480624481995,0.8195224480615967,158.599609375,11.6015625,47.099609375,23600.0,23550.0,23500.0,23650.0,23700.0,23800.0,23650.0,23700.0,23550.0,23500.0,23400.0,0.9956214007297528,1.0040947743529849,1.0040947743529849,0.9956214007297528,0.0409761224030798,1.0385480624481995,0.1961301317304098,37739,35223,26417,28178,19643,22000,5893,8800,89692,94201,183893,1.05027204209963,1.5,21921.0,10694.0,11227.0,13.533820660361052,0,1,23500.0,23400.0,23700.0,23800.0,185400.04441541395,1561.141865812199,13.036050480803906,10.0673471149345,1170.8563993591495,11.551698797869204,11.089630845954435,12.47583470169874,12.93790265361351,11.551698797869204,10.1654949421249,11.551698797869204,11.782732773826588,12.93790265361351,-1289.3998560456303,10.996714550576293,11.2204518897239,11.108583220150097,1300.9515548434995
2025-02-07 00:00:00+05:30,23649.5,23694.5,23443.19921875,23559.94921875,368100,0.0,0.0,-89.55078125,-0.3786582433032411,251.30078125,1.062605049789636,23603.349609375,46.150390625,0.1955247513118627,-0.1838738625799196,23591.980078125,23273.98994140625,23767.3900390625,300960.0,1.2230861244019138,0.8150067397370967,89.55078125,45.0,116.75,23550.0,23500.0,23450.0,23600.0,23650.0,23750.0,23600.0,23650.0,23500.0,23450.0,23350.0,0.9953332149518176,1.00382219759533,1.00382219759533,0.9953332149518176,0.0407503369868548,1.2230861244019138,0.0919369312899598,45001,42001,31501,33601,23417,26228,7025,10491,106944,112321,219265,1.0502786505086774,1.5,35372.0,17252.0,18120.0,19.235098671510062,0,1,23450.0,23350.0,23650.0,23750.0,221052.02452788453,1552.539708133849,12.094761325154469,11.690011882305548,1164.4047811003868,11.892386603730008,11.416691139580808,12.84377753202841,13.31947299617761,11.892386603730008,10.465300211282408,11.892386603730008,12.130234335804609,13.31947299617761,-1281.8907035078107,10.599078702626406,12.353965694728474,11.47652219867744,1293.7830901115408
2025-02-10 00:00:00+05:30,23543.80078125,23568.599609375,23316.30078125,23381.599609375,234200,0.0,0.0,-162.201171875,-0.6889336746519494,252.298828125,1.0716146915664009,23559.94921875,-16.1484375,-0.0685419028286716,-0.7570033692307909,23596.08984375,23288.7724609375,23752.4000390625,296845.0,0.7889639374084118,0.759126402899855,162.201171875,24.798828125,65.298828125,23400.0,23350.0,23300.0,23450.0,23500.0,23600.0,23450.0,23500.0,23350.0,23300.0,23200.0,0.9965100929475208,1.0050638276509332,1.0050638276509332,0.9965100929475208,0.0379563201449927,0.7889639374084118,0.3785016846153954,26668,24890,18668,19912,13840,15501,4152,6200,63328,66503,129831,1.0501358009095505,1.5,-89434.0,-43616.0,-45818.0,-40.78808747406107,0,0,23300.0,23200.0,23500.0,23600.0,130816.58140014892,1446.0909665299473,12.532822881743977,11.79972288259513,1084.5682248974606,12.166272882169554,11.679621966882772,13.13957471274312,13.626225628029902,12.166272882169554,10.706320136309207,12.166272882169554,12.409598339812947,13.626225628029902,-1192.9095325594533,11.750437341225819,11.866536925285823,11.80848713325582,1205.0758054416228
2025-02-11 00:00:00+05:30,23383.55078125,23390.05078125,22986.650390625,23071.80078125,268000,0.0,0.0,-311.75,-1.3332021424649303,403.400390625,1.7251459985643618,23381.599609375,1.951171875,0.0083449032897546,-1.3249684936046169,23462.6,23283.5599609375,23728.3150390625,294685.0,0.90944567928466,0.8154114657902275,311.75,6.5,85.150390625,23050.0,23000.0,22950.0,23100.0,23150.0,23250.0,23100.0,23150.0,23000.0,22950.0,22850.0,0.9947207943409,1.0033893851412563,1.0033893851412563,0.9947207943409,0.0407705732895113,0.90944567928466,0.6624842468023084,32780,30594,22946,24475,17058,19105,5117,7642,77901,81816,159717,1.050256094273501,1.5,29886.0,14573.0,15313.0,23.01915567160385,0,1,22950.0,22850.0,23150.0,23250.0,161019.35073081616,1553.3106873635475,13.867323172025586,19.073605441706942,1164.9830155226607,16.470464306866262,15.811645734591611,17.788101451415564,18.446920023690215,16.470464306866262,14.494008590042311,16.470464306866262,16.79987359300359,18.446920023690215,-1277.9551084960901,16.810141886433126,17.069712154881277,16.9399270206572,1294.4255728029564
2025-02-12 00:00:00+05:30,23050.80078125,23144.69921875,22798.349609375,23045.25,279700,0.0,0.0,-5.55078125,-0.0240806438903203,346.349609375,1.5025491420529211,23071.80078125,-21.0,-0.0910202034037424,-0.1150789290430109,23332.38984375,23275.1625,23700.07703125,297270.0,0.9408954822215494,0.8145424031323891,5.55078125,93.8984375,246.900390625,23050.0,23000.0,22950.0,23100.0,23150.0,23250.0,23100.0,23150.0,23000.0,22950.0,22850.0,0.99586682722036,1.0045454052353522,1.0045454052353522,0.99586682722036,0.0407271201566194,0.9408954822215494,0.0575394645215054,34174,31896,23922,25517,17783,19917,5335,7967,81214,85297,166511,1.050274583199941,1.5,6794.0,3313.0,3481.0,4.253773862519331,0,1,22950.0,22850.0,23150.0,23250.0,167867.30270087978,1551.655174323759,12.356082313301702,16.530595455435247,1163.7413807428195,14.443338884368474,13.865605328993734,15.598805995117953,16.17653955049269,14.443338884368474,12.710138218244257,14.443338884368474,14.732205662055843,16.17653955049269,-1278.602639718764,13.800522286825442,13.419851027319446,13.610186657072443,1293.0459786031327
2025-02-13 00:00:00+05:30,23055.75,23235.5,22992.19921875,23031.400390625,265700,0.0,0.0,-24.349609375,-0.1056118728516747,243.30078125,1.0552715971070123,23045.25,10.5,0.0455625345787092,-0.0600974577190549,23218.0,23261.14248046875,23671.3560546875,295585.0,0.898895410795541,0.8073802142499958,24.349609375,179.75,39.201171875,23050.0,23000.0,22950.0,23100.0,23150.0,23250.0,23100.0,23150.0,23000.0,22950.0,22850.0,0.9964656777597364,1.0051494745158127,1.0051494745158127,0.9964656777597364,0.0403690107124997,0.898895410795541,0.0300487288595274,32178,30033,22525,24026,16738,18747,5021,7499,76462,80305,156767,1.0502602599984303,1.5,-9744.0,-4752.0,-4992.0,-5.851865642510105,0,0,22950.0,22850.0,23150.0,23250.0,158032.7057404733,1538.0116274732663,10.543300622595222,11.540659161361909,1153.5087206049498,11.041979891978565,10.600300696299422,11.92533828333685,12.367017479015994,11.041979891978565,9.716942304941137,11.041979891978565,11.262819489818137,12.367017479015994,-1270.6343763357434,10.529263615139579,10.752417969997815,10.640840792568696,1281.676356227722
2025-02-14 00:00:00+05:30,23096.44921875,23133.69921875,22774.849609375,22929.25,254500,0.0,0.0,-167.19921875,-0.7239174176360645,358.849609375,1.5537003371223015,23031.400390625,65.048828125,0.2824354013292145,-0.4435266153706374,23091.86015625,23247.44501953125,23635.773046875,294665.0,0.8636926679449545,0.8068006360939352,167.19921875,37.25,154.400390625,22950.0,22900.0,22850.0,23000.0,23050.0,23150.0,23000.0,23050.0,22900.0,22850.0,22750.0,0.996543715995944,1.005266199286937,1.005266199286937,0.996543715995944,0.0403400318046967,0.8636926679449545,0.2217633076853187,30800,28746,21560,22997,16021,17943,4806,7177,73187,76863,150050,1.0502274994192955,1.5,-6717.0,-3275.0,-3442.0,-4.284702775456569,0,0,22850.0,22750.0,23050.0,23150.0,151260.60435445895,1536.9075653135578,10.393314746027237,17.1400915952204,1152.6806739851684,13.766703170623819,13.216035043798865,14.868039424273725,15.418707551098679,13.766703170623819,12.11469879014896,13.766703170623819,14.042037234036295,15.418707551098679,-1266.989601257341,14.237647507776435,14.995391183124108,14.616519345450271,1280.7563044279648
2025-02-17 00:00:00+05:30,22809.900390625,22974.19921875,22725.44921875,22959.5,207400,0.0,0.0,149.599609375,0.6558538477287096,248.75,1.0905352313692596,22929.25,-119.349609375,-0.5205124867799863,0.1319275597762681,23007.440234375,23228.18251953125,23601.40703125,289960.0,0.7152710718719824,0.7929830711180038,149.599609375,14.69921875,84.451171875,22950.0,22900.0,22850.0,23000.0,23050.0,23150.0,23000.0,23050.0,22900.0,22850.0,22750.0,0.995230732376576,1.0039417234695878,1.0039417234695878,0.995230732376576,0.0396491535559001,0.7152710718719824,0.065963779888134,24670,23025,17269,18420,12824,14363,3847,5745,58610,61553,120163,1.0502132741852923,1.5,-29887.0,-14577.0,-15310.0,-19.918027324225257,1,0,22850.0,22750.0,23050.0,23150.0,121115.87224774754,1510.5859200449886,8.766319330666407,11.935480282690529,1132.9394400337414,10.350899806678468,9.936863814411328,11.178971791212746,11.593007783479885,10.350899806678468,9.108791829877052,10.350899806678468,10.557917802812037,11.593007783479885,-1248.470700230812,11.653646509167803,10.546906458006251,11.100276483587027,1258.8216000374905
2025-02-18 00:00:00+05:30,22963.650390625,22992.5,22801.5,22945.30078125,210600,0.0,0.0,-18.349609375,-0.0799071970826175,191.0,0.831749293997162,22959.5,4.150390625,0.0180770078834469,-0.0618446340294842,22982.140234375,23224.2150390625,23567.933046875,284845.0,0.739349470764802,0.7325352288117806,18.349609375,28.849609375,143.80078125,22950.0,22900.0,22850.0,23000.0,23050.0,23150.0,23000.0,23050.0,22900.0,22850.0,22750.0,0.9958466100680676,1.0045629917754468,1.0045629917754468,0.9958466100680676,0.036626761440589,0.739349470764802,0.0309223170147421,23141,21598,16199,17278,11994,13433,3598,5373,54932,57682,112614,1.0500618947061822,1.5,-7549.0,-3678.0,-3871.0,-6.282299876001764,0,0,22850.0,22750.0,23050.0,23150.0,113438.9372225741,1395.4363502614333,7.5398488202556475,9.145610176334358,1046.577262696075,8.342729498295004,8.009020318363204,9.010147858158605,9.343857038090405,8.342729498295004,7.341601958499603,8.342729498295004,8.509584088260905,9.343857038090405,-1154.520895719566,9.042664438564964,9.155301721836286,9.098983080200625,1162.863625217861
2025-02-19 00:00:00+05:30,22847.25,23049.94921875,22814.849609375,22932.900390625,207000,0.0,0.0,85.650390625,0.3748827129085557,235.099609375,1.0290061577432734,22945.30078125,-98.05078125,-0.4273240180408673,-0.0540432690040559,22959.6703125,23213.092578125,23534.3900390625,281395.0,0.7356207466372893,0.7195987120515813,85.650390625,117.048828125,32.400390625,22950.0,22900.0,22850.0,23000.0,23050.0,23150.0,23000.0,23050.0,22900.0,22850.0,22750.0,0.9963850891421092,1.00510618401425,1.00510618401425,0.9963850891421092,0.035979935602579,0.7356207466372893,0.0270216345020279,22344,20854,15641,16683,11574,12963,3472,5185,53031,55685,108716,1.050046199392808,1.5,-3898.0,-1901.0,-1997.0,-3.461381355781697,0,0,22850.0,22750.0,23050.0,23150.0,109498.318935794,1370.793049812621,5.526806163192195,11.239878031795032,1028.0947873594657,8.383342097493614,8.04800841359387,9.054009465293104,9.389343149192849,8.383342097493614,7.37734104579438,8.383342097493614,8.551008939443486,9.389343149192849,-1133.9441994130239,7.956579613051601,8.030156652781208,7.993368132916405,1142.3275415105174
2025-02-20 00:00:00+05:30,22821.099609375,22923.849609375,22812.75,22913.150390625,240800,0.0,0.0,92.05078125,0.4033582203558025,111.099609375,0.4868284669743076,22932.900390625,-111.80078125,-0.4875126100303663,-0.086120811862389,22936.0203125,23198.4826171875,23499.81703125,279655.0,0.8610609500992294,0.716981402235199,92.05078125,10.69921875,8.349609375,22900.0,22850.0,22800.0,22950.0,23000.0,23100.0,22950.0,23000.0,22850.0,22800.0,22700.0,0.9950617706995326,1.0037903827232126,1.0037903827232126,0.9950617706995326,0.0358490701117599,0.8610609500992294,0.0430604059311945,25897,24171,18128,19337,13413,15023,4024,6009,61462,64540,126002,1.050079724057141,1.5,17286.0,8431.0,8855.0,15.900143493138083,0,1,22800.0,22700.0,23000.0,23100.0,126905.4109064444,1365.8072291803487,5.07005960898791,5.326413683673663,1024.3554218852616,8.0,7.68,8.64,8.96,8.0,7.04,8.0,8.16,8.96,-1130.1726909836239,8.051501255520698,7.649389847045798,7.850445551283248,1138.1726909836239
2025-02-21 00:00:00+05:30,22857.19921875,22921.0,22720.30078125,22795.900390625,242800,0.0,0.0,-61.298828125,-0.2681817117589627,200.69921875,0.8780569169006688,22913.150390625,-55.951171875,-0.2441880357835587,-0.5117148798882476,22909.350390625,23183.66767578125,23464.7610546875,278580.0,0.8715629262689353,0.7177564549472855,61.298828125,63.80078125,75.599609375,22800.0,22750.0,22700.0,22850.0,22900.0,23000.0,22850.0,22900.0,22750.0,22700.0,22600.0,0.995793086082073,1.004566593448435,1.004566593448435,0.995793086082073,0.0358878227473642,0.8715629262689353,0.2558574399441238,26141,24398,18299,19518,13540,15164,4062,6066,62042,65146,127188,1.0500306244157185,1.5,1186.0,580.0,606.0,0.9412549007158616,0,1,22700.0,22600.0,22900.0,23000.0,128100.90007991836,1367.2836588253344,5.605998492379024,9.642193619456037,1025.4627441190007,8.0,7.68,8.64,8.96,8.0,7.04,8.0,8.16,8.96,-1131.403049021112,8.48069342818837,8.473017016704011,8.47685522244619,1139.403049021112
2025-02-24 00:00:00+05:30,22609.349609375,22668.05078125,22518.80078125,22553.349609375,214300,0.0,0.0,-56.0,-0.2476851433920926,149.25,0.6601251366298183,22795.900390625,-186.55078125,-0.818352326748719,-1.064010533006854,22828.1203125,23169.87763671875,23420.46203125,276425.0,0.7752554942570318,0.7119977389749743,56.0,58.701171875,34.548828125,22550.0,22500.0,22450.0,22600.0,22650.0,22750.0,22600.0,22650.0,22500.0,22450.0,22350.0,0.9954175494476422,1.0042854118035232,1.0042854118035232,0.9954175494476422,0.0355998869487487,0.7752554942570318,0.5320052665034269,22887,21361,16021,17089,11851,13273,3555,5309,54314,57032,111346,1.0500423463563722,1.5,-15842.0,-7728.0,-8114.0,-12.455577570211029,0,0,22450.0,22350.0,22650.0,22750.0,112138.78100243906,1356.3136449850049,7.752024172680777,7.24251188979193,1017.2352337387537,8.0,7.68,8.64,8.96,8.0,7.04,8.0,8.16,8.96,-1122.2613708208376,7.878579600282115,8.541263902626907,8.20992175145451,1130.2613708208376
2025-02-25 00:00:00+05:30,22516.44921875,22625.30078125,22513.900390625,22547.55078125,250300,0.0,0.0,31.1015625,0.1381281844124026,111.400390625,0.4947511463407567,22553.349609375,-36.900390625,-0.1636137924703708,-0.0257116048189565,22748.5703125,23149.39267578125,23378.048046875,270845.0,0.9241448060698924,0.6970604741084765,31.1015625,77.75,2.548828125,22550.0,22500.0,22450.0,22600.0,22650.0,22750.0,22600.0,22650.0,22500.0,22450.0,22350.0,0.9956735530969012,1.0045436961089005,1.0045436961089005,0.9956735530969012,0.0348530237054238,0.9241448060698924,0.0128558024094782,26171,24426,18320,19541,13542,15166,4063,6066,62096,65199,127295,1.049971012625612,1.5,15949.0,7782.0,8167.0,14.323819445691807,0,1,22450.0,22350.0,22650.0,22750.0,128182.32313051638,1327.859037549941,6.40971710807432,5.411517989740527,995.8942781624557,8.0,7.68,8.64,8.96,8.0,7.04,8.0,8.16,8.96,-1098.5491979582841,7.744976293412546,8.261765840279638,8.003371066846093,1106.5491979582841
2025-02-27 00:00:00+05:30,22568.94921875,22613.30078125,22508.400390625,22545.05078125,289200,0.0,0.0,-23.8984375,-0.1058907850266483,104.900390625,0.4647996218532411,22547.55078125,21.3984375,0.0949036004291624,-0.0110876787649982,22671.000390625,23118.490234375,23342.2290625,273990.0,1.055512974926092,0.6580545263115121,23.8984375,44.3515625,36.650390625,22550.0,22500.0,22450.0,22600.0,22650.0,22750.0,22600.0,22650.0,22500.0,22450.0,22350.0,0.9957839624238484,1.0046550890378692,1.0046550890378692,0.9957839624238484,0.0329027263155756,1.055512974926092,0.0055438393824991,28546,26643,19982,21314,14743,16512,4423,6605,67694,71074,138768,1.0499305699175705,1.5,11473.0,5598.0,5875.0,9.01292273852076,0,1,22450.0,22350.0,22650.0,22750.0,139681.16910507195,1253.5550105332834,4.650903374817328,5.097741428434941,940.1662578999625,8.0,7.68,8.64,8.96,8.0,7.04,8.0,8.16,8.96,-1036.6291754444028,8.80881936128079,7.921167898835706,8.364993630058247,1044.6291754444028
2025-02-28 00:00:00+05:30,22433.400390625,22450.349609375,22104.849609375,22124.69921875,551300,0.0,0.0,-308.701171875,-1.3760783764373383,345.5,1.5401142670479226,22545.05078125,-111.650390625,-0.4952323758696346,-1.8644959666695105,22513.31015625,23062.2501953125,23300.7460546875,283460.0,1.9448952233119312,0.7511054845621292,308.701171875,16.94921875,19.849609375,22100.0,22050.0,22000.0,22150.0,22200.0,22300.0,22150.0,22200.0,22050.0,22000.0,21900.0,0.9943638004965816,1.003403471410187,1.003403471410187,0.9943638004965816,0.0375552742281064,1.9448952233119312,0.9322479833347552,62113,57972,43479,46378,32223,36089,9667,14436,147482,154875,302357,1.0501281512320149,1.5,163589.0,79788.0,83801.0,117.8866885737346,0,1,22000.0,21900.0,22200.0,22300.0,304628.0200099575,1430.8115907802019,9.087915361906948,17.00371226100167,1073.1086930851513,13.045813811454309,12.523981258996136,14.089478916370654,14.611311468828827,13.045813811454309,11.480316154079793,13.045813811454309,13.306730087683395,14.611311468828827,-1179.2971785053805,13.101146985327464,12.854044045742722,12.977595515535093,1192.3429923168349
2025-03-03 00:00:00+05:30,22194.55078125,22261.55078125,22004.69921875,22119.30078125,282400,0.0,0.0,-75.25,-0.3390471865894728,256.8515625,1.1572730848735568,22124.69921875,69.8515625,0.3157175689005659,-0.0244000492238383,22377.990234375,22992.79521484375,23264.0980859375,282335.0,1.000230222962084,0.6827699441696161,75.25,67.0,114.6015625,22100.0,22050.0,22000.0,22150.0,22200.0,22300.0,22150.0,22200.0,22050.0,22000.0,21900.0,0.9946064849684974,1.0036483621045746,1.0036483621045746,0.9946064849684974,0.0341384972084808,1.000230222962084,0.0122000246119191,28922,26994,20245,21595,14955,16749,4486,6700,68608,72038,140646,1.0499941697761197,1.5,-161711.0,-78874.0,-82837.0,-53.48346491068505,0,0,22000.0,21900.0,22200.0,22300.0,141606.2886156768,1300.6364219584266,8.234830290350171,12.72329901529232,975.47731646882,10.479064652821245,10.059902066708394,11.317389825046945,11.736552411159796,10.479064652821245,9.221576894482697,10.479064652821245,10.68864594587767,11.736552411159796,-1073.3846203125343,10.1636807153318,10.521253551915773,10.342467133623787,1083.8636849653556
2025-03-04 00:00:00+05:30,21974.44921875,22105.05078125,21964.599609375,22082.650390625,253300,0.0,0.0,108.201171875,0.4923953760928664,140.451171875,0.639156733699419,22119.30078125,-144.8515625,-0.6548650155469073,-0.1656941645102438,22283.850390625,22928.8751953125,23234.00109375,278515.0,0.9094662765021632,0.6789947544430338,108.201171875,22.400390625,9.849609375,22100.0,22050.0,22000.0,22150.0,22200.0,22300.0,22150.0,22200.0,22050.0,22000.0,21900.0,0.9962572250539234,1.00531410891805,1.00531410891805,0.9962572250539234,0.0339497377221516,0.9094662765021632,0.0828470822551219,25798,24079,18059,19263,13337,14938,4001,5975,61195,64255,125450,1.0500040853010868,1.5,-15196.0,-7413.0,-7783.0,-10.80443098275102,0,0,22000.0,21900.0,22200.0,22300.0,126301.7989194488,1293.4449084770183,7.499431079643869,6.988317250809994,970.0836813577638,8.0,7.68,8.64,8.96,8.0,7.04,8.0,8.16,8.96,-1069.8707570641818,8.237288762935083,7.321451265934262,7.779370014434672,1077.8707570641818
2025-03-05 00:00:00+05:30,22073.05078125,22394.900390625,22067.80078125,22337.30078125,305900,0.0,0.0,264.25,1.1971612017694797,327.099609375,1.4818957860272557,22082.650390625,-9.599609375,-0.0434712736251778,1.1531695069225467,22241.800390625,22858.777734375,23205.678125,274975.0,1.1124647695245022,0.6154994608080395,264.25,57.599609375,5.25,22350.0,22300.0,22250.0,22400.0,22450.0,22550.0,22400.0,22450.0,22300.0,22250.0,22150.0,0.9960917040915132,1.0050453373867176,1.0050453373867176,0.9960917040915132,0.0307749730404019,1.1124647695245022,0.5765847534612734,28242,26359,19769,21087,14556,16302,4367,6521,66934,70269,137203,1.0498252009442135,1.5,11753.0,5739.0,6014.0,9.368672777999205,0,0,22250.0,22150.0,22450.0,22550.0,138047.48372521246,1172.4901238825419,9.749709774630212,16.131598250811365,879.3675929119065,12.940654012720788,12.423027852211955,13.975906333738452,14.493532494247285,12.940654012720788,11.387775531194293,12.940654012720788,13.199467092975205,14.493532494247285,-964.1344492227308,12.581389539962087,13.02009639339485,12.800742966678468,977.0751032354516
2025-03-06 00:00:00+05:30,22476.349609375,22556.44921875,22245.849609375,22544.69921875,372100,0.0,0.0,68.349609375,0.3040956852997651,310.599609375,1.3818952577844192,22337.30078125,139.048828125,0.6224961085795917,0.9284847776867,22241.730078125,22801.19765625,23182.0191015625,280230.0,1.327837847482425,0.6741872511035134,68.349609375,11.75,230.5,22550.0,22500.0,22450.0,22600.0,22650.0,22750.0,22600.0,22650.0,22500.0,22450.0,22350.0,0.9957994906992932,1.0046707556498435,1.0046707556498435,0.9957994906992932,0.0337093625551756,1.327837847482425,0.46424238884335,37630,35121,26341,28097,19449,21783,5835,8713,89255,93714,182969,1.0499579855470282,1.5,45766.0,22321.0,23445.0,33.35641348950096,0,0,22450.0,22350.0,22650.0,22750.0,184202.5536714716,1284.28689852731,11.247819687662414,15.20172755365847,963.2151738954826,13.224773620660443,12.695782675834025,14.28275551031328,14.811746455139698,13.224773620660443,11.63780078618119,13.224773620660443,13.489269093073652,14.811746455139698,-1057.0143084854315,11.8040125400133,12.562849895915154,12.183431217964227,1070.239082106092
2025-03-07 00:00:00+05:30,22508.650390625,22633.80078125,22464.75,22552.5,289800,0.0,0.0,43.849609375,0.194812254906512,169.05078125,0.7510480562637853,22544.69921875,-36.048828125,-0.1598993527268657,0.0346013986450177,22327.290234375,22748.65517578125,23158.0651171875,279370.0,1.0373340015033825,0.6760879062844253,43.849609375,81.30078125,43.900390625,22550.0,22500.0,22450.0,22600.0,22650.0,22750.0,22600.0,22650.0,22500.0,22450.0,22350.0,0.9954550493293426,1.0043232457598936,1.0043232457598936,0.9954550493293426,0.0338043953142212,1.0373340015033825,0.0173006993225088,29390,27430,20573,21944,15192,17014,4558,6806,69713,73194,142907,1.0499332979501672,1.5,-40062.0,-19542.0,-20520.0,-21.89551235455186,1,0,22450.0,22350.0,22650.0,22750.0,143873.17694423388,1287.9075344017913,10.221835506721177,8.21943584865247,965.9306508013435,9.220635677686824,8.85181025057935,9.95828653190177,10.327111959009244,9.220635677686824,8.114159396364405,9.220635677686824,9.40504839124056,10.327111959009244,-1064.0356429904725,9.242025688479496,8.920420928076329,9.081223308277913,1073.2562786681594
2025-03-10 00:00:00+05:30,22521.849609375,22676.75,22429.05078125,22460.30078125,293900,0.0,0.0,-61.548828125,-0.2732849619037485,247.69921875,1.0998173908722493,22552.5,-30.650390625,-0.1359068423678084,-0.4088203913091726,22395.490234375,22693.67275390625,23131.003125,275660.0,1.0661684684031052,0.6772330446531688,61.548828125,154.900390625,31.25,22450.0,22400.0,22350.0,22500.0,22550.0,22650.0,22500.0,22550.0,22400.0,22350.0,22250.0,0.9950890781773466,1.003993678429493,1.003993678429493,0.9950890781773466,0.0338616522326584,1.0661684684031052,0.2044101956545863,29856,27865,20899,22292,15433,17285,4630,6914,70818,74356,145174,1.04995904995905,1.5,2267.0,1105.0,1162.0,1.5863463651185734,0,1,22350.0,22250.0,22550.0,22650.0,146157.1663002448,1290.0889553669178,10.264874089203083,12.041538686731684,967.5667165251884,11.153206387967384,10.707078132448688,12.045462899004775,12.491591154523471,11.153206387967384,9.814821621411298,11.153206387967384,11.37627051572673,12.491591154523471,-1063.9209230844642,10.430775393830718,11.103196530602702,10.76698596221671,1075.0741294724317
2025-03-11 00:00:00+05:30,22345.94921875,22522.099609375,22314.69921875,22497.900390625,347900,0.0,0.0,151.951171875,0.6799942593062955,207.400390625,0.9281341714093526,22460.30078125,-114.3515625,-0.5091274761354104,0.1674047455606064,22478.540234375,22649.48779296875,23108.063125,281345.0,1.2365600952567133,0.6713606127342407,151.951171875,24.19921875,31.25,22500.0,22450.0,22400.0,22550.0,22600.0,22700.0,22550.0,22600.0,22450.0,22400.0,22300.0,0.9956484654601016,1.0045381839017096,1.0045381839017096,0.9956484654601016,0.033568030636712,1.2365600952567133,0.0837023727803032,35035,32699,24524,26159,18106,20278,5432,8111,83097,87247,170344,1.0499416344753725,1.5,25170.0,12279.0,12891.0,17.337815311281634,0,0,22400.0,22300.0,22600.0,22700.0,171487.62252215605,1278.902319363896,9.280212255022917,10.14293049987761,959.1767395229219,9.711571377450262,9.323108522352252,10.488497087646284,10.876959942744294,9.711571377450262,8.54618281215623,9.711571377450262,9.905802804999269,10.876959942744294,-1056.0403614257962,9.019171062617561,9.482391081620554,9.250781072119057,1065.7519328032465
2025-03-12 00:00:00+05:30,22536.349609375,22577.400390625,22329.55078125,22470.5,369700,0.0,0.0,-65.849609375,-0.2921928817948712,247.849609375,1.0997770875541255,22497.900390625,38.44921875,0.1709013644936485,-0.1217908789231669,22505.180078125,22619.42275390625,23084.577109375,286430.0,1.2907167545299023,0.6159553458062498,65.849609375,41.05078125,140.94921875,22450.0,22400.0,22350.0,22500.0,22550.0,22650.0,22500.0,22550.0,22400.0,22350.0,22250.0,0.994637413497697,1.0035379720077435,1.0035379720077435,0.994637413497697,0.0307977672903124,1.2907167545299023,0.0608954394615834,34158,31881,23911,25505,17605,19718,5282,7887,80956,84991,165947,1.049841889421414,1.5,-4397.0,-2141.0,-2256.0,-2.581247358286761,0,0,22350.0,22250.0,22550.0,22650.0,166969.1594177051,1173.3585578813725,7.776140748447927,12.102203681720601,880.0189184110295,9.939172215084264,9.541605326480893,10.734305992291006,11.131872880894377,9.939172215084264,8.746471549274153,9.939172215084264,10.13795565938595,11.131872880894377,-967.859626019393,9.496278848741142,10.406612984618343,9.951445916679742,977.7987982344772
2025-03-13 00:00:00+05:30,22541.5,22558.05078125,22377.349609375,22397.19921875,287500,0.0,0.0,-144.30078125,-0.6401560732426856,180.701171875,0.8016377431626112,22470.5,71.0,0.3159698271066509,-0.3262089461738671,22475.680078125,22587.02021484375,23057.6630859375,286820.0,1.0023708249076075,0.6174908957813697,144.30078125,16.55078125,19.849609375,22400.0,22350.0,22300.0,22450.0,22500.0,22600.0,22450.0,22500.0,22350.0,22300.0,22200.0,0.9956602065374036,1.0045898944884115,1.0045898944884115,0.9956602065374036,0.0308745447890684,1.0023708249076075,0.1631044730869335,26629,24854,18640,19883,13726,15373,4118,6149,63113,66259,129372,1.0498470996466656,1.5,-36575.0,-17843.0,-18732.0,-22.040169451692407,0,0,22300.0,22200.0,22500.0,22600.0,130170.86032169028,1176.2836899004856,7.884909156178186,8.817796555418026,882.2127674253642,8.351352855798106,8.017298741566181,9.019461084261955,9.35351519849388,8.351352855798106,7.349190513102334,8.351352855798106,8.51837991291407,9.35351519849388,-971.8850553946064,7.463592156738391,8.37767056552567,7.92063136113203,980.2364082504046
2025-03-17 00:00:00+05:30,22353.150390625,22577.0,22353.150390625,22508.75,251100,0.0,0.0,155.599609375,0.6960970004490243,223.849609375,1.0014230900933023,22397.19921875,-44.048828125,-0.1966711448819197,0.4980568336268254,22466.930078125,22560.8876953125,23024.065078125,286090.0,0.8776958299835717,0.6337250238334573,155.599609375,68.25,0.0,22500.0,22450.0,22400.0,22550.0,22600.0,22700.0,22550.0,22600.0,22450.0,22400.0,22300.0,0.9951685455656134,1.0040539790081635,1.0040539790081635,0.9951685455656134,0.0316862511916728,0.8776958299835717,0.2490284168134127,23869,22278,16708,17822,12313,13790,3694,5516,56584,59406,115990,1.049872755549272,1.5,-13382.0,-6529.0,-6853.0,-10.343814735800636,1,0,22400.0,22300.0,22600.0,22700.0,116725.05765514442,1207.208745116502,8.455513891664785,10.92464773884644,905.4065588373767,9.690080815255612,9.302477582645388,10.465287280476062,10.852890513086287,9.690080815255612,8.52727111742494,9.690080815255612,9.883882431560725,10.852890513086287,-996.3172067818296,9.255059918155347,9.642015954386306,9.448537936270826,1006.0072875970851
2025-03-18 00:00:00+05:30,22662.25,22857.80078125,22599.19921875,22834.30078125,272600,0.0,0.0,172.05078125,0.7591954958135224,258.6015625,1.1411115952740791,22508.75,153.5,0.6819570167157216,1.446329899483545,22541.730078125,22556.140234375,23000.65609375,286995.0,0.94984233174794,0.7172108190024435,172.05078125,23.5,63.05078125,22850.0,22800.0,22750.0,22900.0,22950.0,23050.0,22900.0,22950.0,22800.0,22750.0,22650.0,0.9963081514053094,1.0050669043846967,1.0050669043846967,0.9963081514053094,0.0358605409501221,0.94984233174794,0.7231649497417725,29327,27372,20529,21898,15189,17012,4557,6805,69602,73087,142689,1.050070400275854,1.5,26699.0,13018.0,13681.0,23.01836365203897,0,0,22750.0,22650.0,22950.0,23050.0,143712.3809455264,1366.2442545735053,9.857128898051336,12.474422223889452,1024.683190930129,11.165775560970394,10.719144538531577,12.059037605848026,12.505668628286843,11.165775560970394,9.825882493653946,11.165775560970394,11.389091072189801,12.505668628286843,-1127.371103250284,11.339208452231375,11.241662619079815,11.290435535655595,1138.5368788112544
2025-03-19 00:00:00+05:30,22874.94921875,22940.69921875,22807.94921875,22907.599609375,324000,0.0,0.0,32.650390625,0.1427342649497002,132.75,0.5803291571514759,22834.30078125,40.6484375,0.1780148115302824,0.3210031646127209,22623.669921875,22553.54521484375,22986.4870703125,292825.0,1.1064629044651242,0.7205336499345626,32.650390625,33.099609375,67.0,22900.0,22850.0,22800.0,22950.0,23000.0,23100.0,22950.0,23000.0,22850.0,22800.0,22700.0,0.9953028858889708,1.0040336129581724,1.0040336129581724,0.9953028858889708,0.0360266824967281,1.1064629044651242,0.1605015823063604,35018,32683,24513,26146,18140,20316,5442,8126,83113,87271,170384,1.0500282747584613,1.5,27695.0,13511.0,14184.0,19.409344798828226,0,0,22800.0,22700.0,23000.0,23100.0,171611.67405410451,1372.574051265977,9.755121724236409,6.362720715245975,1029.4305384494828,8.058921219741192,7.736564370951545,8.703634917320487,9.025991766110137,8.058921219741192,7.0918506733722495,8.058921219741192,8.220099644136017,9.025991766110137,-1135.752788168573,8.238355787884434,8.249596021086566,8.243975904485499,1143.8117093883143
2025-03-20 00:00:00+05:30,23036.599609375,23216.69921875,22973.94921875,23190.650390625,313700,0.0,0.0,154.05078125,0.6687218767621733,242.75,1.053757950896582,22907.599609375,129.0,0.5631318959634967,1.2356195589090069,22767.7,22565.8126953125,22976.1420703125,297980.0,1.0527552184710385,0.7720757270574634,154.05078125,26.048828125,62.650390625,23200.0,23150.0,23100.0,23250.0,23300.0,23400.0,23250.0,23300.0,23150.0,23100.0,23000.0,0.996091080280282,1.004715245477514,1.004715245477514,0.996091080280282,0.0386037863528731,1.0527552184710385,0.6178097794545034,36330,33908,25431,27126,18866,21130,5660,8452,86287,90616,176903,1.0501697822383442,1.5,6519.0,3174.0,3345.0,3.826063480138981,0,0,23100.0,23000.0,23300.0,23400.0,178268.82512343646,1470.7586643144703,11.981017526106639,11.523769373015035,1103.0689982358529,11.752393449560838,11.282297711578405,12.692584925525706,13.162680663508139,11.752393449560838,10.342106235613537,11.752393449560838,11.987441318552055,13.162680663508139,-1213.8798268124976,12.283971891498283,11.128151195328618,11.706061543413451,1225.6322202620586
2025-03-21 00:00:00+05:30,23168.25,23402.69921875,23132.80078125,23350.400390625,541000,0.0,0.0,182.150390625,0.7862069453886246,269.8984375,1.1649496077606207,23190.650390625,-22.400390625,-0.0965923346162621,0.6888551951288902,22958.340234375,22586.6876953125,22969.37109375,314680.0,1.7192068132706242,0.7842756131551778,182.150390625,52.298828125,35.44921875,23350.0,23300.0,23250.0,23400.0,23450.0,23550.0,23400.0,23450.0,23300.0,23250.0,23150.0,0.9957002711325964,1.0042654347552424,1.0042654347552424,0.9957002711325964,0.0392137806577588,1.7192068132706242,0.3444275975644451,63644,59401,44551,47521,33070,37038,9921,14815,151186,158775,309961,1.0501964467609437,1.5,133058.0,64899.0,68159.0,75.21523094577253,0,0,23250.0,23150.0,23450.0,23550.0,312391.9485332919,1493.998726853734,11.655832989678986,12.717631464463357,1120.4990451403005,12.186732227071172,11.699262937988324,13.161670805236866,13.649140094319714,12.186732227071172,10.724324359822631,12.186732227071172,12.430466871612595,13.649140094319714,-1232.8122068177074,13.069127820726928,11.912852641808962,12.490990231267945,1244.9989390447786
2025-03-24 00:00:00+05:30,23515.400390625,23708.75,23433.5,23658.349609375,311900,0.0,0.0,142.94921875,0.6078961717657603,275.25,1.170509518986269,23350.400390625,165.0,0.7066259988682942,1.318817723029886,23188.26015625,22623.94765625,22972.0080859375,318235.0,0.9800933272581582,0.8290146758619538,142.94921875,50.400390625,81.900390625,23650.0,23600.0,23550.0,23700.0,23750.0,23850.0,23700.0,23750.0,23600.0,23550.0,23450.0,0.995420238048555,1.003873913106292,1.003873913106292,0.995420238048555,0.0414507337930976,0.9800933272581582,0.6594088615149429,38785,36200,27150,28960,20196,22620,6059,9048,92190,96828,189018,1.0503091441588024,1.5,-120943.0,-58996.0,-61947.0,-39.018779781972576,1,0,23550.0,23450.0,23750.0,23850.0,190584.9869600208,1579.2239991985564,13.244705278092697,12.802870020986143,1184.4179993989173,13.02378764953942,12.502836143557843,14.065690661502575,14.586642167484152,13.02378764953942,11.46093313159469,13.02378764953942,13.28426340253021,14.586642167484152,-1302.9962116825911,14.185760657899632,13.755979624648438,13.970870141274034,1316.0199993321305
2025-03-25 00:00:00+05:30,23751.5,23869.599609375,23601.400390625,23668.650390625,338200,0.0,0.0,-82.849609375,-0.3488184298886386,268.19921875,1.1291885512493949,23658.349609375,93.150390625,0.3937315669225196,0.0435397287641636,23355.130078125,22667.58515625,22976.75109375,323005.0,1.0470426154393897,0.8143835151219402,82.849609375,118.099609375,67.25,23650.0,23600.0,23550.0,23700.0,23750.0,23850.0,23700.0,23750.0,23600.0,23550.0,23450.0,0.9949870233973293,1.0034370193497482,1.0034370193497482,0.9949870233973293,0.040719175756097,1.0470426154393897,0.0217698643820818,41314,38559,28920,30847,21498,24077,6449,9631,98181,103114,201295,1.0502439372179952,1.5,12277.0,5991.0,6286.0,6.495148610185273,0,0,23550.0,23450.0,23750.0,23850.0,202934.31329676468,1551.3525020471495,12.069867954903755,12.388511523196307,1163.514376535362,12.229189739050032,11.74002214948803,13.207524918174036,13.696692507736037,12.229189739050032,10.761686970364028,12.229189739050032,12.473773533831032,13.696692507736037,-1280.5645619669078,11.486489344576515,11.953779150840472,11.720134247708494,1292.793751705958
2025-03-26 00:00:00+05:30,23700.94921875,23736.5,23451.69921875,23486.849609375,278600,0.0,0.0,-214.099609375,-0.9033376992581554,284.80078125,1.2016429326159306,23668.650390625,32.298828125,0.1364624834620623,-0.7681079328545448,23470.980078125,22714.26015625,22984.7691015625,326220.0,0.8540248911777328,0.792781246354017,214.099609375,35.55078125,35.150390625,23500.0,23450.0,23400.0,23550.0,23600.0,23700.0,23550.0,23600.0,23450.0,23400.0,23300.0,0.9963022026870588,1.0048176061288283,1.0048176061288283,0.9963022026870588,0.0396390623177008,0.8540248911777328,0.3840539664272724,33130,30922,23191,24738,17222,19289,5167,7716,78710,82665,161375,1.0502477448862917,1.5,-39920.0,-19471.0,-20449.0,-19.83159045182444,0,0,23400.0,23300.0,23600.0,23700.0,162654.3507363038,1510.2014557885636,12.610043652713756,13.234222307259245,1132.6510918414228,12.9221329799865,12.40524766078704,13.955903618385422,14.472788937584882,12.9221329799865,11.37147702238812,12.9221329799865,13.18057563958623,14.472788937584882,-1245.5790801771498,12.330867751327444,12.156280325662177,12.24357403849481,1258.5012131571364
2025-03-27 00:00:00+05:30,23433.94921875,23646.44921875,23412.19921875,23591.94921875,510300,0.0,0.0,158.0,0.6742354800085546,234.25,0.9996181088101512,23486.849609375,-52.900390625,-0.2252340841995442,0.4474827877002596,23551.23984375,22766.480078125,22993.0870703125,339220.0,1.5043334709038385,0.7925637479563351,158.0,54.5,21.75,23600.0,23550.0,23500.0,23650.0,23700.0,23800.0,23650.0,23700.0,23550.0,23500.0,23400.0,0.9961025170960895,1.0045799853266946,1.0045799853266946,0.9961025170960895,0.0396281873978167,1.5043334709038385,0.2237413938501298,60667,56622,42467,45298,31536,35319,9461,14128,144131,151367,295498,1.0502043280071602,1.5,134123.0,65421.0,68702.0,83.1126258714175,0,0,23500.0,23400.0,23700.0,23800.0,297840.010023936,1509.787134185572,12.456823773412838,10.915135143074034,1132.3403506391794,11.685979458243436,11.218540279913698,12.620857814902912,13.08829699323265,11.685979458243436,10.283661923254224,11.685979458243436,11.919699047408304,13.08829699323265,-1246.4699656964,11.764043868130994,11.934801298806061,11.849422583468527,1258.1559451546436
2025-03-28 00:00:00+05:30,23600.400390625,23649.19921875,23450.19921875,23519.349609375,295400,0.0,0.0,-81.05078125,-0.3434296872446136,199.0,0.8432060333986984,23591.94921875,8.451171875,0.0358222705408475,-0.3077304410154524,23585.0296875,22815.19501953125,22999.210078125,339530.0,0.8700262127057992,0.8000462065294244,81.05078125,48.798828125,69.150390625,23500.0,23450.0,23400.0,23550.0,23600.0,23700.0,23550.0,23600.0,23450.0,23400.0,23300.0,0.994925471522077,1.0034291080308126,1.0034291080308126,0.994925471522077,0.0400023103264712,0.8700262127057992,0.1538652205077262,35450,33087,24815,26470,18434,20646,5530,8258,84229,88461,172690,1.050243977727386,1.5,-122808.0,-59902.0,-62906.0,-41.5596721466812,0,0,23400.0,23300.0,23600.0,23700.0,174071.59979405566,1524.0407758829833,11.985335090600504,9.264578823205921,1143.0305819122375,10.624956956903212,10.199958678627082,11.47495351345547,11.8999517917316,10.624956956903212,9.349962122074826,10.624956956903212,10.837456096041276,11.8999517917316,-1259.409022945583,10.848424447851118,11.269201344719887,11.058812896285502,1270.0339799024862
2025-04-01 00:00:00+05:30,23341.099609375,23565.150390625,23136.400390625,23165.69921875,314300,0.0,0.0,-175.400390625,-0.7514658416287726,428.75,1.8368886092572596,23519.349609375,-178.25,-0.7578866038410694,-1.5036571865236992,23486.499609375,22867.24501953125,22996.288046875,327680.0,0.95916748046875,0.7533962984257333,175.400390625,224.05078125,29.298828125,23150.0,23100.0,23050.0,23200.0,23250.0,23350.0,23200.0,23250.0,23100.0,23050.0,22950.0,0.995005580550042,1.0036390346112138,1.0036390346112138,0.995005580550042,0.0376698149212866,0.95916748046875,0.7518285932618496,35519,33151,24863,26521,18428,20640,5528,8256,84338,88568,172906,1.0501553273731887,1.5,216.0,109.0,107.0,0.1250796224448433,0,0,23050.0,22950.0,23250.0,23350.0,174208.66740375597,1435.1754559039873,14.572430666894862,20.131234742659153,1076.3815919279905,17.351832704777006,16.657759396585927,18.73997932115917,19.434052629350248,17.351832704777006,15.269612780203765,17.351832704777006,17.698869358872546,19.434052629350248,-1178.6277138818791,17.399292604326604,17.19078943768609,17.295041021006348,1195.9795465866562
2025-04-02 00:00:00+05:30,23192.599609375,23350.0,23158.44921875,23332.349609375,341000,0.0,0.0,139.75,0.6025628965866755,191.55078125,0.8259133709727418,23165.69921875,26.900390625,0.1161216433442561,0.7193842458686373,23419.239453125,22927.8974609375,22998.8710546875,330610.0,1.0314267566014337,0.7583706294406265,139.75,17.650390625,34.150390625,23350.0,23300.0,23250.0,23400.0,23450.0,23550.0,23400.0,23450.0,23300.0,23250.0,23150.0,0.9964705822279504,1.0050423721825996,1.0050423721825996,0.9964705822279504,0.0379185314720313,1.0314267566014337,0.3596921229343186,38791,36205,27154,28964,20131,22547,6039,9019,92115,96735,188850,1.050154697931933,1.5,15944.0,7777.0,8167.0,9.221195331567442,0,0,23250.0,23150.0,23450.0,23550.0,190282.1829336986,1444.6512627230998,14.664895539975348,9.031084481288975,1083.4884470423249,11.847990010632161,11.374070410206874,12.795829211482735,13.269748811908022,11.847990010632161,10.426231209356303,11.847990010632161,12.084949810844805,13.269748811908022,-1192.0280622586176,12.004624295223012,12.133794520910927,12.06920940806697,1203.8760522692498
2025-04-03 00:00:00+05:30,23150.30078125,23306.5,23145.80078125,23250.099609375,283200,0.0,0.0,99.798828125,0.4310908487453845,160.69921875,0.6941560728237028,23332.349609375,-182.048828125,-0.780242158088752,-0.3525148618849449,23371.889453125,22986.269921875,22996.978046875,332105.0,0.8527423555803134,0.7651404510805476,99.798828125,56.400390625,4.5,23250.0,23200.0,23150.0,23300.0,23350.0,23450.0,23300.0,23350.0,23200.0,23150.0,23050.0,0.9956946589022512,1.0042967725860716,1.0042967725860716,0.9956946589022512,0.0382570225540273,0.8527423555803134,0.1762574309424724,32503,30336,22752,24269,16873,18898,5062,7559,77190,81062,158252,1.05016193807488,1.5,-30598.0,-14925.0,-15673.0,-16.20227693936987,0,0,23150.0,23050.0,23350.0,23450.0,159462.85006664396,1457.547373148336,12.924852698623946,7.585664813658778,1093.1605298612521,10.255258756141362,9.845048405895708,11.075679456632672,11.485889806878326,10.255258756141362,9.024627705404399,10.255258756141362,10.46036393126419,11.485889806878326,-1204.3675522008054,10.210195514734346,10.467569132619174,10.33888232367676,1214.6228109569468
2025-04-04 00:00:00+05:30,23190.400390625,23214.69921875,22857.44921875,22904.44921875,466800,0.0,0.0,-285.951171875,-1.2330583649198192,357.25,1.5405081153511375,23250.099609375,-59.69921875,-0.2567697332613914,-1.4866619775066536,23234.389453125,23014.62734375,22994.5740234375,340150.0,1.3723357342348963,0.8281772449566764,285.951171875,24.298828125,47.0,22900.0,22850.0,22800.0,22950.0,23000.0,23100.0,22950.0,23000.0,22850.0,22800.0,22700.0,0.9954397847443328,1.0041717126806866,1.0041717126806866,0.9954397847443328,0.0414088622478338,1.3723357342348963,0.7433309887533268,57989,54123,40592,43298,30195,33819,9058,13528,137834,144768,282602,1.0503068908977466,1.5,124350.0,60644.0,63706.0,78.57720597527992,0,1,22800.0,22700.0,23000.0,23100.0,284942.44545779243,1577.6287427793507,15.38176012766236,17.003090147892934,1183.221557084513,16.192425137777647,15.54472813226654,17.48781914879986,18.135516154310967,16.192425137777647,14.24933412124433,16.192425137777647,16.5162736405332,18.135516154310967,-1298.4981938450146,16.808919990768995,15.445394524341213,16.127157257555105,1314.6906189827923
2025-04-07 00:00:00+05:30,21758.400390625,22254.0,21743.650390625,22161.599609375,647100,0.0,0.0,403.19921875,1.8530738083288771,510.349609375,2.3455290839987177,22904.44921875,-1146.048828125,-5.003607889365109,-3.2432546283055363,22962.839453125,22995.47236328125,22974.6990234375,353900.0,1.828482622209664,1.0976520815919748,403.19921875,92.400390625,14.75,22150.0,22100.0,22050.0,22200.0,22250.0,22350.0,22200.0,22250.0,22100.0,22050.0,21950.0,0.9949642800455708,1.003988899365712,1.003988899365712,0.9949642800455708,0.0548826040795987,1.828482622209664,1.6216273141527682,106544,99441,74581,79553,56196,62939,16859,25176,254180,267109,521289,1.050865528365725,1.5,238687.0,116346.0,122341.0,84.46047798670922,0,1,22050.0,21950.0,22250.0,22350.0,527010.93955961,2090.962392454616,21.485009130697144,25.43566880174028,1568.221794340962,23.460338966218714,22.521925407569963,25.337166083516212,26.275579642164963,23.460338966218714,20.64509829027247,23.460338966218714,23.929545745543088,26.275579642164963,-1719.008321412628,25.80100716645493,21.646204597573405,23.72360588201417,1742.4686603788466
2025-04-08 00:00:00+05:30,22446.75,22697.19921875,22270.849609375,22535.849609375,468300,0.0,0.0,89.099609375,0.3969376830721596,426.349609375,1.89938235769098,22161.599609375,285.150390625,1.286686862190097,1.6887318902814252,22836.86953125,22994.63984375,22961.3090234375,362825.0,1.2907048852752705,1.1668681653596866,89.099609375,161.349609375,175.900390625,22550.0,22500.0,22450.0,22600.0,22650.0,22750.0,22600.0,22650.0,22500.0,22450.0,22350.0,0.996190531492574,1.0050652801027529,1.0050652801027529,0.996190531492574,0.0583434082679843,1.2907048852752705,0.8443659451407126,81967,76502,57377,61202,43375,48579,13012,19432,195731,205715,401446,1.051008782461644,1.5,-119843.0,-58449.0,-61394.0,-22.989742733876987,1,0,22450.0,22350.0,22650.0,22750.0,406130.3455751099,2222.814944404746,23.340062696889696,20.79027431223097,1667.1112083035591,22.065168504560333,21.18256176437792,23.83038198492516,24.712988725107575,22.065168504560333,19.417348284013094,22.065168504560333,22.50647187465154,24.712988725107575,-1830.2806184993944,22.204894688499472,22.546482327218957,22.375688507859216,1852.3457870039547
2025-04-09 00:00:00+05:30,22460.30078125,22468.69921875,22353.25,22399.150390625,383800,0.0,0.0,-61.150390625,-0.2722598918891092,115.44921875,0.5140145711956704,22535.849609375,-75.548828125,-0.3352384287014917,-0.6065856008070525,22650.2296875,22991.58232421875,22947.448046875,367320.0,1.0448655123597952,1.1713693822755866,61.150390625,8.3984375,45.900390625,22400.0,22350.0,22300.0,22450.0,22500.0,22600.0,22450.0,22500.0,22350.0,22300.0,22200.0,0.995573475382062,1.0045023854751745,1.0045023854751745,0.995573475382062,0.0585684691137793,1.0448655123597952,0.3032928004035262,67436,62940,47205,50352,35693,39976,10708,15990,161042,169258,330300,1.051017746923163,1.5,-71146.0,-34689.0,-36457.0,-17.722433403247262,0,0,22300.0,22200.0,22500.0,22600.0,334169.03306965623,2231.389496805518,21.56676306640384,5.647894813326788,1673.5421226041385,13.607328939865315,13.063035782270703,14.695915255054542,15.240208412649155,13.607328939865315,11.974449467081477,13.607328939865315,13.879475518662622,15.240208412649155,-1845.8839183980665,13.092728309604695,12.930072496608739,13.011400403106716,1859.4912473379318
2025-04-11 00:00:00+05:30,22695.400390625,22923.900390625,22695.400390625,22828.55078125,402200,0.0,0.0,133.150390625,0.5866844749740643,228.5,1.0068119357541214,22399.150390625,296.25,1.322594807542313,1.9170387409190413,22565.919921875,23008.11484375,22947.4360546875,370035.0,1.086924209872039,1.2479180681693225,133.150390625,95.349609375,0.0,22850.0,22800.0,22750.0,22900.0,22950.0,23050.0,22900.0,22950.0,22800.0,22750.0,22650.0,0.9965590990859342,1.0053200581987776,1.0053200581987776,0.9965590990859342,0.0623959034084661,1.086924209872039,0.9585193704595208,75287,70268,52701,56214,39992,44791,11998,17916,179978,189189,369167,1.0511784773694564,1.5,38867.0,18936.0,19931.0,11.767181350287617,0,0,22750.0,22650.0,22950.0,23050.0,373773.9016947187,2377.2102227713267,24.59804275163035,10.983141837269546,1782.9076670784953,17.790592294449947,17.07896860267195,19.213839678005943,19.925463369783945,17.790592294449947,15.655721219115954,17.790592294449947,18.146404140338948,19.925463369783945,-1963.2179266816559,17.51833761588421,17.972787042542855,17.745562329213534,1981.0085189761057
2025-04-15 00:00:00+05:30,23368.349609375,23368.349609375,23207.0,23328.55078125,388300,0.0,0.0,-39.798828125,-0.1703108212187709,161.349609375,0.6904621510381255,22828.55078125,539.798828125,2.364577731181948,2.190239778210845,22650.740234375,23051.0173828125,22954.8620703125,370965.0,1.0467294758265604,1.332427123364935,39.798828125,0.0,121.55078125,23350.0,23300.0,23250.0,23400.0,23450.0,23550.0,23400.0,23450.0,23300.0,23250.0,23150.0,0.9966328477929656,1.005206033580432,1.005206033580432,0.9966328477929656,0.0666213561682467,1.0467294758265604,1.0951198891054226,77607,72433,54325,57946,41389,46355,12417,18542,185738,195276,381014,1.0513519042952977,1.5,11847.0,5760.0,6087.0,3.2091167412038457,0,0,23250.0,23150.0,23450.0,23550.0,386090.7338798177,2538.1949821493745,27.426397844738098,7.596244105716821,1903.6462366120309,17.51132097522746,16.81086813621836,18.912226653245657,19.612679492254756,17.51132097522746,15.409962458200164,17.51132097522746,17.86154739473201,19.612679492254756,-2097.651164149251,18.240229661083415,17.25538649171152,17.74780807639747,2115.1624851244787
2025-04-16 00:00:00+05:30,23344.099609375,23452.19921875,23273.05078125,23437.19921875,348400,0.0,0.0,93.099609375,0.3988143082529136,179.1484375,0.767424918920642,23328.55078125,15.548828125,0.0666514961465036,0.4657316201027051,22905.86015625,23103.0173828125,22960.3440625,374010.0,0.9315258950295446,1.3278503260571708,93.099609375,15.0,71.048828125,23450.0,23400.0,23350.0,23500.0,23550.0,23650.0,23500.0,23550.0,23400.0,23350.0,23250.0,0.9962794522529704,1.0048128950988204,1.0048128950988204,0.9962794522529704,0.0663925163028585,0.9315258950295446,0.2328658100513525,69393,64767,48575,51814,37000,41440,11100,16576,166068,174597,340665,1.0513584796589348,1.5,-40349.0,-19670.0,-20679.0,-10.58989958374233,1,0,23350.0,23250.0,23550.0,23650.0,345188.5213132627,2529.4764535655786,25.662865032568245,8.407151996205048,1897.107340174184,17.035008514386647,16.353608173811182,18.39780919553758,19.079209536113044,17.035008514386647,14.990807492660249,17.035008514386647,17.37570868467438,19.079209536113044,-2090.8620361235953,17.03108824017897,16.803984758773343,16.917536499476157,2107.897044637982
2025-04-17 00:00:00+05:30,23401.849609375,23872.349609375,23298.55078125,23851.650390625,505300,0.0,0.0,449.80078125,1.922073634170376,573.798828125,2.4519379352610264,23437.19921875,-35.349609375,-0.1508269356123403,1.7683476937954137,23169.0203125,23170.16240234375,22972.3870703125,386720.0,1.3066301199834505,1.370751863914586,449.80078125,20.69921875,103.298828125,23850.0,23800.0,23750.0,23900.0,23950.0,24050.0,23900.0,23950.0,23800.0,23750.0,23650.0,0.9957382240239042,1.0041233880156846,1.0041233880156846,0.9957382240239042,0.0685375931957293,1.3066301199834505,0.8841738468977067,103896,96970,72727,77576,55508,62170,16652,24868,248783,261584,510367,1.051454480410639,1.5,169702.0,82715.0,86987.0,49.81492081663805,0,0,23750.0,23650.0,23950.0,24050.0,517362.8651653049,2611.201349589298,27.672063737078023,26.67425466692375,1958.4010121919737,27.17315920200089,26.086232833920853,29.34701193816096,30.433938306241,27.17315920200089,23.91238009776078,27.17315920200089,27.716622386040907,30.433938306241,-2148.8279654557473,27.98790901101782,27.627829636026874,27.807869323522347,2176.0011246577483
2025-04-21 00:00:00+05:30,23949.150390625,24189.55078125,23903.650390625,24125.55078125,406100,0.0,0.0,176.400390625,0.736562206791489,285.900390625,1.1937809315228023,23851.650390625,97.5,0.408776744599287,1.1483498464016415,23514.300390625,23234.72490234375,22984.730078125,393395.0,1.032295784135538,1.3591971350893242,176.400390625,64.0,45.5,24150.0,24100.0,24050.0,24200.0,24250.0,24350.0,24200.0,24250.0,24100.0,24050.0,23950.0,0.9968684328936144,1.0051583990715238,1.0051583990715238,0.9968684328936144,0.0679598567544662,1.032295784135538,0.5741749232008209,82795,77276,57956,61821,44211,49517,13263,19807,198225,208421,406646,1.051436498927986,1.5,-103721.0,-50558.0,-53163.0,-20.322826515037217,1,0,24050.0,23950.0,24250.0,24350.0,412173.1207819553,2589.190273553627,26.76971844213242,13.035315872983436,1941.8927051652201,19.902517157557927,19.10641647125561,21.49471853016256,22.29081921646488,19.902517157557927,17.514215098650975,19.902517157557927,20.300567500709086,22.29081921646488,-2137.7560441371306,20.248799848955017,19.258511977400065,19.75365591317754,2157.6585612946888
2025-04-22 00:00:00+05:30,24185.400390625,24242.599609375,24072.0,24167.25,440900,0.0,0.0,-18.150390625,-0.0750468891639091,170.599609375,0.7053826135585898,24125.55078125,59.849609375,0.2480756187399219,0.1728425565413749,23782.040234375,23297.707421875,23000.8540625,399240.0,1.1043482616972249,1.3593899162196883,18.150390625,57.19921875,95.25,24150.0,24100.0,24050.0,24200.0,24250.0,24350.0,24200.0,24250.0,24100.0,24050.0,23950.0,0.9951483929698248,1.0034240552814242,1.0034240552814242,0.9951483929698248,0.0679694958109844,1.1043482616972249,0.0864212782706874,89903,83910,62932,67128,48007,53768,14402,21507,215244,226313,441557,1.051425359127316,1.5,34911.0,17019.0,17892.0,8.585108423542835,0,0,24050.0,23950.0,24250.0,24350.0,447559.48133236216,2589.5575102220814,24.044234260624407,7.742600170181784,1942.1681326665614,15.893417215403096,15.257680526786972,17.164890592635345,17.80062728125147,15.893417215403096,13.986207149554724,15.893417215403096,16.211285559711158,17.80062728125147,-2142.0711746363318,15.947354888650297,15.670036797233614,15.808695842941955,2157.964591851735
2025-04-23 00:00:00+05:30,24357.599609375,24359.30078125,24119.94921875,24328.94921875,415000,0.0,0.0,-28.650390625,-0.117624031450015,239.3515625,0.9826566095941406,24167.25,190.349609375,0.7876345441661752,0.6690840652122221,23982.119921875,23354.62236328125,23012.648046875,404305.0,1.026452801721473,1.3441766843385583,28.650390625,1.701171875,209.0,24350.0,24300.0,24250.0,24400.0,24450.0,24550.0,24400.0,24450.0,24300.0,24250.0,24150.0,0.9967549268963432,1.0049755860872407,1.0049755860872407,0.9967549268963432,0.0672088342169279,1.026452801721473,0.334542032606111,83675,78097,58572,62478,44649,50007,13395,20003,200291,210585,410876,1.0513952199549654,1.5,-30681.0,-14953.0,-15728.0,-6.94836680202103,1,0,24250.0,24150.0,24450.0,24550.0,416398.8993935429,2560.5772019216606,23.230385358633793,10.8260314280334,1920.4329014412456,17.028208393333596,16.34708005760025,18.390465064800285,19.07159340053363,17.028208393333596,14.984823386133565,17.028208393333596,17.36877256120027,19.07159340053363,-2116.7861265413835,16.8395249918622,16.85345904592693,16.846492018894565,2133.814334934717
2025-04-24 00:00:00+05:30,24277.900390625,24347.849609375,24216.150390625,24246.69921875,358800,0.0,0.0,-31.201171875,-0.1285167636944768,131.69921875,0.5424654382421642,24328.94921875,-51.048828125,-0.2098275090551684,-0.3380746092256692,24144.019921875,23399.4373046875,23023.656015625,395195.0,0.9079062235099128,1.3460826046709529,31.201171875,69.94921875,30.548828125,24250.0,24200.0,24150.0,24300.0,24350.0,24450.0,24300.0,24350.0,24200.0,24150.0,24050.0,0.9960118605061417,1.004260405934764,1.004260405934764,0.9960118605061417,0.0673041302335476,0.9079062235099128,0.1690373046128346,72446,67616,50712,54093,38661,43300,11598,17320,173417,182329,355746,1.0513905787783204,1.5,-55130.0,-26874.0,-28256.0,-13.41767345865906,0,0,24150.0,24050.0,24350.0,24450.0,360534.6350228127,2564.2078675987773,20.600771023040757,5.946414696102907,1923.1559006990828,13.273592859571831,12.742649145188958,14.335480288337578,14.866424002720452,13.273592859571831,11.680761716423211,13.273592859571831,13.539064716763269,14.866424002720452,-2123.566296806076,12.258940601934007,14.409748050109245,13.334344326021625,2136.8398896656477
2025-04-25 00:00:00+05:30,24289.0,24365.44921875,23847.849609375,24039.349609375,387700,0.0,0.0,-249.650390625,-1.0278331369138294,517.599609375,2.13100419685866,24246.69921875,42.30078125,0.1744599579034195,-0.855166336268387,24181.559765625,23418.4873046875,23032.376015625,398985.0,0.9717157286614784,1.3384938667871968,249.650390625,76.44921875,191.5,24050.0,24000.0,23950.0,24100.0,24150.0,24250.0,24100.0,24150.0,24000.0,23950.0,23850.0,0.9962831935627678,1.0046028862021228,1.0046028862021228,0.9962831935627678,0.0669246933393598,0.9717157286614784,0.4275831681341935,77840,72651,54488,58121,41525,46508,12458,18603,186311,195883,382194,1.0513764619372985,1.5,26448.0,12894.0,13554.0,7.43451788635712,0,1,23950.0,23850.0,24150.0,24250.0,387309.6432492287,2549.7517700909802,18.040696826185506,23.541230410439738,1912.3138275682354,20.790963618312624,19.959325073580118,22.454240707777636,23.285879252510142,20.790963618312624,18.29604798411511,20.790963618312624,21.206782890678877,23.285879252510142,-2104.002178124171,20.339256179352656,19.58428604127401,19.961771110313332,2124.793141742484
2025-04-28 00:00:00+05:30,24070.25,24355.099609375,24054.05078125,24328.5,320500,0.0,0.0,258.25,1.0729011954591248,301.048828125,1.2507091871708853,24039.349609375,30.900390625,0.1285408762180042,1.2028211882747275,24222.149609375,23451.47978515625,23047.74703125,398100.0,0.805074101984426,1.3613530051535112,258.25,26.599609375,16.19921875,24350.0,24300.0,24250.0,24400.0,24450.0,24550.0,24400.0,24450.0,24300.0,24250.0,24150.0,0.9967733316891711,1.004994142672175,1.004994142672175,0.9967733316891711,0.0680676502576755,0.805074101984426,0.6014105941373638,65447,61084,45813,48867,34951,39145,10485,15658,156696,164754,321450,1.0514244141522435,1.5,-60744.0,-29615.0,-31129.0,-15.893499113015904,1,0,24250.0,24150.0,24450.0,24550.0,325826.069235066,2593.2970787087684,18.035833321952527,13.636422837964727,1944.9728090315762,15.836128079958627,15.202682956760281,17.10301832635532,17.736463449553664,15.836128079958627,13.935792710363591,15.836128079958627,16.152850641557798,17.736463449553664,-2145.244770844015,14.743787671190894,15.37993858326579,15.061863127228342,2161.0808989239736
2025-04-29 00:00:00+05:30,24370.69921875,24457.650390625,24290.75,24335.94921875,357600,0.0,0.0,-34.75,-0.1425892613424259,166.900390625,0.6848403861001757,24328.5,42.19921875,0.173455900487083,0.0306193096573981,24255.889453125,23493.934765625,23066.8340234375,402050.0,0.8894416117398334,1.344726859527348,34.75,86.951171875,45.19921875,24350.0,24300.0,24250.0,24400.0,24450.0,24550.0,24400.0,24450.0,24300.0,24250.0,24150.0,0.996468219999252,1.004686514597184,1.004686514597184,0.996468219999252,0.0672363429763674,0.8894416117398334,0.015309654828699,72131,67322,50492,53858,38490,43109,11547,17244,172660,181533,354193,1.0513900150584965,1.5,32743.0,15964.0,16779.0,10.186032042308293,0,0,24250.0,24150.0,24450.0,24550.0,358955.92840556573,2561.6252531651407,15.861792890035725,7.507305006996343,1921.2189398738556,11.684548948516033,11.217166990575391,12.619312864397317,13.086694822337959,11.684548948516033,10.282403074694109,11.684548948516033,11.918239927486354,13.086694822337959,-2123.003162022435,11.299747222813929,11.478280768415873,11.389013995614901,2134.687710970951
2025-04-30 00:00:00+05:30,24342.05078125,24396.150390625,24198.75,24334.19921875,424500,0.0,0.0,-7.8515625,-0.0322551397602367,197.400390625,0.8109439603053166,24335.94921875,6.1015625,0.0250722190663471,-0.0071910077731884,24256.939453125,23531.047265625,23092.0819921875,397760.0,1.0672264682220434,1.34392294697285,7.8515625,54.099609375,135.44921875,24350.0,24300.0,24250.0,24400.0,24450.0,24550.0,24400.0,24450.0,24300.0,24250.0,24150.0,0.9965398812595764,1.004758766878212,1.004758766878212,0.9965398812595764,0.0671961473486425,1.0672264682220434,0.0035955038865942,85574,79869,59902,63895,45662,51142,13699,20457,204837,215363,420200,1.0513872005545872,1.5,66007.0,32177.0,33830.0,18.635884955377435,0,1,24250.0,24150.0,24450.0,24550.0,425847.1642231799,2560.0938472247085,12.666474552599166,8.90727950681529,1920.0703854185317,10.786877029707227,10.355401948518939,11.649827192083807,12.081302273272096,10.786877029707227,9.492451786142361,10.786877029707227,11.002614570301372,12.081302273272096,-2122.624662324217,10.562282603048715,11.771138118313562,11.166710360681138,2133.411539353924
2025-05-02 00:00:00+05:30,24311.900390625,24589.150390625,24238.5,24346.69921875,421100,0.0,0.0,34.798828125,0.1431349568148893,350.650390625,1.4422993883284236,24334.19921875,-22.298828125,-0.0916357588944956,0.0513680351164724,24276.939453125,23572.41474609375,23118.1109765625,404045.0,1.0422106448539148,1.3396863769237133,34.798828125,242.451171875,73.400390625,24350.0,24300.0,24250.0,24400.0,24450.0,24550.0,24400.0,24450.0,24300.0,24250.0,24150.0,0.9960282411229064,1.0042429070290746,1.0042429070290746,0.9960282411229064,0.0669843188461856,1.0422106448539148,0.0256840175582362,84621,78980,59235,63184,45145,50562,13544,20225,202545,212951,415496,1.0513762373793478,1.5,-4704.0,-2292.0,-2412.0,-1.1194669205140408,1,0,24250.0,24150.0,24450.0,24550.0,421062.343308663,2552.0234314761256,9.65027770259038,15.747127612336762,1914.0175736070944,12.69870265746357,12.190754551165027,13.714598870060657,14.222546976359201,12.69870265746357,11.174858338567942,12.69870265746357,12.952676710612842,14.222546976359201,-2113.987490239308,12.058893295581496,12.355431528724267,12.207162412152883,2126.6861928967714
2025-05-05 00:00:00+05:30,24419.5,24526.400390625,24400.650390625,24461.150390625,291500,0.0,0.0,41.650390625,0.1705620124285919,125.75,0.5149573087082044,24346.69921875,72.80078125,0.2990170478383956,0.4700890697612925,24361.299609375,23637.1873046875,23146.7059765625,402905.0,0.7234956131097902,1.2803965388461538,41.650390625,65.25,18.849609375,24450.0,24400.0,24350.0,24500.0,24550.0,24650.0,24500.0,24550.0,24400.0,24350.0,24250.0,0.99545604401878,1.0036322743597967,1.0036322743597967,0.99545604401878,0.0640198269423076,0.7234956131097902,0.2350445348806462,55985,52253,39190,41802,29785,33359,8936,13344,133896,140758,274654,1.0512487303578897,1.5,-140842.0,-68649.0,-72193.0,-33.89731790438415,1,0,24350.0,24250.0,24550.0,24650.0,278170.6603098025,2439.079791361038,9.573778374872127,5.635666589918397,1829.309843520779,8.0,7.68,8.64,8.96,8.0,7.04,8.0,8.16,8.96,-2024.5664928008653,8.704373110868218,8.30756364030256,8.50596837558539,2032.5664928008653
2025-05-06 00:00:00+05:30,24500.75,24509.650390625,24331.80078125,24379.599609375,302400,0.0,0.0,-121.150390625,-0.4944762532779608,177.849609375,0.725894551697397,24461.150390625,39.599609375,0.1618877638321416,-0.3333889859949313,24371.51953125,23689.5498046875,23175.71296875,400975.0,0.7541617307812207,1.2830311341869565,121.150390625,8.900390625,47.798828125,24400.0,24350.0,24300.0,24450.0,24500.0,24600.0,24450.0,24500.0,24350.0,24300.0,24200.0,0.9967349911134558,1.004938571287229,1.004938571287229,0.9967349911134558,0.0641515567093478,0.7541617307812207,0.1666944929974656,58198,54318,40739,43454,30966,34682,9290,13873,139193,146327,285520,1.05125257735662,1.5,10866.0,5297.0,5569.0,3.956250409606268,0,1,24300.0,24200.0,24500.0,24600.0,289183.3104943306,2444.0985398965167,7.980700497950273,7.984572271608034,1833.0739049223876,8.0,7.68,8.64,8.96,8.0,7.04,8.0,8.16,8.96,-2028.7487832470974,7.176107902773367,7.729492503074882,7.4528002029241245,2036.7487832470974
2025-05-07 00:00:00+05:30,24233.30078125,24449.599609375,24220.0,24414.400390625,330100,0.0,0.0,181.099609375,0.747317136075503,229.599609375,0.9474549564979106,24379.599609375,-146.298828125,-0.6000870829262587,0.1427454995471588,24387.209765625,23747.76484375,23204.8109765625,403320.0,0.8184568084895368,1.276005088651735,181.099609375,35.19921875,13.30078125,24400.0,24350.0,24300.0,24450.0,24500.0,24600.0,24450.0,24500.0,24350.0,24300.0,24200.0,0.995314224851128,1.0035061114754171,1.0035061114754171,0.995314224851128,0.0638002544325867,0.8184568084895368,0.0713727497735794,63181,58969,44227,47175,33606,37639,10082,15056,151096,158839,309935,1.051245565733044,1.5,24415.0,11903.0,12512.0,8.551064724012328,0,0,24300.0,24200.0,24500.0,24600.0,313889.78637151275,2430.7143380823,6.58127048707884,10.344320630629689,1823.0357535617252,8.462795558854264,8.124283736500093,9.139819203562606,9.478331025916777,8.462795558854264,7.447260091791752,8.462795558854264,8.63205147003135,9.478331025916777,-2017.132486176396,8.0283867478482,8.797945960143846,8.413166353996022,2025.5952817352502
2025-05-08 00:00:00+05:30,24431.5,24447.25,24150.19921875,24273.80078125,411400,0.0,0.0,-157.69921875,-0.6454749759531752,297.05078125,1.215851590160244,24414.400390625,17.099609375,0.0700390306598156,-0.5758880297096702,24375.130078125,23816.232421875,23231.3809765625,400550.0,1.0270877543377857,1.225944713341231,157.69921875,15.75,123.6015625,24250.0,24200.0,24150.0,24300.0,24350.0,24450.0,24300.0,24350.0,24200.0,24150.0,24050.0,0.9948998188472558,1.003139154821146,1.003139154821146,0.9948998188472558,0.0612972356670615,1.0270877543377857,0.2879440148548351,75653,70610,52957,56488,40145,44963,12044,17985,180799,190046,370845,1.051145194387137,1.5,60910.0,29703.0,31207.0,19.65250778389017,0,1,24150.0,24050.0,24350.0,24450.0,375391.3546721903,2335.352279482991,7.340028246683682,13.403185039958263,1751.5142096122436,10.371606643320973,9.956742377588133,11.201335174786651,11.616199440519491,10.371606643320973,9.127013846122457,10.371606643320973,10.579038776187392,11.616199440519491,-1935.7552929258384,10.305982116775855,10.371067505752283,10.338524811264069,1946.1268995691594
2025-05-09 00:00:00+05:30,23935.75,24164.25,23935.75,24008.0,335600,0.0,0.0,72.25,0.3018497435843874,228.5,0.9546389814398965,24273.80078125,-338.05078125,-1.3926569814774257,-1.09501096942064,24307.390234375,23908.55244140625,23252.88296875,384975.0,0.8717449185012014,0.965876935871112,72.25,156.25,0.0,24000.0,23950.0,23900.0,24050.0,24100.0,24200.0,24050.0,24100.0,23950.0,23900.0,23800.0,0.9955014995001666,1.0038320559813396,1.0038320559813396,0.9955014995001666,0.0482938467935556,0.8717449185012014,0.54750548471032,48622,45381,34035,36305,25485,28544,7646,11418,115788,121648,237436,1.0506097350329913,1.5,-133409.0,-65011.0,-68398.0,-35.97432889751783,0,0,23900.0,23800.0,24100.0,24200.0,239729.3395614549,1839.938521973792,8.972309261679143,10.416690850952788,1379.953891480344,9.694500056315967,9.306720054063328,10.470060060821245,10.857840063073883,9.694500056315967,8.53116004955805,9.694500056315967,9.888390057442287,10.857840063073883,-1523.5876015885106,10.378566656700562,9.810951070791168,10.094758863745865,1533.2821016448265
2025-05-12 00:00:00+05:30,24420.099609375,24944.80078125,24378.849609375,24924.69921875,368700,0.0,0.0,504.599609375,2.0663290381554447,565.951171875,2.3175629130428628,24008.0,412.099609375,1.716509535883872,3.818307309021995,24400.1,24027.994921875,23293.1139453125,379995.0,0.9702759246832195,1.2030654679017216,504.599609375,20.1015625,41.25,24900.0,24850.0,24800.0,24950.0,25000.0,25100.0,24950.0,25000.0,24850.0,24800.0,24700.0,0.9949969619430274,1.0030211309909551,1.0030211309909551,0.9949969619430274,0.060153273395086,0.9702759246832195,1.9091536545109975,66536,62100,46575,49680,35269,39501,10581,15800,158961,167081,326042,1.0510817118664326,1.5,88606.0,43173.0,45433.0,37.3178456510386,0,0,24800.0,24700.0,25000.0,25100.0,329964.49871285615,2291.7686680782112,18.020355937193237,25.16101713542126,1718.8265010586583,21.59068653630725,20.72705907485496,23.31794145921183,24.18156892066412,21.59068653630725,18.99980415195038,21.59068653630725,22.022500267033394,24.18156892066412,-1888.216536862202,20.569667406322605,22.307307241926868,21.438487324124736,1909.8072233985092
2025-05-13 00:00:00+05:30,24864.05078125,24973.80078125,24547.5,24578.349609375,423000,0.0,0.0,-285.701171875,-1.1490532029095093,426.30078125,1.7145266674385726,24924.69921875,-60.6484375,-0.243326657496337,-1.389583907654357,24439.85,24136.9548828125,23328.7629296875,381955.0,1.107460302915265,1.253076337303504,285.701171875,109.75,30.849609375,24600.0,24550.0,24500.0,24650.0,24700.0,24800.0,24650.0,24700.0,24550.0,24500.0,24400.0,0.996812251000567,1.0049494938658778,1.0049494938658778,0.996812251000567,0.0626538168651752,1.107460302915265,0.6947919538271785,79508,74207,55656,59366,42245,47314,12674,18926,190083,199813,389896,1.0511881651699522,1.5,63854.0,31122.0,32732.0,19.584593395942854,0,1,24500.0,24400.0,24700.0,24800.0,394781.6945160928,2387.036420845028,19.257864100598727,18.876444395967205,1790.2773156337712,19.067154248282968,18.304468078351647,20.592526588145606,21.355212758076927,19.067154248282968,16.779095738489012,19.067154248282968,19.44849733324863,21.355212758076927,-1970.1298631225739,19.231148778444997,18.400072868806248,18.815610823625622,1989.1970173708569
2025-05-14 00:00:00+05:30,24613.80078125,24767.55078125,24535.55078125,24666.900390625,345500,0.0,0.0,53.099609375,0.2157310439249576,232.0,0.9425606474264232,24578.349609375,35.451171875,0.1442373977033744,0.3602796064721358,24490.35,24228.87236328125,23371.0339453125,379120.0,0.9113209537877188,1.2061038377125612,53.099609375,100.650390625,78.25,24650.0,24600.0,24550.0,24700.0,24750.0,24850.0,24700.0,24750.0,24600.0,24550.0,24450.0,0.9952608398796052,1.00336887116172,1.00336887116172,0.9952608398796052,0.060305191885628,0.9113209537877188,0.1801398032360679,62506,58339,43754,46671,33138,37114,9941,14846,149339,156970,306309,1.0510985074227095,1.5,-83587.0,-40744.0,-42843.0,-21.438280977491434,1,0,24550.0,24450.0,24750.0,24850.0,310003.40460425895,2297.5565831337913,17.318075480117518,10.318161706013877,1723.1674373503433,13.818118593065698,13.26539384934307,14.923568080510956,15.476292824233584,13.818118593065698,12.159944361897814,13.818118593065698,14.094480964927012,15.476292824233584,-1900.8123673517603,13.048687915988296,13.90319810724072,13.475943011614508,1914.630485944826
2025-05-15 00:00:00+05:30,24694.44921875,25116.25,24494.44921875,25062.099609375,500800,0.0,0.0,367.650390625,1.4887976944464525,621.80078125,2.517977929946618,24666.900390625,27.548828125,0.1116833801115535,1.602143814146184,24648.009765625,24315.5498046875,23421.324921875,384745.0,1.301641346866106,1.166548119963893,367.650390625,54.150390625,200.0,25050.0,25000.0,24950.0,25100.0,25150.0,25250.0,25100.0,25150.0,25000.0,24950.0,24850.0,0.995527126173696,1.0035073035378137,1.0035073035378137,0.995527126173696,0.0583274059981946,1.301641346866106,0.8010719070730921,87631,81789,61342,65431,46371,51936,13911,20774,209255,219930,429185,1.0510143126807006,1.5,122876.0,59916.0,62960.0,40.1150472235553,0,0,24950.0,24850.0,25150.0,25250.0,434191.649548667,2222.2052768263707,19.923759481619722,27.484259370106024,1666.653957619778,23.70400942586287,22.755849048828356,25.600330179931902,26.548490556966417,23.70400942586287,20.859528294759325,23.70400942586287,24.17808961438013,26.548490556966417,-1828.133721262779,24.238704596557834,24.043790196379693,24.141247396468763,1851.837730688642
2025-05-16 00:00:00+05:30,25064.650390625,25070.0,24953.05078125,25019.80078125,432700,0.0,0.0,-44.849609375,-0.1789357069659157,116.94921875,0.466590265283504,25062.099609375,2.55078125,0.010177843396033,-0.1687760753659173,24850.369921875,24394.6798828125,23470.819921875,388960.0,1.1124537227478404,1.1722903912665676,44.849609375,5.349609375,66.75,25000.0,24950.0,24900.0,25050.0,25100.0,25200.0,25050.0,25100.0,24950.0,24900.0,24800.0,0.9952117611847742,1.0032054299493105,1.0032054299493105,0.9952117611847742,0.0586145195633283,1.1124537227478404,0.0843880376829586,76088,71015,53262,56812,40274,45107,12082,18043,181706,190977,372683,1.051021980562007,1.5,-56502.0,-27549.0,-28953.0,-13.164952176800217,0,0,24900.0,24800.0,25100.0,25200.0,377051.926998884,2233.1439645421992,18.472339180534508,5.126409816554877,1674.8579734066493,11.799374498544692,11.327399518602904,12.743324458428269,13.215299438370057,11.799374498544692,10.38344955871933,11.799374498544692,12.035361988515586,13.215299438370057,-1849.1539292866212,12.13116303828622,12.037138864897877,12.084150951592047,1860.9533037851659
2025-05-19 00:00:00+05:30,25005.349609375,25062.94921875,24916.650390625,24945.44921875,255300,0.0,0.0,-59.900390625,-0.2395503024782431,146.298828125,0.5850701166367602,25019.80078125,-14.451171875,-0.0577589406140667,-0.2971708813753637,24854.519921875,24449.36982421875,23527.234921875,376460.0,0.678159698241513,1.1294497789405562,59.900390625,57.599609375,28.798828125,24950.0,24900.0,24850.0,25000.0,25050.0,25150.0,25000.0,25050.0,24900.0,24850.0,24750.0,0.9961736821047802,1.0041911765281588,1.0041911765281588,0.9961736821047802,0.0564724889470278,0.678159698241513,0.1485854406876818,43252,40369,30276,32295,22847,25589,6854,10236,103229,108489,211718,1.050954673589786,1.5,-160965.0,-78477.0,-82488.0,-43.1908619389669,0,0,24850.0,24750.0,25050.0,25150.0,214109.2484829774,2151.535128057784,17.462819854837058,6.418516993382186,1613.6513460433382,11.94066842410962,11.463041687145235,12.895921898038392,13.373548635002777,11.94066842410962,10.507788213216466,11.94066842410962,12.179481792591814,13.373548635002777,-1781.0052716240436,11.024041820436164,12.340569158093214,11.682305489264689,1792.9459400481533
2025-05-20 00:00:00+05:30,24996.19921875,25010.349609375,24669.69921875,24683.900390625,414800,0.0,0.0,-312.298828125,-1.2493852581025209,340.650390625,1.3628087520180805,24945.44921875,50.75,0.2034439209932297,-1.0484831354666824,24875.630078125,24477.2873046875,23578.5269140625,376895.0,1.1005717772854509,1.1422317356106968,312.298828125,14.150390625,14.201171875,24700.0,24650.0,24600.0,24750.0,24800.0,24900.0,24750.0,24800.0,24650.0,24600.0,24500.0,0.9966010075677963,1.0047034547837947,1.0047034547837947,0.9966010075677963,0.0571115867805348,1.1005717772854509,0.5242415677333412,71070,66332,49749,53066,37564,42072,11269,16829,169652,178299,347951,1.050969042510551,1.5,136233.0,66423.0,69810.0,64.34644196525568,0,1,24600.0,24500.0,24800.0,24900.0,351925.4067463748,2175.8840006627406,18.184460211743055,15.035541165159897,1631.9130004970557,16.610000688451475,15.945600660913415,17.938800743527594,18.603200771065655,16.610000688451475,14.616800605837298,16.610000688451475,16.942200702220504,18.603200771065655,-1796.626666530499,16.076263884159793,17.266889968565167,16.67157692636248,1813.2366672189505
2025-05-21 00:00:00+05:30,24744.25,24946.19921875,24685.349609375,24813.44921875,332700,0.0,0.0,69.19921875,0.2796577740283096,260.849609375,1.054182726795114,24683.900390625,60.349609375,0.2444897622335282,0.524831270888626,24904.93984375,24509.597265625,23633.142890625,371485.0,0.8955947077270953,1.1457855845606415,69.19921875,132.75,58.900390625,24800.0,24750.0,24700.0,24850.0,24900.0,25000.0,24850.0,24900.0,24750.0,24700.0,24600.0,0.9954279142029044,1.0034880592571789,1.0034880592571789,0.9954279142029044,0.057289279228032,0.8955947077270953,0.262415635444313,57180,53368,40026,42694,30228,33855,9068,13542,136502,143459,279961,1.0509662862082607,1.5,-67990.0,-33150.0,-34840.0,-19.54010765883702,1,0,24700.0,24600.0,24900.0,25000.0,283168.75278039183,2182.653873036162,17.559808298315396,11.524490693162013,1636.9904047771217,14.542149495738705,13.960463515909156,15.705521455397802,16.28720743522735,14.542149495738705,12.797091556250061,14.542149495738705,14.83299248565348,16.28720743522735,-1804.3360780343967,14.034405433402192,13.462475230047055,13.748440331724623,1818.8782275301353
2025-05-22 00:00:00+05:30,24733.94921875,24737.5,24462.400390625,24609.69921875,403300,0.0,0.0,-124.25,-0.5023459816348702,275.099609375,1.1122348758056635,24813.44921875,-79.5,-0.3203907659074125,-0.8211272774042211,24814.459765625,24523.634765625,23678.590859375,370900.0,1.0873550822324076,1.1578345412198,124.25,3.55078125,147.298828125,24600.0,24550.0,24500.0,24650.0,24700.0,24800.0,24650.0,24700.0,24550.0,24500.0,24400.0,0.9955424396789692,1.0036693167375732,1.0036693167375732,0.9955424396789692,0.05789172706099,1.0873550822324076,0.4105636387021105,70043,65374,49030,52299,37049,41495,11115,16598,167237,175766,343003,1.0509994797801925,1.5,63042.0,30735.0,32307.0,22.51813645472048,0,1,24500.0,24400.0,24700.0,24800.0,346974.4072114202,2205.606423908271,17.955872168637487,12.260711022606692,1654.2048179312033,15.10829159562209,14.503959931797205,16.316954923271858,16.92128658709674,15.10829159562209,13.295296604147438,15.10829159562209,15.410457427534531,16.92128658709674,-1822.8970616612705,14.709993160374543,14.864994368515802,14.787493764445173,1838.0053532568927
2025-05-23 00:00:00+05:30,24639.5,24909.05078125,24614.05078125,24853.150390625,270500,0.0,0.0,213.650390625,0.86710521976907,295.0,1.1972645548813896,24609.69921875,29.80078125,0.121093642734548,0.9892488718005854,24781.1296875,24553.95732421875,23724.7598828125,366485.0,0.7380929642413742,1.171554326428409,213.650390625,55.900390625,25.44921875,24850.0,24800.0,24750.0,24900.0,24950.0,25050.0,24900.0,24950.0,24800.0,24750.0,24650.0,0.995849605019736,1.0038968745552488,1.0038968745552488,0.995849605019736,0.0585777163214204,0.7380929642413742,0.4946244359002927,47536,44367,33275,35494,25160,28180,7548,11272,113519,119313,232832,1.0510399140232032,1.5,-110171.0,-53718.0,-56453.0,-32.11954414392877,1,0,24750.0,24650.0,24950.0,25050.0,235559.7533693098,2231.7418044945766,18.37821618807965,13.06185014598021,1673.8063533709326,15.720033167029932,15.091231840348733,16.97763582039233,17.606437147073525,15.720033167029932,13.83362918698634,15.720033167029932,16.03443383037053,17.606437147073525,-1844.0648039117839,15.840580122842377,14.620123572911512,15.230351847876944,1859.7848370788138
2025-05-26 00:00:00+05:30,24919.349609375,25079.19921875,24900.5,25001.150390625,302800,0.0,0.0,81.80078125,0.3282621036755527,178.69921875,0.7171102839809709,24853.150390625,66.19921875,0.2663614781608185,0.5954979456279652,24792.269921875,24602.04736328125,23773.732890625,362240.0,0.8359098939929329,1.1520934886976162,81.80078125,78.048828125,18.849609375,25000.0,24950.0,24900.0,25050.0,25100.0,25200.0,25050.0,25100.0,24950.0,24900.0,24800.0,0.9959541705463708,1.0039538024383097,1.0039538024383097,0.9959541705463708,0.0576046744348808,0.8359098939929329,0.2977489728139826,52328,48840,36630,39072,27671,30992,8301,12397,124930,131301,256231,1.050996558072521,1.5,23399.0,11411.0,11988.0,10.0497354315558,0,0,24900.0,24800.0,25100.0,25200.0,259183.0206670248,2194.6700578973014,17.24653414033756,7.84000331854475,1646.002543422976,12.543268729441154,12.041537980263508,13.546730227796447,14.048460976974093,12.543268729441154,11.038076481908215,12.543268729441154,12.794134104029977,14.048460976974093,-1816.3484461849764,13.16328495157683,13.606506618674095,13.384895785125462,1828.8917149144177
2025-05-27 00:00:00+05:30,24956.650390625,25062.900390625,24704.099609375,24826.19921875,525700,0.0,0.0,-130.451171875,-0.5227110603112193,358.80078125,1.4376960675170736,25001.150390625,-44.5,-0.1779918095956365,-0.6997724870316469,24820.7296875,24626.93232421875,23821.050859375,372500.0,1.4112751677852349,1.143673262888667,130.451171875,106.25,122.099609375,24850.0,24800.0,24750.0,24900.0,24950.0,25050.0,24900.0,24950.0,24800.0,24750.0,24650.0,0.9969306933341432,1.0049866989368432,1.0049866989368432,0.9969306933341432,0.0571836631444333,1.4112751677852349,0.3498862435158234,90184,84172,63129,67338,47671,53391,14301,21356,215285,226257,441542,1.0509649998838748,1.5,185311.0,90355.0,94956.0,72.32185020547865,0,1,24750.0,24650.0,24950.0,25050.0,446591.7977984239,2178.6300249963906,14.078970576402359,15.80901542445651,1633.972518747293,14.943993000429433,14.346233280412255,16.13951244046379,16.737272160480966,14.943993000429433,13.150713840377902,14.943993000429433,15.242872860438021,16.737272160480966,-1800.5810278298961,15.914988460742553,16.158266588265754,16.036627524504155,1815.5250208303255
2025-05-28 00:00:00+05:30,24832.5,24864.25,24737.05078125,24752.44921875,684400,0.0,0.0,-80.05078125,-0.3223629568106312,127.19921875,0.5122288080136917,24826.19921875,6.30078125,0.025379564525694,-0.2970652065995671,24808.5296875,24647.75732421875,23866.1418359375,388840.0,1.760106984878099,1.1471735120172344,80.05078125,31.75,15.3984375,24750.0,24700.0,24650.0,24800.0,24850.0,24950.0,24800.0,24850.0,24700.0,24650.0,24550.0,0.9958610472101324,1.0039410557067665,1.0039410557067665,0.9958610472101324,0.0573586756008617,1.760106984878099,0.1485326032997835,117769,109918,82438,87934,62262,69734,18679,27894,281148,295480,576628,1.0509767097756342,1.5,135086.0,65863.0,69223.0,30.59414506434269,0,1,24650.0,24550.0,24850.0,24950.0,583242.9236788747,2185.2977928754813,12.296995551311833,5.623124643041947,1638.973344656611,8.96006009717689,8.601657693289813,9.67686490495104,10.035267308838117,8.96006009717689,7.884852885515662,8.96006009717689,9.139261299120427,10.035267308838117,-1812.1214339657245,8.271753488427757,9.297477293097412,8.784615390762585,1821.0814940629014
2025-05-29 00:00:00+05:30,24825.099609375,24892.599609375,24677.30078125,24833.599609375,345400,0.0,0.0,8.5,0.0342395403593468,215.298828125,0.8672626958712952,24752.44921875,72.650390625,0.2935078867668872,0.3278479228775888,24853.309765625,24672.72734375,23913.403828125,384885.0,0.897410914948621,1.148109243888739,8.5,59.0,147.798828125,24850.0,24800.0,24750.0,24900.0,24950.0,25050.0,24900.0,24950.0,24800.0,24750.0,24650.0,0.9966336088730592,1.0046872137932457,1.0046872137932457,0.9966336088730592,0.0574054621944369,0.897410914948621,0.1639239614387944,59484,55518,41639,44414,31449,35223,9435,14089,142007,149244,291251,1.0509622765074962,1.5,-285377.0,-139141.0,-146236.0,-49.4906594893068,1,0,24750.0,24650.0,24950.0,25050.0,294594.8796539184,2187.0803068300847,11.682350221394849,9.523832111042541,1640.3102301225638,10.603091166218695,10.178967519569946,11.451338459516192,11.875462106164939,10.603091166218695,9.330720226272451,10.603091166218695,10.81515298954307,11.875462106164939,-1811.9638311921854,9.908855850851783,10.209716028802214,10.059285939827,1822.566922358404
2025-05-30 00:00:00+05:30,24812.599609375,24863.94921875,24717.400390625,24750.69921875,853900,0.0,0.0,-61.900390625,-0.2494716055532208,146.548828125,0.5906226289551262,24833.599609375,-21.0,-0.0845628516619565,-0.333823496911434,24832.81953125,24692.92734375,23960.473828125,406525.0,2.1004858249800136,1.1523288447280695,61.900390625,51.349609375,33.298828125,24750.0,24700.0,24650.0,24800.0,24850.0,24950.0,24800.0,24850.0,24700.0,24650.0,24550.0,0.995931459638372,1.0040120394325982,1.0040120394325982,0.995931459638372,0.0576164422364034,2.1004858249800136,0.166911748455717,147596,137756,103317,110205,78050,87416,23415,34966,352378,370343,722721,1.0509821839047842,1.5,431470.0,210371.0,221099.0,148.14369736069574,0,1,24650.0,24550.0,24850.0,24950.0,731049.1225499072,2195.118397236121,10.037603968992169,6.481128776963474,1646.3387979270908,8.259366372977821,7.9289917180587075,8.920115682816048,9.25049033773516,8.259366372977821,7.268242408220482,8.259366372977821,8.424553700437377,9.25049033773516,-1821.005964657123,8.252626931244892,8.322821745031673,8.287724338138283,1829.265331030101
2025-06-02 00:00:00+05:30,24669.69921875,24754.400390625,24526.150390625,24716.599609375,311100,0.0,0.0,46.900390625,0.1901133459679709,228.25,0.925224089584848,24750.69921875,-81.0,-0.3272634816661587,-0.1377723072533143,24775.909375,24705.6998046875,24004.6308203125,407505.0,0.763426215629256,1.149749228659741,46.900390625,37.80078125,143.548828125,24700.0,24650.0,24600.0,24750.0,24800.0,24900.0,24750.0,24800.0,24650.0,24600.0,24500.0,0.9952825384066676,1.003374266361193,1.003374266361193,0.9952825384066676,0.057487461432987,0.763426215629256,0.0688861536266571,53653,50076,37557,40061,28369,31773,8511,12709,128090,134619,262709,1.0509719728316027,1.5,-460012.0,-224288.0,-235724.0,-63.6500115535594,0,0,24600.0,24500.0,24800.0,24900.0,265729.4947011197,2190.2043809678485,9.300413641927882,10.156024009900596,1642.6532857258867,9.72821882591424,9.33909007287767,10.50647633198738,10.89560508502395,9.72821882591424,8.560832566804532,9.72821882591424,9.922783202432525,10.89560508502395,-1815.442098647293,9.693741522070805,9.73408994894921,9.713915735510007,1825.1703174732072
2025-06-03 00:00:00+05:30,24786.30078125,24845.099609375,24502.150390625,24542.5,349300,0.0,0.0,-243.80078125,-0.9836110010995552,342.94921875,1.3836240501423651,24716.599609375,69.701171875,0.2820014604620708,-0.7043833380258491,24719.16953125,24713.84482421875,24038.7948046875,409850.0,0.852263023057216,1.1593513709590422,243.80078125,58.798828125,40.349609375,24550.0,24500.0,24450.0,24600.0,24650.0,24750.0,24600.0,24650.0,24500.0,24450.0,24350.0,0.9962310278089028,1.0043801568707345,1.0043801568707345,0.9962310278089028,0.0579675685479521,0.852263023057216,0.3521916690129245,60744,56695,42521,45356,32133,35989,9640,14396,145038,152436,297474,1.0510073222190046,1.5,34765.0,16948.0,17817.0,13.233273317625205,0,1,24450.0,24350.0,24650.0,24750.0,300922.7688972467,2208.49589498358,10.033169868652598,15.23909704171822,1656.371921237685,12.636133455185409,12.130688116977991,13.647024131600242,14.15246946980766,12.636133455185409,11.11979744056316,12.636133455185409,12.888856124289116,14.15246946980766,-1827.7771123644645,12.892691341053093,13.679907582898174,13.286299461975634,1840.41324581965
2025-06-04 00:00:00+05:30,24560.44921875,24644.25,24530.44921875,24620.19921875,280900,0.0,0.0,59.75,0.2432773092537147,113.80078125,0.4633497548698007,24542.5,17.94921875,0.073135250076398,0.3165904807986175,24692.71953125,24724.134765625,24073.046796875,407390.0,0.6895112791182896,1.1608161663587806,59.75,24.05078125,30.0,24600.0,24550.0,24500.0,24650.0,24700.0,24800.0,24650.0,24700.0,24550.0,24500.0,24400.0,0.995117861651645,1.003241272767169,1.003241272767169,0.995117861651645,0.058040808317939,0.6895112791182896,0.1582952403993087,48911,45650,34238,36520,25875,28980,7762,11592,116786,122742,239528,1.0509992636103642,1.5,-57946.0,-28252.0,-29694.0,-19.479349455750757,1,0,24500.0,24400.0,24700.0,24800.0,242308.47974695588,2211.286243715075,8.991762864225848,5.074458286742069,1658.4646827863064,8.0,7.68,8.64,8.96,8.0,7.04,8.0,8.16,8.96,-1834.7385364292295,7.960760196456023,8.07880245472992,8.019781325592971,1842.7385364292295
2025-06-05 00:00:00+05:30,24691.19921875,24899.849609375,24613.099609375,24750.900390625,388400,0.0,0.0,59.701171875,0.2417913012085056,286.75,1.1613449693534843,24620.19921875,71.0,0.2883810946010889,0.5308696762106768,24676.1796875,24747.98974609375,24104.251796875,406240.0,0.956085072863332,1.15586419245806,59.701171875,148.94921875,78.099609375,24750.0,24700.0,24650.0,24800.0,24850.0,24950.0,24800.0,24850.0,24700.0,24650.0,24550.0,0.9959233648460232,1.004003878962421,1.004003878962421,0.9959233648460232,0.057793209622903,0.956085072863332,0.2654348381053384,67341,62851,47139,50281,35616,39890,10685,15956,160781,168978,329759,1.0509823921980832,1.5,90231.0,43995.0,46236.0,37.67033499215123,0,0,24650.0,24550.0,24850.0,24950.0,333570.56620240776,2201.853025878139,9.087770771571902,12.699156247049595,1651.3897694086045,10.893463509310749,10.457724968938319,11.764940590055609,12.200679130428039,10.893463509310749,9.586247888193459,10.893463509310749,11.111332779496964,12.200679130428039,-1823.984058055805,9.543104510903287,11.74140241668383,10.642253463793558,1834.8775215651158
2025-06-06 00:00:00+05:30,24748.69921875,25029.5,24671.44921875,25003.05078125,335600,0.0,0.0,254.3515625,1.0277370953997425,358.05078125,1.446745859591421,24750.900390625,-2.201171875,-0.0088933002042776,1.018752395450262,24726.65,24797.74228515625,24137.3048046875,406240.0,0.8261126427727452,1.1369793206619383,254.3515625,26.44921875,77.25,25000.0,24950.0,24900.0,25050.0,25100.0,25200.0,25050.0,25100.0,24950.0,24900.0,24800.0,0.9958784717052496,1.003877495574368,1.003877495574368,0.9958784717052496,0.0568489660330969,0.8261126427727452,0.509376197725131,57236,53420,40065,42736,30245,33874,9074,13550,136620,143580,280200,1.0509442248572682,1.5,-49559.0,-24161.0,-25398.0,-15.028854405793322,1,0,24900.0,24800.0,25100.0,25200.0,283385.8160564948,2165.8784603721488,10.21473538178871,15.796935176376989,1624.4088452791113,13.005835279082849,12.485601867919534,14.046302101409477,14.566535512572791,13.005835279082849,11.445135045592908,13.005835279082849,13.265951984664506,14.566535512572791,-1791.8928816977075,12.770377874339738,13.01828945307787,12.894333663708803,1804.8987169767904
2025-06-09 00:00:00+05:30,25160.099609375,25160.099609375,25077.150390625,25103.19921875,279200,0.0,0.0,-56.900390625,-0.2261532804257982,82.94921875,0.3296855737371245,25003.05078125,157.048828125,0.6281186623944797,0.4005448710087123,24803.969921875,24806.66728515625,24166.201796875,401765.0,0.6949336054658818,0.7605207325541539,56.900390625,0.0,26.048828125,25100.0,25050.0,25000.0,25150.0,25200.0,25300.0,25150.0,25200.0,25050.0,25000.0,24900.0,0.9958890013240655,1.003856113334658,1.003856113334658,0.9958890013240655,0.0380260366277076,0.6949336054658818,0.2002724355043561,31851,29727,22296,23782,16531,18514,4959,7406,75637,79429,155066,1.050134193582506,1.5,-125134.0,-60983.0,-64151.0,-44.65881513204854,1,0,25000.0,24900.0,25200.0,25300.0,156245.3090791424,1448.7470821778081,9.433062538459714,3.6205305543039272,1086.5603116333562,9.433062538459714,9.055740036921325,10.187707541536492,10.56503004307488,9.433062538459714,8.301095033844549,9.433062538459714,9.621723789228907,10.56503004307488,-1197.8561726097137,9.196301407056147,10.277040860174226,9.736671133615186,1207.2892351481735
2025-06-10 00:00:00+05:30,25196.05078125,25199.30078125,25055.44921875,25104.25,307300,0.0,0.0,-91.80078125,-0.3643459129647208,143.8515625,0.5709290068864649,25103.19921875,92.8515625,0.3698793993980162,0.0041858459586929,24916.319921875,24832.9623046875,24194.9137890625,395980.0,0.7760492954189605,0.6826518088361241,91.80078125,3.25,48.80078125,25100.0,25050.0,25000.0,25150.0,25200.0,25300.0,25150.0,25200.0,25050.0,25000.0,24900.0,0.9958473166894052,1.0038140952229204,1.0038140952229204,0.9958473166894052,0.0341325904418062,0.7760492954189605,0.0020929229793464,31467,29369,22027,23495,16271,18223,4881,7289,74646,78376,153022,1.0499691879002224,1.5,-2044.0,-991.0,-1053.0,-1.318148401325887,1,0,25000.0,24900.0,25200.0,25300.0,154066.60745091722,1300.4113811247287,8.016915163120599,6.276593937783328,975.3085358435465,8.0,7.68,8.64,8.96,8.0,7.04,8.0,8.16,8.96,-1075.6761509372739,7.5499901351095895,7.473490731870876,7.511740433490233,1083.6761509372739
2025-06-11 00:00:00+05:30,25134.150390625,25222.400390625,25081.30078125,25141.400390625,301200,0.0,0.0,7.25,0.0288452161195957,141.099609375,0.5613860312844707,25104.25,29.900390625,0.1191048950874851,0.1479844672714669,25020.56015625,24856.6873046875,24228.0048046875,393765.0,0.7649232410193897,0.6801705664565487,7.25,81.0,52.849609375,25150.0,25100.0,25050.0,25200.0,25250.0,25350.0,25200.0,25250.0,25100.0,25050.0,24950.0,0.9963645465564804,1.0043195529162128,1.0043195529162128,0.9963645465564804,0.0340085283228274,0.7649232410193897,0.0739922336357334,30730,28681,21511,22945,15888,17794,4766,7118,72895,76538,149433,1.0499759928664518,1.5,-3589.0,-1751.0,-1838.0,-2.3454143848596933,1,0,25050.0,24950.0,25250.0,25350.0,150449.39928257302,1295.6847609239703,7.027018406341407,6.150527866651388,971.7635706929779,8.0,7.68,8.64,8.96,8.0,7.04,8.0,8.16,8.96,-1071.7373007699755,7.60252166392688,8.416735424792915,8.009628544359897,1079.7373007699755
2025-06-12 00:00:00+05:30,25164.44921875,25196.19921875,24825.900390625,24888.19921875,328300,0.0,0.0,-276.25,-1.097778845062766,370.298828125,1.471515728025912,25141.400390625,23.048828125,0.0916767871593767,-1.0071084662786611,25048.019921875,24847.99228515625,24253.9298046875,385140.0,0.8524173027989822,0.6243243573333379,276.25,31.75,62.298828125,24900.0,24850.0,24800.0,24950.0,25000.0,25100.0,24950.0,25000.0,24850.0,24800.0,24700.0,0.9964561831904836,1.0044921201516972,1.0044921201516972,0.9964561831904836,0.0312162178666668,0.8524173027989822,0.5035542331393306,30745,28695,21522,22956,15852,17754,4756,7102,72875,76507,149382,1.0498387650085763,1.5,-51.0,-20.0,-31.0,-0.0341290076489128,0,0,24800.0,24700.0,25000.0,25100.0,150314.62821147166,1189.3010305998505,8.785096565271276,16.232437317095606,891.975772949888,12.508766941183442,12.008416263536104,13.509468296478119,14.009818974125457,12.508766941183442,11.007714908241429,12.508766941183442,12.75894228000711,14.009818974125457,-978.5754252253586,13.347928775846047,12.37897581491203,12.863452295379037,991.084192166542
2025-06-13 00:00:00+05:30,24473.0,24754.349609375,24473.0,24718.599609375,318700,0.0,0.0,245.599609375,1.0035533419482694,281.349609375,1.149632694704368,24888.19921875,-415.19921875,-1.668257374110063,-0.6814458847919758,24991.1296875,24832.9322265625,24277.9148046875,379440.0,0.839921990301497,0.6405091405595773,245.599609375,35.75,0.0,24700.0,24650.0,24600.0,24750.0,24800.0,24900.0,24750.0,24800.0,24650.0,24600.0,24500.0,0.9952020093674716,1.0032930826143616,1.0032930826143616,0.9952020093674716,0.0320254570279788,0.839921990301497,0.3407229423959879,30620,28578,21434,22862,15800,17696,4740,7078,72594,76214,148808,1.0498663801416095,1.5,-574.0,-281.0,-293.0,-0.3842497757427267,0,0,24600.0,24500.0,24800.0,24900.0,149761.12884188388,1220.1320868367363,9.478317228287967,12.532276594499884,915.0990651275523,11.005296911393925,10.565085034938168,11.88572066430544,12.325932540761197,11.005296911393925,9.684661282026655,11.005296911393925,11.225402849621803,12.325932540761197,-1005.7714421192196,10.039910798676187,11.176720059949934,10.60831542931306,1016.7767390306135
2025-06-16 00:00:00+05:30,24732.349609375,24967.099609375,24703.599609375,24946.5,305800,0.0,0.0,214.150390625,0.8658715973504779,263.5,1.0654062560239654,24718.599609375,13.75,0.0556261285723688,0.921979376770854,24959.78984375,24832.984765625,24313.5308203125,381965.0,0.8005969133297554,0.6737587483012404,214.150390625,20.599609375,28.75,24950.0,24900.0,24850.0,25000.0,25050.0,25150.0,25000.0,25050.0,24900.0,24850.0,24750.0,0.9961317218848336,1.0041488786002044,1.0041488786002044,0.9961317218848336,0.033687937415062,0.8005969133297554,0.460989688385427,30905,28845,21634,23076,15973,17890,4792,7156,73304,76967,150271,1.049969987995198,1.5,1463.0,710.0,753.0,0.9831460674157304,0,0,24850.0,24750.0,25050.0,25150.0,151283.46400865976,1283.4706259946558,10.742963189300127,11.632412655050116,962.6029694959919,11.187687922175122,10.740180405288116,12.082702955949133,12.530210472836139,11.187687922175122,9.845165371514108,11.187687922175122,11.411441680618625,12.530210472836139,-1058.3711670733715,11.261288868900742,11.07450410296092,11.167896485930832,1069.5588549955467
2025-06-17 00:00:00+05:30,24977.849609375,24982.05078125,24813.69921875,24853.400390625,242400,0.0,0.0,-124.44921875,-0.498238321938211,168.3515625,0.6740034275681289,24946.5,31.349609375,0.1256673656625178,-0.3731970792495986,24909.619921875,24841.459765625,24343.9518359375,373345.0,0.6492654247411911,0.6340773320180048,124.44921875,4.201171875,39.701171875,24850.0,24800.0,24750.0,24900.0,24950.0,25050.0,24900.0,24950.0,24800.0,24750.0,24650.0,0.9958395877827646,1.003886776370908,1.003886776370908,0.9958395877827646,0.0317038666009002,0.6492654247411911,0.1865985396247993,23055,21518,16138,17214,11893,13320,3568,5328,54654,57380,112034,1.049877410619534,1.5,-38237.0,-18650.0,-19587.0,-25.44536204590373,0,0,24750.0,24650.0,24950.0,25050.0,112744.38219815306,1207.8798714021411,10.595283217864617,7.413305685825633,905.9099035516059,9.004294451845125,8.644122673771319,9.724638007992736,10.08480978606654,9.004294451845125,7.92377911762371,9.004294451845125,9.184380340882027,10.08480978606654,-997.5622650499392,8.412677544878147,8.97861441926108,8.695645982069614,1006.5665595017844
2025-06-18 00:00:00+05:30,24788.349609375,24947.55078125,24750.44921875,24812.05078125,237600,0.0,0.0,23.701171875,0.0956141584594892,197.1015625,0.7951378998844514,24853.400390625,-65.05078125,-0.2617379522624112,-0.1663740523433432,24843.75,24841.38984375,24375.190859375,368590.0,0.6446186820043951,0.6248082027113904,23.701171875,135.5,37.900390625,24800.0,24750.0,24700.0,24850.0,24900.0,25000.0,24850.0,24900.0,24750.0,24700.0,24600.0,0.9954840177364672,1.0035446170703657,1.0035446170703657,0.9954840177364672,0.0312404101355695,0.6446186820043951,0.0831870261716716,22268,20784,15588,16627,11482,12860,3445,5144,52783,55415,108198,1.049864539719228,1.5,-3836.0,-1871.0,-1965.0,-3.4239605833943267,0,0,24700.0,24600.0,24900.0,25000.0,108874.02997916966,1190.2227274710515,9.405058470737888,8.69638608827426,892.6670456032888,9.050722279506074,8.68869338832583,9.77478006186656,10.136808953046804,9.050722279506074,7.964635605965345,9.050722279506074,9.231736725096196,10.136808953046804,-982.8015506130369,9.177729998029482,8.984977649307346,9.081353823668415,991.8522728925429
2025-06-19 00:00:00+05:30,24803.25,24863.099609375,24733.400390625,24793.25,274600,0.0,0.0,-10.0,-0.0403172971284005,129.69921875,0.5229121939665164,24812.05078125,-8.80078125,-0.0354697857407682,-0.075772782410266,24824.76015625,24850.5673828125,24412.966875,362155.0,0.7582388756195552,0.5946556517302377,10.0,59.849609375,59.849609375,24800.0,24750.0,24700.0,24850.0,24900.0,25000.0,24850.0,24900.0,24750.0,24700.0,24600.0,0.9962388956671676,1.0043056073729746,1.0043056073729746,0.9962388956671676,0.0297327825865118,0.7582388756195552,0.037886391205133,24494,22861,17146,18289,12611,14124,3783,5650,58034,60924,118958,1.0497983940448703,1.5,10760.0,5251.0,5509.0,9.944730956209913,0,1,24700.0,24600.0,24900.0,25000.0,119665.39047018527,1132.7838985420165,8.430927725684409,5.734198208302715,849.5879239065124,8.0,7.68,8.64,8.96,8.0,7.04,8.0,8.16,8.96,-935.9865821183471,7.455077606134751,8.087883014928979,7.771480310531865,943.9865821183471
2025-06-20 00:00:00+05:30,24787.650390625,25136.19921875,24783.650390625,25112.400390625,574700,0.0,0.0,324.75,1.310128208532522,352.548828125,1.4222761035000653,24793.25,-5.599609375,-0.0225852172466296,1.287247095983779,24903.5203125,24863.5298828125,24471.982890625,377365.0,1.5229287294794165,0.6227906229200598,324.75,23.798828125,4.0,25100.0,25050.0,25000.0,25150.0,25200.0,25300.0,25150.0,25200.0,25050.0,25000.0,24900.0,0.99552410805512,1.003488300919561,1.003488300919561,0.99552410805512,0.0311395311460029,1.5229287294794165,0.6436235479918895,53688,50108,37582,40086,27680,31001,8304,12400,127254,133595,260849,1.049829474908451,1.5,141891.0,69220.0,72671.0,119.27823265354158,0,0,25000.0,24900.0,25200.0,25300.0,262473.5431119807,1186.3793571188266,10.595986431399975,15.485976924483902,889.7845178391201,13.04098167794194,12.519342410824262,14.084260212177295,14.605899479294974,13.04098167794194,11.476063876588906,13.04098167794194,13.301801311500778,14.605899479294974,-975.608482587747,13.48829021051027,14.51921269551173,14.003751453010999,988.6494642656888
2025-06-23 00:00:00+05:30,24939.75,25057.0,24824.849609375,24971.900390625,248500,0.0,0.0,32.150390625,0.1289122410008119,232.150390625,0.9308448987058812,25112.400390625,-172.650390625,-0.6875105045292847,-0.559484548726974,24908.600390625,24862.0673828125,24520.70390625,374650.0,0.6632857333511277,0.6234596493177189,32.150390625,85.099609375,114.900390625,24950.0,24900.0,24850.0,25000.0,25050.0,25150.0,25000.0,25050.0,24900.0,24850.0,24750.0,0.9951184976426238,1.0031274996357231,1.0031274996357231,0.9951184976426238,0.0311729824658859,0.6632857333511277,0.279742274363487,23239,21690,16267,17352,11982,13420,3595,5368,55083,57830,112913,1.049870195886208,1.5,-147936.0,-72171.0,-75765.0,-56.71327089618898,0,0,24850.0,24750.0,25050.0,25150.0,113616.96699383412,1187.6538128963216,10.176480295967854,10.205055851644772,890.7403596722414,10.190768073806314,9.78313735085406,11.00602951971082,11.413660242663074,10.190768073806314,8.967875904949556,10.190768073806314,10.39458343528244,11.413660242663074,-979.5207426731286,10.141346889261659,10.337204452352019,10.239275670806839,989.7115107469349
2025-06-24 00:00:00+05:30,25179.900390625,25317.69921875,24999.69921875,25044.349609375,450200,0.0,0.0,-135.55078125,-0.5383292989533365,318.0,1.2629120650469214,24971.900390625,208.0,0.8329362072823572,0.2901229686836259,24946.790234375,24872.97490234375,24573.607890625,370875.0,1.213886080215706,0.6043165178291501,135.55078125,137.798828125,44.650390625,25050.0,25000.0,24950.0,25100.0,25150.0,25250.0,25100.0,25150.0,25000.0,24950.0,24850.0,0.9962326987585384,1.0042185320151198,1.0042185320151198,0.9962326987585384,0.0302158258914575,1.213886080215706,0.1450614843418129,40809,38089,28566,30471,21021,23544,6306,9418,96702,101522,198224,1.0498438501789,1.5,85311.0,41619.0,43692.0,75.55463055626899,0,0,24950.0,24850.0,25150.0,25250.0,199421.90037430165,1151.1872779280125,9.62701368338292,13.857985534742854,863.3904584460093,11.742499609062886,11.27279962470037,12.681899577787918,13.151599562150434,11.742499609062886,10.33339965597534,11.742499609062886,11.977349601244144,13.151599562150434,-947.5802319976143,11.703395589600227,11.771636857421832,11.73751622351103,959.3227316066772
